sasdate,ypr,a0m051,cons_r,mtq,a0m059,ips10,ips11,ips299,ips12,ips13,ips18,ips25,ips32,ips34,ips38,ips43,ips307,ips306,pmp,utl11,lhel,lhelx,lhem,lhnag,lhur,lhu680,lhu5,lhu14,lhu15,lhu26,lhu27,claimuii,ces002,ces003,ces006,ces011,ces015,ces017,ces033,ces046,ces048,ces049,ces053,ces088,ces140,ces151,ces155,a0m001,pmemp,hsfr,hsne,hsmw,hssou,hswst,hsbr,hsbne,hsbmw,hsbsou,hsbwst,pmi,pmno,pmdel,pmnv,a1m008,a0m007,a0m027,a1m092,a0m070,a0m077,fm1,fm2,fmscu,fm2_r,fmfba,fmrra,fmrnba,fclnbw,fclbmc,ccinrv,ccipy,fspcom,fspin,fsdxp,fspxe,fyff,cp90,fygm3,fygm6,fygt1,fygt5,fygt10,fyaaac,fybaac,scp90,sfygm3,sfygm6,sfygt1,sfygt5,sfygt10,sfyaaac,sfybaac,exrus,exrsw,exrjan,exruk,exrcan,pwfsa,pwfcsa,pwimsa,pwcmsa,psccom,pw102,pmcp,punew,pu83,pu84,pu85,puc,pucd,pus,puxf,puxhs,puxm,gmdc,gmdcd,gmdcn,gmdcs,ces275,ces277,ces278,hhsntn
Transform:,5,5,5,5,5,5,5,5,5,5,5,5,5,5,5,5,5,5,1,2,2,2,5,5,2,2,5,5,5,5,5,5,5,5,5,5,5,5,5,5,5,5,5,5,5,1,2,1,1,4,4,4,4,4,4,4,4,4,4,1,1,1,1,5,5,5,5,5,2,6,6,6,5,6,6,6,6,1,6,2,5,5,2,5,2,2,2,2,2,2,2,2,2,1,1,1,1,1,1,1,1,5,5,5,5,5,6,6,6,6,6,6,1,6,6,6,6,6,6,6,6,6,6,6,6,6,6,6,6,6,2
01/01/1959,1876.0,1758.3,15.09553,207694.0,61163.0,24.5604,24.0391,23.5664,30.1603,18.4785,36.3196,11.0846,24.6388,16.0141,28.3993,22.3669,20.1633,45.4042,70.7,80.1973,32.0,0.583,63868.0,58387.0,6.0,16.3,1574.0,1169.0,1396.0,594.0,802.0,294.1,44376.0,18796.0,713.0,2993.0,14998.0,8740.0,6258.0,33685.0,10790.0,2588.2,5349.0,2418.0,8105.0,39.8,2.5,40.2,60.8,1657.0,350.0,452.0,505.0,350.0,1478.0,nan,nan,nan,nan,64.4,69.0,61.8,45.5,17328.0,51876.0,8210.0,148278.0,231.76,1.115,138.9,286.6,28.5,14.10954,40425.0,11112.0,10560.0,28567.0,0.9,48961.16,12.85,55.62,59.3,3.24,19.65,2.48,3.07702,2.82,3.09,3.36,4.01,4.02,4.12,4.87,0.5970199,0.3399999,0.6099999,0.8799999,1.53,1.54,1.64,2.39,105.17,4.3121,359.84,280.6465,0.9671,33.1,33.4,30.6,31.6,100.1,31.3,59.1,29.01,44.8,29.3,21.1,33.3,38.1,22.9,28.9,30.7,29.6,20.3125,45.49247,22.64805,15.38299,2.13,2.45,2.04,95.2
02/01/1959,1887.8,1769.1,15.26412,210629.0,61583.0,25.0414,24.3636,23.7706,30.3816,18.5755,36.6668,11.233,25.4191,16.7517,28.8965,22.778,20.1084,44.7858,70.3,81.4428,34.0,0.636,63684.0,58255.0,5.9,15.5,1554.0,1164.0,1277.0,545.0,732.0,286.2,44571.0,18890.0,704.2,2980.0,15115.0,8839.0,6276.0,33797.0,10830.0,2594.5,5379.8,2420.0,8116.0,39.7,2.6,40.3,62.5,1667.0,346.0,469.0,508.0,344.0,1542.0,nan,nan,nan,nan,66.9,70.5,67.3,55.5,18299.0,54197.0,9788.0,152080.0,232.88,1.104,139.4,287.7,28.6,14.16202,40605.0,11129.0,10624.0,28583.0,0.2,49513.71,12.91,54.77,58.33,3.32,19.43,2.43,2.92848,2.7,3.13,3.54,3.96,3.96,4.14,4.89,0.4984798,0.27,0.7,1.11,1.53,1.53,1.71,2.46,105.38,4.3134,359.84,280.9346,0.9748,33.2,33.4,30.7,31.4,99.3,31.5,66.6,29.0,44.7,29.4,21.2,33.3,38.1,23.0,28.9,30.7,29.6,20.3149,45.52127,22.65083,15.37003,2.13,2.46,2.05,95.8
03/01/1959,1903.4,1785.3,15.41907,213272.0,62028.0,25.4021,24.5111,23.8872,30.3816,18.9393,36.4932,11.3543,26.0794,17.4117,29.3307,23.1344,20.2456,45.9196,71.2,82.4769,36.0,0.702,64267.0,58590.0,5.6,15.3,1459.0,1093.0,1210.0,530.0,680.0,259.7,44884.0,19069.0,704.1,3013.0,15259.0,8965.0,6294.0,33947.0,10889.0,2603.8,5431.5,2430.0,8132.0,40.0,2.8,40.4,62.3,1620.0,330.0,413.0,503.0,374.0,1611.0,nan,nan,nan,nan,67.1,70.2,66.3,58.4,18648.0,55381.0,11058.0,156055.0,235.08,1.1,139.7,289.2,28.6,14.23621,40615.0,11081.0,10482.0,28820.0,2.8,50007.73,12.93,56.15,59.79,3.25,19.95,2.8,3.08919,2.8,3.13,3.61,3.99,3.99,4.13,4.85,0.2891901,0.0,0.3300002,0.8099999,1.19,1.19,1.33,2.05,105.23,4.3228,359.84,281.2708,0.9698,33.2,33.3,30.7,31.5,101.1,31.9,68.9,28.97,44.7,29.6,21.3,33.2,38.3,23.0,28.9,30.7,29.6,20.31439,45.64142,22.63557,15.36588,2.15,2.45,2.07,96.4
04/01/1959,1915.4,1797.4,15.36979,215848.0,61328.0,25.9432,24.865,24.2372,30.8609,19.0605,37.1007,11.651,26.7996,17.9358,30.239,23.6278,20.3279,45.7134,72.1,83.9922,38.0,0.789,64768.0,58875.0,5.2,14.9,1494.0,934.0,1039.0,408.0,631.0,246.1,45178.0,19269.0,705.2,3085.0,15385.0,9077.0,6308.0,34051.0,10920.0,2614.6,5393.7,2439.0,8142.0,40.1,2.9,40.5,63.6,1590.0,275.0,391.0,536.0,388.0,1539.0,nan,nan,nan,nan,66.9,66.9,64.8,63.4,18547.0,55870.0,10034.0,158376.0,238.73,1.104,139.7,290.1,28.6,14.25896,40694.0,11116.0,10424.0,29092.0,3.3,50463.43,12.95,57.1,60.92,3.26,20.1,2.96,3.15545,2.95,3.27,3.72,4.12,4.12,4.23,4.86,0.1954501,-0.01,0.3099999,0.76,1.16,1.16,1.27,1.9,105.02,4.3226,359.84,281.6531,0.9636,33.2,33.4,30.7,31.7,102.4,31.6,63.6,28.98,44.8,29.7,21.3,33.2,38.3,23.1,29.0,30.7,29.6,20.3451,45.6216,22.68106,15.39063,2.16,2.47,2.08,96.9
05/01/1959,1929.2,1812.3,15.56097,218780.0,62318.0,26.334,25.0715,24.4705,31.0084,19.4485,37.1007,12.0286,27.4899,18.5569,30.5107,23.9567,20.6296,44.8373,73.9,84.9159,38.0,0.81,64699.0,58907.0,5.1,14.7,1479.0,1005.0,965.0,390.0,575.0,248.0,45396.0,19378.0,710.0,3087.0,15487.0,9160.0,6327.0,34171.0,10965.0,2626.7,5454.8,2447.0,8153.0,40.3,2.9,40.7,64.8,1498.0,260.0,355.0,487.0,396.0,1513.0,nan,nan,nan,nan,68.2,69.9,63.0,63.8,18226.0,53458.0,10514.0,157808.0,239.53,1.093,140.7,292.2,28.7,14.36066,40731.0,11058.0,10317.0,29573.0,5.8,51007.24,12.99,57.96,62.09,3.21,20.09,2.9,3.20388,2.84,3.33,3.96,4.35,4.31,4.37,4.96,0.30388,-0.0600002,0.4299998,1.06,1.45,1.41,1.47,2.06,105.01,4.3228,359.84,281.4541,0.963,33.3,33.3,30.9,31.5,103.5,31.9,65.1,29.04,44.9,29.7,21.4,33.3,38.4,23.2,29.1,30.7,29.6,20.34725,45.70002,22.67227,15.39274,2.17,2.48,2.08,97.5
06/01/1959,1936.9,1819.2,15.62211,219483.0,62814.0,26.3641,25.2485,24.6455,30.8609,19.594,36.8403,12.3118,27.3098,18.4211,30.4192,23.9841,20.7394,44.8373,66.3,84.7686,40.0,0.865,64849.0,59137.0,5.0,14.9,1522.0,963.0,963.0,415.0,548.0,259.4,45535.0,19462.0,715.0,3100.0,15554.0,9209.0,6345.0,34216.0,10983.0,2633.2,5466.3,2454.0,8143.0,40.2,2.9,40.6,62.2,1503.0,254.0,343.0,518.0,388.0,1490.0,nan,nan,nan,nan,64.4,64.2,63.7,65.6,18291.0,55896.0,10708.0,158665.0,241.25,1.097,141.2,294.1,28.9,14.41726,40750.0,10972.0,10043.0,30042.0,5.6,51675.44,13.08,57.46,61.75,3.23,18.97,3.39,3.59552,3.21,3.52,4.07,4.5,4.34,4.46,5.04,0.2055199,-0.1800001,0.1299999,0.6800001,1.11,0.95,1.07,1.65,104.88,4.3114,359.84,281.2537,0.959,33.2,33.4,30.9,31.3,103.4,31.9,69.5,29.11,45.0,29.8,21.5,33.3,38.4,23.2,29.2,30.8,29.7,20.39916,45.8286,22.73486,15.42741,2.18,2.5,2.09,97.2
07/01/1959,1934.2,1816.3,15.57233,217969.0,62385.0,25.7328,25.278,24.8497,31.2665,19.982,37.1441,12.3387,25.6892,16.577,30.5634,23.5455,21.0137,43.8065,64.8,82.9798,42.0,0.883,65011.0,59447.0,5.1,14.3,1591.0,1047.0,889.0,394.0,495.0,265.5,45630.0,19529.0,725.3,3087.0,15623.0,9266.0,6357.0,34274.0,10993.0,2638.9,5470.0,2460.0,8173.0,39.8,2.8,40.3,59.0,1547.0,271.0,371.0,533.0,372.0,1452.0,nan,nan,nan,nan,61.5,61.3,59.1,62.0,18017.0,51574.0,10863.0,157228.0,242.64,1.111,141.7,295.2,28.8,14.44374,40896.0,11109.0,10148.0,30026.0,-0.2,52356.85,13.25,59.74,64.23,3.11,19.72,3.47,3.52042,3.2,3.82,4.39,4.58,4.4,4.47,5.08,0.05042,-0.27,0.3499999,0.9199998,1.11,0.9300001,0.9999998,1.61,105.12,4.3095,359.84,281.1653,0.9573,33.1,33.3,30.8,31.0,101.9,31.4,63.9,29.15,45.1,29.9,21.5,33.3,38.5,23.3,29.2,30.9,29.8,20.43792,45.83123,22.77315,15.46988,2.18,2.51,2.09,96.9
08/01/1959,1924.1,1806.8,15.67295,213329.0,62872.0,24.861,25.101,24.7914,31.3034,19.4243,37.578,12.2309,23.7385,14.5777,30.4508,22.6136,21.1508,44.5281,57.4,79.4676,40.0,0.826,64844.0,59402.0,5.2,13.7,1607.0,1113.0,889.0,407.0,482.0,293.5,45156.0,19049.0,667.0,3085.0,15202.0,8826.0,6376.0,34288.0,11019.0,2678.0,5487.5,2464.0,8181.0,40.0,2.9,40.4,53.6,1430.0,230.0,350.0,474.0,376.0,1465.0,nan,nan,nan,nan,55.1,54.4,57.4,50.9,17239.0,49082.0,10006.0,157010.0,244.12,1.142,141.9,296.4,28.9,14.48814,40992.0,11168.0,10177.0,30456.0,5.2,53038.53,13.47,59.4,63.74,3.14,19.09,3.5,3.58675,3.38,3.87,4.42,4.57,4.43,4.43,5.09,0.08675,-0.1199999,0.3699999,0.9200001,1.07,0.9299998,0.9299998,1.59,105.49,4.3145,359.84,280.9502,0.9546,33.0,33.1,30.8,30.7,102.0,31.4,57.6,29.18,45.2,29.9,21.6,33.3,38.4,23.4,29.3,30.9,29.8,20.45812,45.63092,22.8019,15.50829,2.17,2.53,2.07,96.7
09/01/1959,1925.7,1806.7,15.83168,212849.0,62736.0,24.831,24.983,24.7039,31.1927,18.8423,37.795,12.1365,23.7085,14.5194,30.4909,22.5588,21.5898,44.2189,50.9,79.0489,41.0,0.805,64770.0,59323.0,5.5,13.7,1602.0,1275.0,895.0,449.0,446.0,273.0,45189.0,19052.0,652.5,3051.0,15254.0,8873.0,6381.0,34376.0,11007.0,2659.7,5483.0,2470.0,8239.0,40.0,2.8,40.4,48.0,1540.0,242.0,362.0,560.0,376.0,1411.0,nan,nan,nan,nan,48.3,43.7,57.5,42.3,17214.0,50420.0,10863.0,159209.0,243.35,1.14,141.0,296.7,28.9,14.46624,41034.0,11128.0,10202.0,30646.0,2.3,53683.75,13.59,57.05,61.21,3.26,17.1,3.76,4.11041,4.04,4.7,5.0,4.9,4.68,4.52,5.18,0.3504102,0.28,0.9399998,1.24,1.14,0.9199998,0.76,1.42,105.46,4.325,360.1,280.3704,0.9517,33.4,33.6,30.8,30.9,101.9,31.9,61.6,29.25,45.3,30.0,21.7,33.5,38.5,23.5,29.3,31.0,29.9,20.50982,45.63182,22.87088,15.55253,2.17,2.54,2.08,96.4
10/01/1959,1929.1,1809.9,15.72364,213019.0,62605.0,24.6506,24.924,24.5872,31.0452,19.2788,37.3177,12.0421,23.4684,14.2865,29.922,22.3669,21.6447,43.9612,50.4,78.1537,40.0,0.758,64911.0,59556.0,5.7,12.9,1750.0,1292.0,883.0,436.0,447.0,313.1,45094.0,18925.0,655.6,3016.0,15158.0,8803.0,6355.0,34434.0,11010.0,2664.1,5492.8,2477.0,8265.0,39.6,2.8,40.1,47.3,1355.0,254.0,305.0,443.0,353.0,1358.0,nan,nan,nan,nan,49.7,50.0,58.5,39.1,17170.0,51373.0,10497.0,161108.0,243.86,1.142,140.5,296.5,28.8,14.42143,40903.0,11057.0,10150.0,30915.0,3.2,54365.95,13.71,57.0,61.04,3.26,17.04,3.98,4.368,4.05,4.53,4.8,4.72,4.53,4.57,5.28,0.388,0.0700002,0.5500002,0.8200002,0.7399998,0.5500002,0.5900002,1.3,105.33,4.3388,360.23,280.6265,0.9478,33.1,33.2,30.8,30.7,101.2,32.2,63.1,29.35,45.3,30.1,21.7,33.5,38.5,23.6,29.4,31.0,29.9,20.55968,45.59812,22.91881,15.61033,2.17,2.56,2.07,96.1
11/01/1959,1944.4,1822.4,15.72103,212766.0,60887.0,24.8009,24.6586,24.1789,30.3816,16.9023,37.8384,11.8533,24.3987,15.2376,29.9726,22.5313,21.7818,45.6619,51.9,78.5051,40.0,0.741,64530.0,59050.0,5.8,13.1,1745.0,1205.0,982.0,505.0,477.0,353.6,45351.0,19108.0,686.0,3025.0,15300.0,8922.0,6378.0,34527.0,11031.0,2669.7,5502.3,2483.0,8284.0,39.5,2.5,39.9,48.8,1416.0,246.0,326.0,500.0,344.0,1298.0,nan,nan,nan,nan,50.6,51.1,54.6,43.4,16815.0,48488.0,9869.0,160778.0,243.6,1.142,140.4,297.1,28.8,14.44504,40822.0,11052.0,10194.0,31076.0,1.9,54794.81,13.7,57.23,61.46,3.24,17.15,4.0,4.35666,4.15,4.54,4.81,4.75,4.53,4.56,5.26,0.3566599,0.1500001,0.54,0.8099999,0.75,0.5300002,0.5599999,1.26,105.41,4.3404,360.23,280.2676,0.9504,33.0,33.1,30.9,30.5,100.5,33.1,65.1,29.35,45.3,30.1,21.8,33.5,38.5,23.6,29.4,31.0,29.9,20.56761,45.72518,22.89755,15.6417,2.17,2.57,2.07,95.8
12/01/1959,1963.3,1842.4,15.69736,219454.0,61338.0,26.334,25.3959,24.7622,31.3771,19.0606,37.9685,12.0286,27.0097,18.0328,30.7167,24.0663,21.8641,45.0434,61.7,83.5682,40.0,0.812,65341.0,59883.0,5.3,13.1,1657.0,1122.0,920.0,453.0,467.0,277.2,45807.0,19425.0,694.5,3058.0,15573.0,9189.0,6384.0,34750.0,11084.0,2682.0,5526.5,2491.0,8368.0,40.0,2.7,40.3,54.8,1601.0,256.0,395.0,592.0,358.0,1394.0,nan,nan,nan,nan,58.2,62.8,53.7,49.1,18080.0,52932.0,10661.0,159361.0,247.07,1.124,140.0,297.8,28.8,14.4566,40880.0,11109.0,10168.0,31288.0,2.5,56010.68,13.85,59.06,63.56,3.18,17.63,3.99,4.57161,4.49,4.85,5.14,5.01,4.69,4.58,5.28,0.58161,0.4999998,0.8599999,1.15,1.02,0.7,0.5899999,1.29,105.45,4.3239,360.23,279.8445,0.9513,33.0,33.1,30.9,30.3,98.7,33.0,63.6,29.41,45.3,30.1,21.8,33.5,38.5,23.7,29.5,31.1,30.0,20.59958,45.67783,22.89494,15.68491,2.2,2.56,2.11,98.7
01/01/1960,1971.0,1852.5,15.73834,222317.0,62732.0,27.0254,26.0154,25.4914,32.3726,21.1461,38.1421,12.4736,27.79,18.751,31.1885,24.7242,21.6721,44.4766,71.9,85.5616,41.0,0.841,65347.0,59889.0,5.2,13.5,1638.0,1045.0,915.0,450.0,465.0,282.6,45967.0,19491.0,686.0,3021.0,15687.0,9289.0,6398.0,34783.0,11111.0,2678.0,5552.7,2496.0,8307.0,40.0,3.0,40.6,60.8,1460.0,274.0,358.0,506.0,322.0,1092.0,246.0,253.0,331.0,262.0,61.5,65.4,46.2,48.3,17752.0,50907.0,9802.0,154956.0,250.22,1.124,140.0,298.2,28.8,14.48072,40794.0,11081.0,10194.0,31433.0,1.7,56015.58,13.8,58.03,62.27,3.27,17.32,3.99,4.60254,4.35,4.74,5.03,4.92,4.72,4.61,5.34,0.61254,0.3599999,0.7499998,1.04,0.9300001,0.7299998,0.6200001,1.35,105.46,4.3268,360.36,279.9756,0.9532,33.1,33.2,30.8,30.4,99.6,33.5,63.8,29.37,45.3,30.0,21.9,33.5,38.5,23.7,29.6,31.1,29.9,20.5929,45.55235,22.87959,15.69853,2.22,2.57,2.13,101.7
02/01/1960,1972.1,1853.2,15.80623,220894.0,62474.0,26.785,25.8679,25.4039,32.0039,20.855,37.7516,12.5545,27.4299,18.4405,30.9974,24.5323,21.6447,44.9404,58.6,84.6108,41.0,0.913,65620.0,60177.0,4.8,13.1,1431.0,1034.0,841.0,412.0,429.0,272.6,46187.0,19605.0,690.9,3053.0,15765.0,9358.0,6407.0,34908.0,11145.0,2682.5,5576.5,2506.0,8326.0,39.7,2.8,40.3,57.2,1503.0,269.0,383.0,487.0,364.0,1088.0,232.0,256.0,305.0,295.0,52.3,52.5,31.7,56.6,17479.0,50791.0,10116.0,151233.0,252.7,1.141,139.9,298.5,28.8,14.48016,40666.0,10884.0,10074.0,31870.0,5.2,56364.63,13.86,55.78,59.6,3.44,16.61,3.97,4.41322,3.96,4.3,4.66,4.69,4.49,4.56,5.34,0.4432199,-0.01,0.3300002,0.6899998,0.72,0.5199997,0.5899999,1.37,105.42,4.3375,360.62,280.3289,0.9518,33.1,33.2,30.9,30.4,99.0,33.5,60.9,29.41,45.5,30.0,22.0,33.4,38.5,23.8,29.6,31.1,30.0,20.61441,45.68504,22.8955,15.72445,2.23,2.59,2.14,104.6
03/01/1960,1975.2,1854.0,16.0221,218935.0,62739.0,26.5445,25.7794,25.3747,32.0408,20.4428,38.0987,12.5815,26.9797,17.8581,31.0109,24.2308,22.4676,45.4042,52.4,83.2421,39.0,0.776,64673.0,59714.0,5.4,13.0,1666.0,1120.0,959.0,519.0,440.0,305.3,45933.0,19373.0,689.2,2881.0,15707.0,9301.0,6406.0,35085.0,11134.0,2686.9,5572.5,2513.0,8525.0,39.5,2.7,40.0,48.0,1109.0,146.0,206.0,428.0,329.0,955.0,166.0,189.0,273.0,327.0,47.8,52.2,28.8,50.7,17145.0,50284.0,9957.0,147849.0,255.0,1.162,139.8,299.4,28.8,14.50753,40616.0,10796.0,10155.0,32093.0,2.7,56862.88,13.95,55.02,58.71,3.51,16.48,3.84,4.34586,3.31,3.61,4.02,4.31,4.25,4.49,5.25,0.5058601,-0.53,-0.23,0.1800001,0.47,0.4100001,0.6499999,1.41,105.38,4.3368,360.62,280.5857,0.951,33.4,33.6,30.9,30.7,99.0,33.0,57.3,29.41,45.5,29.9,22.1,33.5,38.4,23.9,29.6,31.1,30.0,20.63756,45.48481,22.94218,15.74301,2.24,2.69,2.14,102.6
04/01/1960,1980.6,1859.4,16.27209,220369.0,64449.0,26.334,25.8384,25.4039,32.262,20.4185,38.4892,12.4466,26.3495,17.2176,30.7393,24.0389,22.4951,46.7957,49.8,82.2593,38.0,0.778,65959.0,60488.0,5.2,12.6,1735.0,1002.0,896.0,465.0,431.0,296.0,46278.0,19446.0,692.9,3004.0,15654.0,9242.0,6412.0,35366.0,11296.0,2695.0,5669.4,2520.0,8534.0,39.8,2.3,40.0,42.0,1289.0,218.0,288.0,466.0,317.0,1016.0,189.0,244.0,286.0,297.0,45.3,52.0,28.9,45.5,17237.0,49745.0,10384.0,145270.0,254.49,1.152,139.6,300.1,28.8,14.49046,40621.0,10767.0,10161.0,32293.0,2.4,57711.4,14.07,55.73,59.46,3.47,16.67,3.92,3.96307,3.23,3.55,4.04,4.29,4.28,4.45,5.2,0.0430698,-0.6900001,-0.3700001,0.1199999,0.3699999,0.3600001,0.5299997,1.28,105.67,4.3387,360.23,280.9495,0.963,33.4,33.6,30.8,30.8,100.9,32.9,60.4,29.54,45.6,29.9,22.2,33.6,38.3,23.9,29.6,31.2,30.1,20.71018,45.53248,23.06186,15.7803,2.24,2.61,2.14,100.6
05/01/1960,1985.1,1863.6,15.94172,216272.0,62779.0,26.304,25.9859,25.5789,32.4463,20.6125,38.6194,12.4871,26.1094,16.9846,30.7874,23.9019,22.2207,45.5073,45.0,81.4711,38.0,0.789,66057.0,60698.0,5.1,11.9,1718.0,1074.0,797.0,408.0,389.0,318.1,46040.0,19374.0,685.8,3021.0,15575.0,9169.0,6406.0,35098.0,11173.0,2691.9,5595.4,2523.0,8432.0,39.7,2.6,40.1,42.5,1271.0,215.0,298.0,458.0,300.0,1052.0,224.0,240.0,302.0,286.0,42.6,45.8,32.3,42.5,17030.0,50292.0,10385.0,143826.0,255.83,1.18,139.6,300.9,28.8,14.51102,40639.0,10840.0,10344.0,32591.0,3.6,57951.03,14.08,55.22,58.84,3.51,15.98,3.85,4.08154,3.29,3.58,4.21,4.49,4.35,4.46,5.28,0.2315402,-0.5599999,-0.27,0.3600001,0.6399999,0.5,0.6100001,1.43,106.14,4.3245,360.49,280.6006,0.978,33.4,33.6,30.8,30.8,101.3,32.9,57.0,29.57,45.7,29.8,22.2,33.6,38.2,24.0,29.6,31.3,30.1,20.73597,45.60234,23.0561,15.83551,2.24,2.64,2.14,98.6
06/01/1960,1985.5,1862.1,15.94014,216696.0,63197.0,25.9733,25.6909,25.2872,32.2251,20.3943,38.4025,12.3253,25.6892,16.4411,30.8144,23.6278,22.3579,45.3011,48.5,80.2236,37.0,0.728,66168.0,60752.0,5.4,11.9,1738.0,1182.0,854.0,458.0,396.0,323.8,45915.0,19240.0,682.0,2999.0,15466.0,9078.0,6388.0,35107.0,11163.0,2687.0,5593.3,2528.0,8432.0,39.5,2.4,39.9,39.7,1247.0,208.0,323.0,408.0,308.0,958.0,176.0,213.0,285.0,284.0,44.4,49.2,34.8,43.9,17163.0,51255.0,10302.0,143180.0,256.11,1.179,139.6,302.3,28.8,14.57422,40689.0,10885.0,10451.0,33011.0,5.0,58387.06,14.18,57.26,61.06,3.4,16.04,3.32,3.70689,2.46,2.74,3.36,4.12,4.15,4.45,5.26,0.3868902,-0.8599999,-0.5799999,0.04,0.8,0.8300002,1.13,1.94,106.33,4.3151,361.27,280.2676,0.9824,33.4,33.6,30.9,30.4,100.6,32.6,52.6,29.61,45.7,29.8,22.2,33.6,38.1,24.0,29.6,31.3,30.1,20.74211,45.3918,23.05205,15.8743,2.24,2.64,2.14,98.2
07/01/1960,1986.2,1863.1,15.9708,215346.0,62549.0,25.8831,25.5434,25.1414,31.9301,19.6183,38.4893,12.1769,25.7192,16.5382,30.5589,23.5729,22.5774,46.4349,48.2,79.7275,36.0,0.696,65909.0,60367.0,5.5,12.6,1709.0,1184.0,921.0,521.0,400.0,337.7,45861.0,19170.0,663.1,3002.0,15413.0,9035.0,6378.0,35133.0,11158.0,2688.7,5595.8,2536.0,8442.0,39.6,2.4,39.9,42.1,1197.0,198.0,306.0,394.0,299.0,999.0,219.0,224.0,268.0,288.0,43.7,45.7,35.8,41.9,17078.0,49564.0,9957.0,140927.0,256.7,1.19,140.2,304.1,28.7,14.6326,40794.0,10994.0,10615.0,32993.0,-0.2,58746.71,14.23,55.84,59.25,3.49,15.65,3.23,3.14441,2.3,2.71,3.2,3.79,3.9,4.41,5.22,-0.0855901,-0.9300001,-0.52,-0.03,0.5599999,0.6700001,1.18,1.99,106.05,4.3136,359.32,280.8418,0.9785,33.5,33.7,30.8,30.4,100.7,32.5,49.9,29.55,45.8,29.8,22.3,33.5,38.1,24.1,29.7,31.3,30.1,20.78237,45.40466,23.09382,15.91605,2.24,2.66,2.14,97.9
08/01/1960,1984.6,1859.8,15.95328,215406.0,62555.0,25.853,25.4844,25.1414,32.0039,19.8365,38.4893,12.0151,25.5992,16.4411,30.3984,23.4633,22.6597,46.0742,50.3,79.0505,35.0,0.658,65895.0,60375.0,5.6,12.2,1746.0,1287.0,927.0,517.0,410.0,366.1,45800.0,19105.0,682.8,2973.0,15360.0,9007.0,6353.0,35167.0,11157.0,2712.0,5590.9,2543.0,8472.0,39.3,2.4,39.7,43.6,1344.0,229.0,283.0,479.0,353.0,994.0,208.0,230.0,270.0,286.0,47.6,55.6,38.0,39.1,17527.0,52638.0,9939.0,142021.0,257.23,1.192,141.3,306.9,28.7,14.73967,40895.0,11078.0,10782.0,32840.0,-1.8,58947.15,14.27,56.51,59.96,3.43,16.45,2.98,3.1833,2.3,2.59,2.95,3.62,3.8,4.28,5.08,0.2033,-0.6800001,-0.3900001,-0.03,0.6399999,0.8199999,1.3,2.1,105.76,4.3106,358.81,281.0237,0.9699,33.4,33.6,30.8,29.8,100.5,32.5,50.6,29.61,45.8,29.8,22.3,33.6,38.1,24.1,29.7,31.3,30.2,20.82136,45.48707,23.14345,15.94171,2.25,2.68,2.15,97.5
09/01/1960,1987.6,1860.4,16.02785,217412.0,62689.0,25.5825,25.278,24.9956,31.8564,19.594,38.3591,11.9072,25.179,16.2276,30.1839,23.2166,22.8517,46.0742,50.0,77.9187,34.0,0.649,66267.0,60512.0,5.5,12.9,1677.0,1213.0,982.0,516.0,466.0,353.8,45734.0,19057.0,678.3,2959.0,15330.0,8985.0,6345.0,35171.0,11140.0,2696.6,5589.7,2549.0,8494.0,39.1,2.3,39.4,40.2,1097.0,194.0,292.0,384.0,227.0,984.0,205.0,220.0,264.0,295.0,45.4,50.5,37.3,40.8,17441.0,52384.0,9920.0,142553.0,258.57,1.187,141.2,308.4,28.8,14.80096,41040.0,11147.0,10932.0,32956.0,1.4,59364.65,14.33,54.81,57.96,3.55,16.34,2.6,3.16607,2.48,2.83,3.07,3.61,3.8,4.25,5.01,0.5660701,-0.1199999,0.23,0.47,1.01,1.2,1.65,2.41,105.82,4.3069,358.81,281.2715,0.9726,33.4,33.7,30.8,30.0,98.9,32.5,48.4,29.61,45.9,29.6,22.4,33.6,37.9,24.2,29.7,31.3,30.2,20.83648,45.2831,23.16223,15.98986,2.26,2.68,2.16,96.1
10/01/1960,1992.8,1865.8,16.10535,215994.0,62891.0,25.5524,25.4255,25.1122,32.1883,19.8123,38.7496,11.8128,25.089,16.0335,30.0018,23.1892,22.8791,46.3319,51.2,77.5287,32.0,0.558,65632.0,60196.0,6.1,13.5,1766.0,1282.0,1189.0,623.0,566.0,375.7,45642.0,18952.0,677.2,2956.0,15231.0,8902.0,6329.0,35192.0,11134.0,2691.9,5595.3,2548.0,8502.0,39.4,2.4,39.7,43.7,1246.0,286.0,272.0,386.0,302.0,972.0,196.0,232.0,263.0,281.0,46.0,50.1,36.2,39.7,17112.0,48589.0,9655.0,140114.0,257.78,1.191,140.9,309.5,28.8,14.83611,41097.0,11216.0,11049.0,32996.0,0.5,59628.99,14.34,53.73,56.9,3.6,16.11,2.47,3.02514,2.3,2.73,3.04,3.76,3.89,4.3,5.11,0.55514,-0.1700001,0.26,0.5699999,1.29,1.42,1.83,2.64,106.01,4.3083,358.81,281.1582,0.9787,33.7,34.0,30.8,30.2,98.2,32.2,45.0,29.75,46.0,29.6,22.4,33.7,37.9,24.2,29.7,31.4,30.3,20.86127,45.18949,23.19396,16.01125,2.27,2.69,2.16,94.8
11/01/1960,1983.6,1854.1,16.04783,214622.0,62473.0,25.1917,25.16,24.8206,31.5983,19.1575,38.3591,11.7859,24.4288,15.3541,29.6877,22.7506,22.9614,45.6103,45.6,75.7724,32.0,0.548,66109.0,60596.0,6.1,13.9,1718.0,1367.0,1223.0,673.0,550.0,387.6,45446.0,18799.0,666.3,2936.0,15112.0,8802.0,6310.0,35163.0,11092.0,2687.1,5573.6,2557.0,8516.0,39.0,2.1,39.3,43.0,1246.0,302.0,277.0,391.0,276.0,979.0,205.0,223.0,274.0,277.0,44.3,48.2,37.6,41.7,16885.0,48792.0,9338.0,138903.0,257.87,1.199,140.9,310.9,28.8,14.85084,41130.0,11299.0,11166.0,33118.0,1.5,59874.01,14.42,55.47,58.89,3.51,17.26,2.44,3.10419,2.37,2.66,3.08,3.81,3.93,4.31,5.08,0.6641901,-0.0700002,0.22,0.6399999,1.37,1.49,1.87,2.64,106.01,4.3074,359.97,281.3516,0.9769,33.7,34.0,30.7,30.2,97.6,31.8,46.9,29.78,45.9,29.6,22.5,33.8,37.8,24.3,29.7,31.5,30.3,20.93485,45.46317,23.26455,16.06164,2.26,2.69,2.15,93.4
12/01/1960,1973.2,1841.8,15.85348,213978.0,61795.0,24.7107,24.806,24.4997,31.3771,18.5028,38.3157,11.5162,23.7685,14.6359,29.6055,22.3669,23.0437,45.9196,47.5,74.2557,30.0,0.482,65778.0,60156.0,6.6,12.4,2102.0,1468.0,1142.0,588.0,554.0,383.9,45146.0,18548.0,658.0,2862.0,14947.0,8681.0,6266.0,35195.0,11061.0,2683.7,5562.7,2560.0,8597.0,38.0,2.0,38.4,40.7,1063.0,145.0,247.0,352.0,319.0,951.0,169.0,238.0,280.0,264.0,44.3,47.5,40.4,39.3,16653.0,49476.0,10262.0,137979.0,254.49,1.187,140.7,312.4,28.7,14.9216,40977.0,11247.0,11172.0,33018.0,-1.2,60025.31,14.53,56.8,60.22,3.41,18.71,1.98,3.09656,2.25,2.5,2.86,3.67,3.84,4.35,5.1,1.11656,0.27,0.52,0.8799999,1.69,1.86,2.37,3.12,106.19,4.3056,359.58,280.7371,0.9825,33.6,33.8,30.7,30.3,96.4,31.4,46.6,29.81,45.9,29.7,22.6,33.9,37.9,24.3,29.8,31.6,30.4,20.93609,45.10512,23.30154,16.07349,2.27,2.71,2.16,93.9
01/01/1961,1991.7,1858.9,15.89426,208591.0,61259.0,24.7408,24.7765,24.4414,31.119,17.8238,38.4459,11.5971,23.9786,14.8106,29.7239,22.3943,23.2907,46.3319,47.3,74.1095,30.0,0.476,65776.0,60354.0,6.6,13.7,1884.0,1477.0,1328.0,688.0,640.0,396.0,45119.0,18508.0,652.4,2909.0,14863.0,8592.0,6271.0,35175.0,11054.0,2679.4,5564.2,2565.0,8564.0,39.2,2.1,39.3,39.7,1183.0,148.0,311.0,430.0,294.0,969.0,172.0,236.0,275.0,286.0,43.9,47.2,39.2,40.5,16031.0,46773.0,9793.0,137556.0,253.97,1.214,141.1,314.1,28.7,15.00166,40960.0,11324.0,11259.0,32999.0,-0.2,60671.85,14.55,59.72,63.2,3.28,19.25,1.45,2.82732,2.24,2.47,2.81,3.67,3.84,4.32,5.1,1.37732,0.79,1.02,1.36,2.22,2.39,2.87,3.65,106.46,4.3066,358.94,280.6399,0.9931,33.6,33.8,30.6,30.4,97.6,31.0,49.1,29.84,46.0,29.7,22.6,33.8,37.8,24.4,29.8,31.6,30.4,20.93768,45.28118,23.29295,16.06428,2.27,2.72,2.16,94.4
02/01/1961,1999.7,1859.4,15.95851,209791.0,61215.0,24.7107,24.806,24.4414,31.3033,17.7268,38.7062,11.4892,23.7985,14.5777,29.8614,22.2846,23.2906,48.2388,49.2,73.512,30.0,0.46,65588.0,60116.0,6.9,13.6,2037.0,1407.0,1416.0,751.0,665.0,432.6,44969.0,18418.0,646.3,2888.0,14801.0,8532.0,6269.0,35138.0,11004.0,2673.7,5534.0,2567.0,8587.0,39.3,2.1,39.4,34.2,1226.0,226.0,268.0,444.0,288.0,961.0,176.0,251.0,258.0,276.0,43.6,48.7,41.1,36.6,16007.0,48044.0,9854.0,138044.0,253.03,1.202,141.6,316.5,28.7,15.10716,40945.0,11229.0,11096.0,32966.0,-0.4,60310.13,14.39,62.17,65.71,3.13,19.41,2.54,2.89831,2.42,2.6,2.93,3.66,3.78,4.27,5.07,0.35831,-0.1199999,0.0599999,0.3900001,1.12,1.24,1.73,2.53,106.43,4.3208,358.94,279.99,0.9898,33.7,34.0,30.7,30.5,99.5,31.0,50.3,29.84,46.0,29.8,22.7,33.8,37.9,24.4,29.9,31.6,30.4,20.95033,45.21477,23.30822,16.07108,2.27,2.72,2.16,94.9
03/01/1961,2008.0,1868.6,16.15378,213105.0,61773.0,24.861,24.924,24.4706,31.3033,17.7268,38.7062,11.4757,24.0086,14.5971,30.454,22.4491,22.9889,45.765,55.4,73.8637,30.0,0.458,65850.0,60444.0,6.9,14.1,1863.0,1476.0,1463.0,769.0,694.0,381.5,45051.0,18438.0,644.6,2910.0,14802.0,8527.0,6275.0,35224.0,11028.0,2672.3,5576.8,2567.0,8611.0,39.2,2.1,39.5,42.2,1312.0,227.0,314.0,428.0,343.0,1000.0,201.0,229.0,282.0,288.0,49.1,55.2,42.1,38.9,17004.0,48200.0,9863.0,137381.0,251.77,1.178,141.9,318.3,28.7,15.19923,40851.0,11108.0,11038.0,33111.0,1.7,60455.46,14.38,64.12,67.83,3.03,20.06,2.02,2.92678,2.39,2.54,2.88,3.6,3.74,4.22,5.02,0.90678,0.3700001,0.52,0.8600001,1.58,1.72,2.2,3.0,105.7,4.3208,358.94,279.75,0.9875,33.6,33.8,30.8,30.3,101.4,31.0,50.2,29.84,46.0,29.8,22.7,33.8,37.9,24.4,29.9,31.6,30.4,20.94185,45.34505,23.27353,16.07916,2.27,2.74,2.16,96.0
04/01/1961,2012.1,1874.5,16.16235,212701.0,61394.0,25.3721,25.3075,24.8789,32.0407,19.012,39.0534,11.5971,24.7289,15.2765,30.8538,22.9699,23.4278,45.8165,61.7,75.3829,30.0,0.455,65374.0,60337.0,7.0,15.5,1729.0,1427.0,1598.0,796.0,802.0,383.8,44997.0,18432.0,639.6,2883.0,14825.0,8552.0,6273.0,35194.0,10989.0,2667.2,5513.1,2573.0,8629.0,39.1,2.2,39.5,53.2,1166.0,228.0,245.0,415.0,278.0,1002.0,205.0,213.0,292.0,292.0,57.6,67.7,47.5,41.3,17254.0,51064.0,9766.0,138906.0,251.77,1.181,142.1,319.9,28.7,15.28455,40823.0,11123.0,11066.0,33079.0,-0.4,60075.87,14.27,65.83,69.64,2.95,20.82,1.49,2.77978,2.29,2.47,2.88,3.57,3.78,4.25,5.01,1.28978,0.8,0.98,1.39,2.08,2.29,2.76,3.52,105.75,4.3249,360.75,279.8101,0.989,33.4,33.6,30.7,30.2,102.4,31.1,51.8,29.81,45.9,29.8,22.8,33.8,37.9,24.5,29.8,31.6,30.4,20.92963,45.42351,23.19347,16.10978,2.29,2.76,2.18,97.0
05/01/1961,2026.7,1884.9,16.26189,215201.0,61718.0,25.7629,25.4844,25.083,32.4095,19.6183,39.3137,11.6106,25.4792,15.9947,31.2879,23.3262,24.0588,46.1257,66.6,76.356,32.0,0.474,65449.0,60350.0,7.1,15.6,1748.0,1432.0,1686.0,827.0,859.0,360.5,45119.0,18523.0,639.7,2866.0,14932.0,8657.0,6275.0,35260.0,10992.0,2671.3,5533.8,2580.0,8664.0,39.3,2.2,39.7,56.3,1228.0,230.0,269.0,461.0,268.0,1027.0,219.0,222.0,290.0,296.0,58.9,64.8,47.9,44.0,17541.0,51576.0,9514.0,139925.0,252.2,1.169,142.7,322.2,28.7,15.38745,40791.0,11035.0,10940.0,33020.0,-0.7,60179.69,14.18,66.5,70.34,2.92,21.06,1.98,2.63179,2.29,2.45,2.87,3.47,3.71,4.27,5.01,0.6517899,0.3099999,0.47,0.8899999,1.49,1.73,2.29,3.03,105.81,4.3288,361.93,279.3997,0.9876,33.3,33.4,30.6,29.9,101.8,31.5,55.0,29.84,46.0,30.0,22.8,33.8,38.0,24.5,29.9,31.6,30.4,20.93914,45.51493,23.18446,16.12586,2.3,2.77,2.19,98.1
06/01/1961,2047.2,1901.1,16.3017,219173.0,61897.0,26.1236,25.7499,25.3164,32.7782,20.2731,39.4873,11.705,25.8693,16.3829,31.5999,23.6826,23.7021,44.7342,65.3,77.3241,32.0,0.486,65993.0,60773.0,6.9,16.2,1841.0,1419.0,1651.0,723.0,928.0,336.2,45289.0,18618.0,642.4,2907.0,14981.0,8688.0,6293.0,35359.0,11009.0,2670.4,5550.0,2587.0,8688.0,39.6,2.3,40.0,55.1,1382.0,263.0,283.0,494.0,342.0,1070.0,221.0,220.0,305.0,324.0,58.1,64.0,49.3,42.0,18025.0,52652.0,10061.0,140292.0,252.13,1.147,142.9,324.3,28.7,15.48015,40902.0,11087.0,11024.0,32955.0,-0.8,60334.75,14.07,65.62,69.48,2.99,21.32,1.73,2.74984,2.33,2.54,3.06,3.81,3.88,4.33,5.03,1.01984,0.5999999,0.8099999,1.33,2.08,2.15,2.6,3.3,106.34,4.3208,361.93,278.98,1.0053,33.3,33.4,30.5,29.5,98.9,31.7,50.0,29.84,46.0,30.1,22.9,33.8,38.1,24.5,30.0,31.6,30.4,20.94941,45.64401,23.14121,16.16442,2.31,2.79,2.2,98.2
07/01/1961,2052.8,1905.6,16.25283,217494.0,62193.0,26.4242,25.9564,25.4914,33.0731,20.6368,39.6608,11.7724,26.2294,16.7905,31.7741,23.9841,23.6198,48.0326,64.3,78.1087,33.0,0.496,65608.0,60455.0,7.0,17.3,1789.0,1356.0,1830.0,839.0,991.0,350.9,45400.0,18640.0,642.5,2883.0,15029.0,8735.0,6294.0,35484.0,11044.0,2678.5,5562.7,2592.0,8724.0,39.6,2.5,40.0,54.1,1335.0,259.0,269.0,482.0,325.0,1083.0,237.0,228.0,308.0,310.0,58.2,64.5,49.4,45.3,17476.0,51871.0,10526.0,141017.0,252.35,1.157,142.9,325.6,28.8,15.50892,40980.0,11124.0,11070.0,33012.0,0.7,60395.98,14.01,65.44,69.15,2.99,21.44,1.17,2.54514,2.24,2.45,2.92,3.84,3.92,4.41,5.09,1.37514,1.07,1.28,1.75,2.67,2.75,3.24,3.92,107.16,4.3161,362.06,278.74,1.0341,33.3,33.5,30.5,29.7,99.4,31.9,50.9,29.92,46.1,30.3,22.9,33.9,38.2,24.5,30.0,31.7,30.5,20.99437,45.63164,23.21493,16.19139,2.32,2.77,2.21,98.4
08/01/1961,2053.9,1913.5,16.31141,222465.0,62651.0,26.6647,26.1334,25.6664,33.2944,20.6853,40.008,11.8263,26.7396,17.1399,32.3768,24.313,24.1685,47.2596,68.4,78.9783,34.0,0.538,65852.0,60486.0,6.6,17.0,1701.0,1387.0,1649.0,749.0,900.0,318.0,45535.0,18725.0,644.5,2902.0,15093.0,8787.0,6306.0,35574.0,11047.0,2692.5,5563.7,2599.0,8764.0,39.7,2.5,40.1,58.3,1312.0,234.0,259.0,503.0,316.0,1159.0,301.0,225.0,319.0,314.0,60.7,62.9,50.6,54.5,18439.0,54998.0,11021.0,142135.0,254.43,1.141,143.5,327.6,28.9,15.59129,41227.0,11234.0,11169.0,33131.0,1.4,60619.48,14.05,67.79,71.69,2.91,22.18,2.0,2.70437,2.39,2.66,3.06,3.96,4.04,4.45,5.11,0.70437,0.3900001,0.6600001,1.06,1.96,2.04,2.45,3.11,107.07,4.3172,362.06,280.2898,1.0316,33.4,33.5,30.5,30.5,100.0,31.9,52.2,29.94,46.1,30.4,23.0,33.9,38.3,24.6,30.0,31.7,30.5,21.01174,45.66383,23.22841,16.20959,2.33,2.78,2.22,98.5
09/01/1961,2057.1,1918.3,16.4019,223983.0,63293.0,26.6347,26.0744,25.5497,32.7413,19.5213,39.791,12.0016,26.7996,17.3728,32.2622,24.1211,24.3057,45.5073,66.8,78.1562,35.0,0.555,65541.0,60520.0,6.7,16.1,1859.0,1297.0,1531.0,686.0,845.0,331.8,45591.0,18730.0,646.8,2918.0,15080.0,8779.0,6301.0,35657.0,11052.0,2686.1,5561.8,2604.0,8796.0,39.2,2.6,39.5,61.1,1429.0,305.0,286.0,510.0,328.0,1098.0,226.0,235.0,315.0,322.0,63.0,69.5,50.7,56.3,18252.0,54208.0,10404.0,142136.0,255.99,1.14,143.8,329.5,29.0,15.66342,41417.0,11289.0,11251.0,33214.0,1.0,60883.09,14.07,67.26,70.89,2.93,21.15,1.88,2.76539,2.28,2.68,3.06,3.9,3.98,4.45,5.12,0.8853899,0.4,0.8000001,1.18,2.02,2.1,2.57,3.24,107.03,4.3165,362.06,281.22,1.0309,33.3,33.5,30.5,30.3,99.4,32.0,53.9,29.98,46.2,30.5,23.1,33.9,38.3,24.6,30.1,31.7,30.5,21.03628,45.80602,23.23234,16.23717,2.32,2.8,2.2,97.9
10/01/1961,2077.0,1938.2,16.50308,226101.0,63166.0,27.1457,26.5168,26.0455,33.6262,20.6125,40.4853,11.9881,27.2798,17.4699,33.1384,24.6145,24.58,47.6718,66.3,79.5528,37.0,0.6,65919.0,60716.0,6.5,15.9,1811.0,1288.0,1481.0,659.0,822.0,306.4,45716.0,18805.0,642.1,2935.0,15143.0,8818.0,6325.0,35716.0,11064.0,2690.8,5571.0,2608.0,8805.0,39.9,2.7,40.3,58.2,1415.0,263.0,292.0,511.0,349.0,1123.0,235.0,228.0,325.0,335.0,62.2,68.3,52.4,56.7,18365.0,54653.0,10514.0,142553.0,256.19,1.13,144.1,331.1,29.1,15.73936,41651.0,11413.0,11342.0,33215.0,0.0,61158.22,14.0,68.0,71.42,2.91,21.31,2.26,2.73718,2.3,2.66,3.05,3.8,3.92,4.42,5.13,0.47718,0.04,0.4000001,0.79,1.54,1.66,2.16,2.87,106.99,4.3228,362.06,281.5398,1.0305,33.3,33.4,30.4,30.3,98.6,31.7,55.5,29.98,46.2,30.5,23.1,33.9,38.3,24.7,30.1,31.7,30.5,21.03643,45.75447,23.20923,16.24858,2.34,2.8,2.23,97.4
11/01/1961,2096.8,1957.5,16.66171,229247.0,64349.0,27.5666,26.9592,26.5705,34.2161,21.534,40.8758,12.3118,27.6399,17.8193,33.6479,25.0531,24.4977,48.2387,58.3,80.7658,38.0,0.656,66081.0,60991.0,6.1,17.0,1638.0,1269.0,1388.0,622.0,766.0,306.8,45931.0,18927.0,642.6,2941.0,15259.0,8910.0,6349.0,35816.0,11095.0,2694.3,5594.9,2614.0,8812.0,40.3,2.8,40.7,59.0,1385.0,253.0,296.0,492.0,344.0,1152.0,252.0,231.0,314.0,355.0,59.0,65.1,51.1,54.6,19160.0,56519.0,10869.0,143615.0,257.83,1.122,144.8,333.4,29.2,15.84625,41782.0,11482.0,11384.0,33280.0,0.8,61748.29,14.0,71.08,74.72,2.83,21.99,2.61,2.80006,2.48,2.7,3.07,3.82,3.94,4.39,5.11,0.1900601,-0.1299999,0.0900002,0.46,1.21,1.33,1.78,2.5,107.15,4.3228,362.06,281.49,1.0359,33.4,33.5,30.5,30.2,97.6,31.4,51.9,29.98,46.1,30.4,23.1,33.8,38.3,24.7,30.1,31.7,30.5,21.03968,45.58935,23.22073,16.27364,2.34,2.83,2.23,96.8
12/01/1961,2108.9,1967.8,16.77852,230413.0,64680.0,27.8071,27.1362,26.7455,34.2899,21.9221,40.8759,12.3522,28.03,18.1105,34.1365,25.382,24.6623,47.6719,66.1,81.6041,38.0,0.674,65900.0,60908.0,6.0,15.8,1734.0,1175.0,1361.0,623.0,738.0,298.5,46035.0,18981.0,638.8,2951.0,15309.0,8941.0,6368.0,35890.0,11094.0,2692.4,5602.3,2621.0,8836.0,39.7,2.8,40.4,58.6,1365.0,256.0,278.0,503.0,328.0,1161.0,275.0,227.0,321.0,338.0,64.2,73.4,55.8,56.1,19512.0,58332.0,10310.0,145339.0,258.52,1.119,145.2,335.5,29.3,15.94266,41853.0,11499.0,11366.0,33429.0,1.8,62248.53,14.03,71.74,75.81,2.85,21.25,2.33,2.97517,2.6,2.88,3.18,3.91,4.06,4.42,5.1,0.64517,0.27,0.5500002,0.8500001,1.58,1.73,2.09,2.77,107.34,4.3161,362.06,280.96,1.0429,33.4,33.6,30.6,30.6,99.6,31.6,56.3,30.01,46.1,30.3,23.2,33.9,38.3,24.8,30.1,31.7,30.5,21.04417,45.6413,23.19758,16.2831,2.35,2.84,2.24,99.0
01/01/1962,2105.5,1963.7,16.78411,230358.0,64700.0,27.5666,26.9002,26.5997,34.0318,21.437,40.7023,12.3118,27.82,18.0911,33.2012,25.0257,25.0189,48.2388,66.4,80.2408,40.0,0.727,66108.0,61014.0,5.8,15.3,1701.0,1161.0,1235.0,561.0,674.0,302.9,46040.0,18936.0,638.7,2892.0,15322.0,8948.0,6374.0,35955.0,11112.0,2705.7,5602.8,2625.0,8851.0,39.2,2.8,40.0,60.3,1361.0,276.0,235.0,485.0,365.0,1122.0,269.0,199.0,323.0,331.0,60.9,59.4,57.1,59.0,19315.0,58174.0,10912.0,147100.0,260.97,1.13,145.2,337.5,29.4,16.00723,41864.0,11490.0,11403.0,33582.0,1.8,62282.8,14.03,69.07,72.99,2.97,20.45,2.15,3.08594,2.72,2.94,3.28,3.94,4.08,4.42,5.08,0.9359398,0.5699999,0.79,1.13,1.79,1.93,2.27,2.93,107.39,4.3182,362.0,281.1001,1.0452,33.5,33.7,30.5,30.6,100.4,31.5,57.1,30.04,46.0,30.4,23.2,33.9,38.3,24.8,30.2,31.8,30.5,21.08423,45.61032,23.23676,16.34189,2.36,2.87,2.25,101.2
02/01/1962,2115.4,1974.0,16.77747,229998.0,64588.0,28.0175,27.2542,26.8622,34.253,21.5583,40.9626,12.4871,28.2702,18.3046,34.1954,25.4643,24.9641,48.5995,64.7,81.4267,39.0,0.747,66538.0,61249.0,5.5,16.0,1504.0,1118.0,1244.0,561.0,683.0,297.4,46309.0,19109.0,637.8,2975.0,15411.0,9029.0,6382.0,36078.0,11149.0,2719.2,5626.5,2630.0,8878.0,39.9,2.8,40.4,60.5,1278.0,215.0,275.0,498.0,290.0,1194.0,275.0,253.0,339.0,327.0,61.1,61.8,56.2,58.6,19081.0,58575.0,11655.0,148984.0,262.42,1.138,145.7,340.1,29.5,16.0877,41810.0,11301.0,11233.0,33712.0,1.6,62640.35,14.01,70.22,74.22,2.95,20.79,2.37,3.05463,2.73,2.93,3.28,3.89,4.04,4.42,5.07,0.6846302,0.3600001,0.5600002,0.9100001,1.52,1.67,2.05,2.7,107.49,4.3269,361.96,281.46,1.0489,33.6,33.8,30.6,30.5,98.5,31.5,54.7,30.11,46.1,30.5,23.3,34.0,38.3,24.8,30.2,31.9,30.7,21.14038,45.68887,23.32921,16.36679,2.36,2.79,2.26,103.4
03/01/1962,2130.5,1987.8,16.91614,233528.0,65972.0,28.1678,27.4607,27.1247,34.5111,21.8736,41.223,12.6489,28.3002,18.3434,34.231,25.6835,25.1835,48.4964,66.9,81.8912,39.0,0.737,66493.0,61336.0,5.6,15.0,1721.0,1049.0,1162.0,523.0,639.0,289.3,46375.0,19109.0,635.5,2941.0,15451.0,9065.0,6386.0,36167.0,11171.0,2725.8,5642.3,2636.0,8901.0,40.1,2.8,40.6,57.6,1443.0,252.0,284.0,536.0,371.0,1134.0,243.0,223.0,330.0,338.0,60.6,60.1,57.0,57.5,18974.0,56925.0,10406.0,147860.0,264.38,1.13,146.0,343.1,29.6,16.20788,41923.0,11259.0,11170.0,33907.0,2.3,63128.57,14.0,70.29,74.22,2.95,20.66,2.85,3.13061,2.72,2.87,3.06,3.68,3.93,4.39,5.04,0.2806101,-0.1299999,0.02,0.21,0.8300002,1.08,1.54,2.19,107.48,4.3399,361.79,281.5298,1.0496,33.5,33.7,30.6,30.5,99.0,31.4,56.8,30.17,46.2,30.5,23.4,34.0,38.4,24.9,30.3,32.0,30.7,21.16871,45.71048,23.34639,16.39305,2.37,2.86,2.26,101.1
04/01/1962,2139.9,1998.9,16.97377,233756.0,65689.0,28.2279,27.6671,27.3872,34.8061,22.3828,41.2664,12.7298,28.2701,18.324,34.1919,25.711,25.1835,48.9087,57.4,81.7429,39.0,0.74,66372.0,61363.0,5.6,14.9,1629.0,1105.0,1122.0,499.0,623.0,285.2,46679.0,19258.0,632.5,3018.0,15524.0,9102.0,6422.0,36343.0,11252.0,2731.2,5681.4,2641.0,8922.0,40.1,2.8,40.6,55.6,1524.0,280.0,326.0,515.0,403.0,1235.0,290.0,236.0,327.0,382.0,55.1,57.3,47.4,53.5,18486.0,56157.0,11397.0,146290.0,264.47,1.129,146.4,345.5,29.8,16.30174,42096.0,11330.0,11258.0,34121.0,2.6,63866.91,14.08,68.05,71.64,3.05,19.66,2.78,3.11189,2.73,2.83,2.99,3.6,3.84,4.33,5.02,0.3318901,-0.05,0.05,0.21,0.8199999,1.06,1.55,2.24,107.51,4.3457,362.02,281.3997,1.0501,33.5,33.6,30.6,30.1,97.3,31.3,53.6,30.21,46.2,30.9,23.4,34.1,38.5,24.9,30.3,32.0,30.7,21.19406,45.77232,23.39362,16.40789,2.38,2.89,2.26,98.8
05/01/1962,2143.3,2001.9,17.10256,234144.0,66531.0,28.1978,27.8146,27.5038,34.9904,22.5768,41.5267,12.7298,27.88,17.9552,34.2706,25.6561,25.4853,49.0118,55.3,81.3349,40.0,0.768,66688.0,61724.0,5.5,15.5,1543.0,1131.0,1134.0,507.0,627.0,302.8,46668.0,19253.0,631.4,3025.0,15513.0,9110.0,6403.0,36373.0,11216.0,2736.6,5666.0,2649.0,8958.0,40.2,2.8,40.6,52.3,1483.0,284.0,289.0,518.0,392.0,1142.0,220.0,238.0,341.0,343.0,52.2,53.6,45.2,50.3,18842.0,56391.0,10764.0,145241.0,266.64,1.136,146.8,347.5,29.8,16.38511,42194.0,11384.0,11323.0,34269.0,1.8,64601.04,14.21,62.99,66.32,3.32,17.54,2.36,3.07991,2.69,2.78,3.03,3.66,3.87,4.28,5.0,0.7199101,0.3300002,0.4200001,0.6700001,1.3,1.51,1.92,2.64,108.37,4.3294,361.99,281.21,1.0823,33.4,33.5,30.6,30.1,96.5,31.3,52.0,30.24,46.2,30.9,23.5,34.1,38.6,25.0,30.4,32.0,30.8,21.20828,45.79414,23.37249,16.44819,2.38,2.86,2.27,96.5
06/01/1962,2149.5,2007.6,17.02062,233728.0,65910.0,28.1377,27.8441,27.4747,34.7692,22.1646,41.3966,12.8512,27.79,17.7611,34.4648,25.6013,25.9242,49.0633,54.8,80.9291,39.0,0.752,66670.0,61727.0,5.5,15.1,1598.0,1101.0,1079.0,506.0,573.0,306.2,46644.0,19186.0,624.7,2960.0,15518.0,9109.0,6409.0,36458.0,11222.0,2745.1,5669.9,2655.0,9000.0,40.0,2.8,40.5,51.6,1404.0,272.0,260.0,517.0,355.0,1154.0,233.0,241.0,329.0,351.0,50.8,52.5,43.3,46.4,18567.0,56054.0,10600.0,144585.0,267.93,1.144,146.6,349.3,29.8,16.46342,42259.0,11328.0,11226.0,34509.0,2.9,65137.42,14.28,55.63,58.32,3.78,14.67,2.68,3.1933,2.73,2.8,3.03,3.64,3.91,4.28,5.02,0.5132999,0.05,0.1199999,0.3499999,0.96,1.23,1.6,2.34,108.51,4.3156,361.95,280.8301,1.088,33.4,33.5,30.6,29.9,94.9,31.1,51.7,30.21,46.3,30.9,23.5,34.1,38.6,25.0,30.4,32.0,30.7,21.21673,45.83235,23.36489,16.47543,2.37,2.87,2.26,95.5
07/01/1962,2158.2,2015.4,17.07424,233982.0,66580.0,28.4083,28.1096,27.8247,35.3591,22.6495,41.9173,12.959,28.03,17.9552,34.5158,25.848,26.3083,49.1664,54.7,81.476,39.0,0.757,66483.0,61643.0,5.4,14.6,1592.0,1142.0,1049.0,484.0,565.0,305.2,46720.0,19248.0,617.6,3025.0,15522.0,9117.0,6405.0,36498.0,11212.0,2745.5,5674.6,2659.0,9026.0,40.1,2.8,40.5,51.2,1450.0,262.0,284.0,520.0,384.0,1189.0,226.0,251.0,346.0,366.0,51.0,53.2,45.1,43.8,19075.0,56841.0,10685.0,144498.0,268.91,1.147,146.5,350.8,29.9,16.542,42398.0,11394.0,11302.0,34740.0,2.8,65512.18,14.31,56.97,59.61,3.68,15.05,2.71,3.21936,2.92,3.08,3.29,3.8,4.01,4.34,5.05,0.5093601,0.21,0.3699999,0.5799999,1.09,1.3,1.63,2.34,108.26,4.3174,361.95,280.6597,1.0793,33.4,33.4,30.6,30.2,94.4,31.1,51.6,30.22,46.4,30.6,23.6,34.0,38.6,25.1,30.4,31.9,30.7,21.20663,45.883,23.30504,16.48498,2.39,2.9,2.27,94.4
08/01/1962,2161.2,2017.1,17.12255,235100.0,66516.0,28.4384,28.1096,27.7663,34.9536,22.3343,41.5268,13.0939,28.0901,18.0716,34.5297,25.9028,26.2808,47.4142,52.5,81.4168,38.0,0.702,66968.0,62102.0,5.7,14.5,1731.0,1238.0,1081.0,485.0,596.0,307.3,46775.0,19251.0,623.0,3027.0,15517.0,9110.0,6407.0,36587.0,11225.0,2748.9,5682.9,2664.0,9063.0,40.1,2.7,40.5,47.0,1517.0,272.0,308.0,539.0,398.0,1200.0,228.0,233.0,359.0,380.0,49.5,52.9,43.7,45.2,19156.0,56564.0,10664.0,142993.0,271.01,1.15,146.6,352.8,30.0,16.61345,42491.0,11355.0,11231.0,35038.0,3.6,66055.12,14.39,58.52,61.29,3.57,15.9,2.93,3.15722,2.82,2.99,3.2,3.71,3.98,4.35,5.06,0.2272198,-0.1100001,0.0599999,0.27,0.78,1.05,1.42,2.13,108.29,4.3223,361.91,280.3799,1.0779,33.5,33.6,30.6,30.5,94.5,31.1,47.7,30.28,46.2,30.8,23.6,34.1,38.7,25.1,30.4,32.0,30.8,21.2358,45.86542,23.36074,16.49964,2.4,2.9,2.28,93.4
09/01/1962,2162.3,2019.9,17.31214,235711.0,67352.0,28.6187,28.2866,27.883,35.1748,22.6253,41.7871,13.0804,28.3302,18.2269,34.7533,26.0947,26.1985,48.9087,52.4,81.7875,38.0,0.711,67192.0,62325.0,5.6,14.1,1749.0,1192.0,1096.0,567.0,529.0,302.4,46888.0,19305.0,620.0,3033.0,15568.0,9149.0,6419.0,36672.0,11243.0,2748.6,5698.5,2669.0,9089.0,40.1,2.8,40.5,49.7,1324.0,223.0,248.0,469.0,384.0,1223.0,222.0,258.0,355.0,388.0,50.0,53.0,45.1,42.5,19218.0,59130.0,10915.0,144251.0,272.45,1.154,146.3,354.9,30.0,16.62867,42537.0,11383.0,11303.0,35318.0,3.4,66438.33,14.4,58.0,60.67,3.6,16.03,2.9,3.22502,2.78,2.93,3.06,3.7,3.98,4.32,5.03,0.3250198,-0.1200001,0.03,0.1599998,0.8,1.08,1.42,2.13,108.1,4.3236,359.04,280.0901,1.077,33.8,34.0,30.6,31.2,94.4,31.0,45.4,30.42,46.6,31.0,23.6,34.3,38.7,25.1,30.5,32.2,30.9,21.34265,45.94447,23.59412,16.52225,2.4,2.91,2.28,95.3
10/01/1962,2171.3,2024.0,17.22862,237277.0,67489.0,28.6488,28.1981,27.9122,35.101,22.7223,41.6135,13.1344,28.3302,18.2852,34.5232,26.0399,26.1985,48.9603,54.0,81.3851,37.0,0.721,67114.0,62298.0,5.4,14.1,1636.0,1144.0,1022.0,516.0,506.0,306.5,46927.0,19301.0,617.6,3031.0,15569.0,9162.0,6407.0,36740.0,11251.0,2746.8,5700.0,2676.0,9114.0,39.9,2.7,40.3,49.9,1533.0,229.0,305.0,629.0,370.0,1181.0,241.0,234.0,347.0,359.0,51.2,53.6,46.7,46.2,19496.0,60370.0,11088.0,146538.0,273.63,1.151,146.7,357.2,30.1,16.75541,42700.0,11450.0,11387.0,35635.0,3.8,67028.88,14.48,56.17,58.66,3.71,15.58,2.9,3.19071,2.74,2.84,2.98,3.64,3.93,4.28,4.99,0.29071,-0.1600001,-0.0600002,0.0799999,0.74,1.03,1.38,2.09,108.05,4.3217,358.4,280.1299,1.0763,33.6,33.7,30.5,30.8,94.8,30.7,43.9,30.38,46.7,30.9,23.7,34.2,38.6,25.1,30.5,32.2,30.9,21.31848,45.67054,23.56186,16.5227,2.41,2.91,2.29,97.3
11/01/1962,2181.7,2035.9,17.45965,240838.0,68032.0,28.769,28.375,28.0289,35.3223,22.7465,41.7871,13.1344,28.5703,18.4211,34.9462,26.2592,26.5552,49.3725,56.9,81.8392,37.0,0.682,66847.0,62016.0,5.7,13.3,1838.0,1076.0,1051.0,611.0,440.0,301.3,46910.0,19260.0,610.9,3035.0,15530.0,9135.0,6395.0,36795.0,11257.0,2742.8,5712.2,2683.0,9145.0,40.1,2.8,40.5,48.7,1622.0,256.0,344.0,580.0,442.0,1236.0,242.0,233.0,364.0,397.0,53.8,57.8,48.7,51.5,19518.0,58907.0,11897.0,146535.0,274.01,1.136,147.3,359.8,30.2,16.86828,42861.0,11492.0,11372.0,35939.0,3.6,67642.1,14.53,60.04,62.9,3.5,16.63,2.94,3.16368,2.83,2.89,3.0,3.6,3.92,4.25,4.96,0.22368,-0.1100001,-0.05,0.0599999,0.6599998,0.98,1.31,2.02,108.08,4.3159,358.41,280.1897,1.077,33.6,33.8,30.5,31.0,94.9,30.8,47.1,30.38,46.5,30.9,23.7,34.3,38.6,25.2,30.5,32.2,30.9,21.32998,45.75153,23.55766,16.54909,2.41,2.93,2.29,99.2
12/01/1962,2191.4,2046.1,17.55573,236813.0,68110.0,28.769,28.4045,28.1163,35.4697,22.9163,42.0041,13.0534,28.4202,18.324,34.7112,26.2866,26.5277,50.0941,63.3,81.6791,37.0,0.702,66947.0,62300.0,5.5,13.6,1732.0,1171.0,1068.0,558.0,510.0,312.0,46901.0,19219.0,607.4,3008.0,15520.0,9136.0,6384.0,36808.0,11262.0,2746.2,5714.3,2688.0,9126.0,39.6,2.8,40.3,54.6,1564.0,331.0,283.0,570.0,380.0,1236.0,231.0,249.0,346.0,410.0,57.2,59.7,50.1,50.1,19041.0,62042.0,11239.0,151473.0,274.64,1.158,147.8,362.7,30.3,17.01065,42957.0,11604.0,11344.0,35986.0,0.6,68126.72,14.58,62.64,65.59,3.4,17.2,2.93,3.24266,2.87,2.91,3.01,3.56,3.86,4.24,4.92,0.31266,-0.0600002,-0.02,0.0799999,0.6299999,0.9299998,1.31,1.99,108.01,4.3165,358.46,280.3301,1.0761,33.5,33.6,30.5,30.6,94.5,30.7,47.3,30.38,46.4,30.9,23.8,34.2,38.5,25.2,30.5,32.2,30.9,21.32193,45.67866,23.51935,16.55994,2.41,2.95,2.29,99.4
01/01/1963,2204.2,2040.0,17.54444,238276.0,68631.0,28.9795,28.6995,28.5247,35.9122,23.1588,42.5682,12.9995,28.5402,18.4016,34.5715,26.451,27.2959,51.2279,56.5,81.9446,38.0,0.691,67072.0,62190.0,5.7,13.8,1730.0,1253.0,1122.0,578.0,544.0,311.9,46912.0,19257.0,605.8,3021.0,15545.0,9157.0,6388.0,36859.0,11232.0,2756.3,5724.2,2696.0,9204.0,40.0,2.7,40.5,52.5,1244.0,158.0,156.0,502.0,428.0,1248.0,245.0,201.0,370.0,432.0,55.2,60.9,50.4,47.4,19521.0,61730.0,11433.0,155533.0,276.11,1.157,148.3,365.2,30.4,17.08284,43008.0,11567.0,11421.0,36039.0,0.6,68656.46,14.57,65.06,68.0,3.31,17.72,2.92,3.28611,2.91,2.96,3.04,3.58,3.83,4.21,4.91,0.3661098,-0.01,0.04,0.1199999,0.6599998,0.9099998,1.29,1.99,108.07,4.3253,358.5,280.48,1.0773,33.4,33.6,30.5,30.3,95.4,30.8,48.5,30.44,46.6,30.6,23.9,34.3,38.3,25.3,30.5,32.2,31.0,21.37817,45.58667,23.59562,16.60717,2.42,2.94,2.3,99.7
02/01/1963,2191.7,2045.0,17.48066,242733.0,67813.0,29.3102,28.9354,28.758,36.3178,23.4013,43.0455,13.1883,28.9604,18.6152,35.3282,26.6703,27.7622,52.4648,57.7,82.3778,38.0,0.665,67024.0,62372.0,5.9,14.1,1858.0,1283.0,1137.0,540.0,597.0,303.1,47000.0,19228.0,605.6,2997.0,15542.0,9163.0,6379.0,37003.0,11297.0,2761.5,5732.2,2702.0,9231.0,39.9,2.8,40.5,50.2,1456.0,227.0,269.0,523.0,437.0,1212.0,233.0,193.0,375.0,411.0,55.1,60.4,51.0,48.3,20023.0,62624.0,11742.0,158983.0,277.02,1.139,148.9,367.9,30.6,17.19412,43155.0,11456.0,11290.0,36126.0,1.0,69376.75,14.79,65.92,68.91,3.27,18.04,3.0,3.17339,2.92,2.98,3.01,3.66,3.92,4.19,4.89,0.1733899,-0.0799999,-0.02,0.01,0.6600001,0.9200001,1.19,1.89,108.1,4.3247,358.53,280.3401,1.0779,33.4,33.6,30.5,30.0,95.2,30.8,51.7,30.48,46.7,30.7,23.9,34.3,38.3,25.3,30.5,32.3,31.0,21.39684,45.75613,23.6206,16.61353,2.43,2.95,2.31,99.9
03/01/1963,2201.0,2053.7,17.57006,243613.0,68497.0,29.4905,28.9355,28.7872,36.4653,23.4498,43.2624,13.1074,29.3805,18.8481,35.8932,26.8348,27.3781,52.4648,56.3,82.6243,38.0,0.692,67351.0,62655.0,5.7,14.5,1701.0,1266.0,1087.0,488.0,599.0,289.6,47077.0,19233.0,606.8,2979.0,15564.0,9169.0,6395.0,37089.0,11318.0,2767.7,5751.6,2709.0,9245.0,40.1,2.8,40.5,52.4,1534.0,244.0,271.0,610.0,409.0,1258.0,230.0,251.0,361.0,416.0,54.7,57.5,54.9,46.8,20189.0,63953.0,11918.0,163814.0,277.92,1.139,149.2,370.7,30.7,17.33965,43289.0,11404.0,11255.0,36251.0,1.5,70073.41,14.89,65.67,68.71,3.28,17.35,2.98,3.28103,2.89,2.95,3.03,3.68,3.93,4.19,4.88,0.3010299,-0.0899999,-0.03,0.05,0.7,0.95,1.21,1.9,108.11,4.3286,358.6,280.0601,1.0782,33.3,33.3,30.5,29.6,94.1,30.8,47.5,30.51,46.7,30.8,23.9,34.3,38.5,25.3,30.6,32.3,31.0,21.37875,45.75021,23.56789,16.61962,2.44,2.97,2.32,98.0
04/01/1963,2207.8,2060.4,17.63209,246104.0,68894.0,29.7611,29.2599,28.933,36.6127,23.6438,43.3926,13.2288,29.6507,19.2557,35.797,27.1911,27.0215,49.991,61.0,83.4581,38.0,0.695,67642.0,62972.0,5.7,14.5,1717.0,1226.0,1071.0,480.0,591.0,295.5,47316.0,19343.0,610.7,3046.0,15602.0,9196.0,6406.0,37237.0,11391.0,2774.0,5783.1,2715.0,9264.0,40.2,2.6,40.5,52.7,1689.0,328.0,342.0,586.0,433.0,1288.0,230.0,285.0,382.0,391.0,57.6,60.6,58.2,48.6,20703.0,63537.0,11945.0,167025.0,278.22,1.129,149.7,373.3,31.0,17.46048,43444.0,11449.0,11319.0,36458.0,2.5,70801.61,15.0,68.76,72.17,3.15,17.36,2.9,3.24058,2.9,2.98,3.11,3.74,3.97,4.21,4.87,0.34058,0.0,0.0799999,0.2099998,0.8399999,1.07,1.31,1.97,108.21,4.3292,360.8,280.0701,1.077,33.3,33.3,30.5,29.8,94.9,30.8,55.0,30.48,46.8,30.8,23.9,34.3,38.5,25.4,30.6,32.2,31.0,21.37971,45.78545,23.53392,16.63267,2.44,2.93,2.32,96.0
05/01/1963,2216.5,2068.0,17.64775,244267.0,67995.0,30.1218,29.3779,28.933,36.6865,24.0318,43.2624,13.1883,30.3409,19.8575,36.3379,27.4378,27.4604,50.9187,60.4,83.9513,37.0,0.65,67615.0,62886.0,5.9,14.5,1870.0,1160.0,1157.0,552.0,605.0,289.7,47328.0,19399.0,612.1,3061.0,15641.0,9228.0,6413.0,37217.0,11334.0,2774.5,5752.2,2724.0,9288.0,40.1,2.8,40.5,53.5,1641.0,262.0,356.0,571.0,452.0,1350.0,247.0,270.0,406.0,427.0,59.8,66.9,56.4,54.2,20309.0,64212.0,12455.0,170452.0,279.39,1.142,150.4,376.1,31.0,17.56694,43586.0,11426.0,11216.0,36626.0,2.0,71335.14,15.03,70.14,73.6,3.13,17.77,3.0,3.15588,2.93,3.01,3.12,3.72,3.93,4.22,4.85,0.15588,-0.0699999,0.01,0.1199999,0.72,0.9300001,1.22,1.85,108.32,4.324,362.56,279.96,1.0775,33.4,33.5,30.7,29.6,97.0,31.0,67.1,30.51,46.7,30.9,24.0,34.3,38.5,25.4,30.6,32.3,31.0,21.40953,45.80998,23.57183,16.66619,2.45,2.96,2.33,94.1
06/01/1963,2229.1,2080.9,17.81862,247187.0,69222.0,30.212,29.4369,29.0497,36.9077,24.4441,43.3059,13.2422,30.4609,19.8963,36.6053,27.52,27.5702,51.331,60.6,83.9398,37.0,0.69,67649.0,63007.0,5.6,14.0,1719.0,1259.0,1067.0,567.0,500.0,285.7,47356.0,19371.0,613.8,3060.0,15624.0,9226.0,6398.0,37287.0,11348.0,2773.9,5761.6,2726.0,9302.0,40.3,2.9,40.7,52.6,1588.0,235.0,340.0,574.0,439.0,1345.0,213.0,285.0,399.0,448.0,58.2,61.9,56.3,55.0,20066.0,61653.0,11855.0,170109.0,280.8,1.134,150.4,378.4,31.2,17.63643,43780.0,11398.0,11139.0,36740.0,1.4,71875.59,15.03,70.11,73.61,3.16,17.75,2.99,3.28815,2.99,3.08,3.2,3.81,3.99,4.23,4.84,0.2981501,0.0,0.0899999,0.21,0.8199999,1.0,1.24,1.85,108.36,4.3243,362.81,280.0198,1.0785,33.5,33.6,30.7,29.9,95.4,31.0,58.7,30.61,46.8,30.9,24.1,34.4,38.6,25.5,30.7,32.4,31.1,21.45559,45.88975,23.64831,16.67599,2.46,2.98,2.34,95.1
07/01/1963,2229.3,2081.4,17.91153,250025.0,69227.0,30.0918,29.4369,29.0497,36.7971,24.4198,43.1323,13.431,30.1608,19.5663,36.3017,27.4104,26.9392,50.661,60.4,83.3448,38.0,0.695,67905.0,63211.0,5.6,14.0,1693.0,1289.0,1070.0,522.0,548.0,283.9,47461.0,19423.0,613.2,3088.0,15646.0,9234.0,6412.0,37372.0,11364.0,2775.8,5769.3,2731.0,9334.0,40.2,2.9,40.6,52.0,1614.0,241.0,316.0,619.0,438.0,1321.0,226.0,268.0,409.0,418.0,55.5,60.1,43.6,54.0,20760.0,63854.0,11964.0,169700.0,282.15,1.127,151.3,381.1,31.4,17.72843,44058.0,11530.0,11232.0,36872.0,1.6,72716.45,15.17,69.07,72.45,3.2,17.53,3.02,3.35431,3.18,3.31,3.48,3.89,4.02,4.26,4.84,0.3343101,0.1600001,0.29,0.46,0.8700001,1.0,1.24,1.82,108.41,4.3236,362.98,280.0801,1.0799,33.4,33.6,30.7,30.0,95.7,31.1,61.0,30.69,46.9,30.9,24.1,34.5,38.7,25.5,30.8,32.5,31.2,21.49654,45.8939,23.73466,16.69721,2.47,2.99,2.35,96.0
08/01/1963,2238.0,2089.4,17.97404,247260.0,69147.0,30.1519,29.7023,29.3705,37.0921,24.4683,43.6096,13.7547,29.8907,19.0422,37.0781,27.5474,27.049,51.5372,56.8,83.5014,38.0,0.726,67908.0,63304.0,5.4,13.9,1677.0,1150.0,1114.0,593.0,521.0,291.9,47542.0,19437.0,612.4,3099.0,15644.0,9229.0,6415.0,37473.0,11383.0,2782.4,5788.4,2738.0,9368.0,40.2,2.9,40.6,51.1,1639.0,275.0,349.0,595.0,420.0,1310.0,224.0,277.0,392.0,417.0,55.1,62.0,48.5,48.1,19839.0,61899.0,12382.0,169787.0,284.39,1.148,151.8,383.6,31.5,17.81991,44149.0,11484.0,11155.0,37047.0,2.1,73576.16,15.27,70.98,74.43,3.13,17.57,3.49,3.68576,3.32,3.44,3.53,3.89,4.0,4.29,4.83,0.19576,-0.1700001,-0.05,0.04,0.4000001,0.51,0.8,1.34,108.5,4.317,362.92,279.96,1.0831,33.4,33.5,30.7,29.9,94.5,31.2,59.8,30.75,47.0,31.0,24.2,34.6,38.7,25.6,30.8,32.6,31.2,21.52649,45.91039,23.77848,16.71746,2.47,3.01,2.34,97.0
09/01/1963,2252.5,2103.4,17.9386,248241.0,68297.0,30.4525,29.7909,29.458,37.2027,24.9048,43.4794,13.7142,30.4909,19.6634,37.4171,27.7393,27.3507,52.001,63.2,83.8227,38.0,0.712,68174.0,63524.0,5.5,14.2,1695.0,1225.0,1069.0,510.0,559.0,287.2,47661.0,19483.0,611.3,3110.0,15674.0,9260.0,6414.0,37595.0,11404.0,2785.5,5804.5,2742.0,9417.0,40.2,2.9,40.6,54.8,1763.0,269.0,362.0,693.0,439.0,1413.0,268.0,274.0,428.0,443.0,56.9,59.8,49.7,47.9,20261.0,63627.0,12553.0,170986.0,285.33,1.147,152.0,386.0,31.7,17.93284,44339.0,11503.0,11184.0,37341.0,3.5,74169.77,15.3,72.85,76.63,3.06,17.86,3.48,3.78026,3.38,3.5,3.57,3.96,4.08,4.31,4.84,0.3002601,-0.0999999,0.02,0.0899999,0.48,0.5999999,0.8299999,1.36,108.39,4.3157,362.46,279.7698,1.08,33.4,33.5,30.7,29.8,94.9,31.3,57.8,30.72,47.0,31.0,24.2,34.5,38.7,25.6,30.8,32.5,31.2,21.52475,46.15412,23.71414,16.73355,2.48,3.01,2.36,97.0
10/01/1963,2266.5,2116.8,17.92817,251455.0,69572.0,30.6629,30.0563,29.6622,37.4608,24.9291,43.8266,13.9569,30.671,19.8575,37.4927,27.986,27.433,52.1556,63.3,84.3071,39.0,0.725,68294.0,63592.0,5.5,13.9,1738.0,1163.0,1071.0,541.0,530.0,284.4,47805.0,19517.0,610.7,3104.0,15714.0,9283.0,6431.0,37767.0,11429.0,2794.3,5822.6,2755.0,9479.0,40.4,2.9,40.7,54.5,1779.0,291.0,385.0,662.0,441.0,1414.0,261.0,281.0,425.0,447.0,57.7,64.0,47.4,46.4,20900.0,64691.0,12595.0,171562.0,286.83,1.138,152.6,388.3,31.8,18.00426,44444.0,11457.0,11137.0,37821.0,5.8,75112.95,15.37,73.03,77.09,3.05,17.84,3.5,3.76195,3.45,3.58,3.64,3.97,4.11,4.32,4.83,0.26195,-0.05,0.0799999,0.1400001,0.47,0.6100001,0.8200002,1.33,108.33,4.3157,362.28,279.7798,1.0781,33.5,33.6,30.8,29.9,97.8,31.3,76.9,30.75,47.1,31.2,24.2,34.5,38.8,25.6,30.9,32.5,31.2,21.56711,46.19563,23.75842,16.77464,2.49,3.02,2.36,97.0
11/01/1963,2270.0,2120.5,18.0618,249629.0,69449.0,30.8132,30.1743,29.7205,37.4976,25.1716,43.7832,14.0648,30.8511,19.9739,37.8111,28.0682,27.8445,52.0525,64.1,84.2946,38.0,0.679,68267.0,63573.0,5.7,13.3,1859.0,1227.0,1054.0,533.0,521.0,278.3,47771.0,19456.0,608.8,3083.0,15675.0,9274.0,6401.0,37799.0,11447.0,2802.9,5832.7,2759.0,9484.0,40.2,2.9,40.7,53.5,1622.0,254.0,348.0,597.0,422.0,1357.0,235.0,299.0,422.0,401.0,57.5,63.7,48.7,43.7,20804.0,63515.0,12238.0,171878.0,287.93,1.151,153.7,391.5,32.0,18.12699,44744.0,11547.0,11198.0,38579.0,9.1,75606.92,15.42,72.62,76.69,3.14,17.78,3.48,3.75166,3.52,3.65,3.74,4.01,4.12,4.33,4.84,0.2716601,0.04,0.1700001,0.26,0.5300002,0.6399999,0.8499999,1.36,108.31,4.3167,362.5,279.7798,1.0778,33.5,33.5,30.8,30.2,97.7,31.4,66.2,30.78,47.2,31.1,24.3,34.6,38.8,25.7,30.9,32.6,31.3,21.59763,46.11619,23.80623,16.80418,2.49,3.01,2.37,97.0
12/01/1963,2288.9,2136.3,18.28425,253637.0,69928.0,30.7531,30.2038,29.8372,37.7188,25.2443,44.1737,14.0378,30.671,19.9157,37.2684,28.0682,28.1189,51.7433,60.7,84.0095,40.0,0.746,68213.0,63584.0,5.5,13.3,1774.0,1213.0,1007.0,517.0,490.0,303.4,47863.0,19493.0,610.4,3082.0,15712.0,9295.0,6417.0,37867.0,11456.0,2812.8,5849.3,2769.0,9497.0,39.9,3.0,40.6,48.4,1491.0,221.0,297.0,514.0,459.0,1423.0,243.0,274.0,476.0,430.0,54.0,58.6,47.6,44.2,21101.0,62319.0,12798.0,170540.0,288.01,1.133,153.3,393.2,32.2,18.18417,45003.0,11730.0,11397.0,39045.0,5.6,76581.45,15.47,74.17,78.38,3.13,18.16,3.38,3.8354,3.52,3.66,3.81,4.04,4.13,4.35,4.85,0.4554,0.1399999,0.28,0.4299998,0.6599998,0.75,0.9699998,1.47,108.38,4.3159,362.79,279.6497,1.0796,33.4,33.5,30.8,29.4,96.9,31.7,64.4,30.88,47.2,31.2,24.3,34.7,38.9,25.8,31.0,32.7,31.4,21.6232,46.10984,23.84114,16.82556,2.5,3.07,2.38,97.8
01/01/1964,2298.9,2137.9,18.34433,256168.0,69720.0,31.0237,30.4987,30.158,38.0876,25.2928,44.6076,14.4019,30.9111,19.9545,37.9124,28.3149,28.7498,52.0525,63.3,84.4621,40.0,0.736,68327.0,63724.0,5.6,13.5,1805.0,1156.0,1057.0,553.0,504.0,285.3,47925.0,19406.0,607.3,2996.0,15715.0,9291.0,6424.0,38081.0,11529.0,2826.7,5878.5,2778.0,9562.0,39.5,2.9,40.1,51.4,1603.0,233.0,358.0,584.0,428.0,1296.0,198.0,298.0,401.0,399.0,57.1,61.3,55.3,42.9,21535.0,69337.0,13967.0,174581.0,290.32,1.131,153.7,395.2,32.3,18.23773,45042.0,11643.0,11369.0,38931.0,-1.4,77461.36,15.55,76.45,80.85,3.06,18.72,3.48,3.86291,3.52,3.64,3.79,4.07,4.17,4.39,4.83,0.38291,0.04,0.1600001,0.3099999,0.5900002,0.6900001,0.9099998,1.35,108.38,4.3163,362.46,279.8301,1.0805,33.5,33.7,30.8,29.8,97.4,31.8,60.0,30.94,47.2,31.4,24.4,34.7,38.9,25.8,31.0,32.7,31.4,21.66936,46.22498,23.91116,16.8463,2.5,3.06,2.38,98.6
02/01/1964,2307.6,2156.5,18.47459,256899.0,71242.0,31.2341,30.4987,30.0413,38.0138,25.4383,44.434,14.3345,31.3913,20.3039,38.4763,28.4794,28.448,52.3102,64.0,84.6673,40.0,0.754,68751.0,64188.0,5.4,13.2,1708.0,1216.0,1015.0,528.0,487.0,271.8,48171.0,19570.0,607.4,3132.0,15742.0,9305.0,6437.0,38182.0,11549.0,2823.1,5904.8,2786.0,9581.0,40.3,2.9,40.7,52.7,1820.0,249.0,491.0,650.0,431.0,1442.0,269.0,343.0,405.0,425.0,57.9,61.8,51.9,50.4,21248.0,66742.0,12458.0,176349.0,291.17,1.131,154.3,397.6,32.4,18.32187,45112.0,11547.0,11261.0,39195.0,3.2,78336.23,15.64,77.39,81.96,3.05,18.94,3.48,3.74217,3.53,3.67,3.78,4.03,4.15,4.36,4.83,0.2621701,0.05,0.1900001,0.3,0.5500002,0.6700001,0.8800001,1.35,108.4,4.3249,362.75,279.6897,1.0802,33.5,33.4,30.8,29.4,96.3,31.9,60.1,30.91,47.2,31.3,24.4,34.7,39.0,25.8,31.0,32.7,31.4,21.70084,46.26541,23.91982,16.89151,2.5,3.03,2.38,99.4
03/01/1964,2318.4,2166.4,18.53605,255249.0,71118.0,31.2341,30.4987,29.983,37.8295,25.2443,44.3039,14.5098,31.3913,20.3233,38.2812,28.4794,28.7224,52.2586,64.4,84.3575,40.0,0.751,68763.0,64397.0,5.4,13.5,1783.0,1124.0,1039.0,534.0,505.0,279.1,48287.0,19587.0,607.4,3125.0,15770.0,9339.0,6431.0,38311.0,11604.0,2827.3,5955.0,2793.0,9611.0,40.2,2.9,40.6,55.2,1517.0,245.0,329.0,580.0,363.0,1313.0,262.0,297.0,398.0,356.0,60.2,61.7,60.3,54.6,21244.0,66204.0,13324.0,178881.0,292.03,1.142,154.5,399.8,32.6,18.40837,45371.0,11563.0,11285.0,39201.0,0.1,79240.41,15.74,78.8,83.64,3.03,19.39,3.43,3.84626,3.54,3.72,3.91,4.14,4.22,4.38,4.83,0.41626,0.1099999,0.29,0.48,0.7099998,0.7899997,0.95,1.4,108.38,4.3271,362.28,279.8101,1.0807,33.4,33.5,30.8,29.5,96.2,32.2,60.6,30.94,47.2,31.4,24.4,34.7,39.0,25.8,31.1,32.7,31.4,21.71838,46.25433,23.93288,16.91677,2.51,3.05,2.38,98.7
04/01/1964,2333.0,2180.2,18.57211,259198.0,71425.0,31.7451,31.1182,30.6538,38.7881,25.9233,45.3453,14.847,31.7514,20.5757,39.1011,29.0002,29.3259,52.7225,60.6,85.5869,42.0,0.795,69356.0,64942.0,5.3,12.4,1767.0,1192.0,934.0,464.0,470.0,266.8,48279.0,19593.0,607.7,3113.0,15785.0,9347.0,6438.0,38330.0,11570.0,2833.7,5871.2,2801.0,9644.0,40.3,3.0,40.7,55.2,1448.0,217.0,297.0,566.0,368.0,1264.0,232.0,264.0,398.0,370.0,59.2,63.6,57.7,53.1,22127.0,68783.0,13129.0,181616.0,293.66,1.131,154.8,401.7,32.7,18.48491,45470.0,11537.0,11326.0,39554.0,4.2,79908.16,15.76,79.94,84.92,3.0,19.62,3.47,3.7453,3.47,3.66,3.91,4.15,4.23,4.4,4.85,0.2753,0.0,0.1900001,0.4400001,0.6800001,0.76,0.9300001,1.38,108.41,4.321,362.54,279.8997,1.0811,33.5,33.4,30.8,29.5,98.3,32.6,65.4,30.95,47.3,31.3,24.5,34.7,39.0,25.9,31.1,32.7,31.4,21.73125,46.18166,23.9426,16.94114,2.53,3.08,2.4,97.9
05/01/1964,2347.4,2194.6,18.82817,262166.0,72868.0,31.9255,31.2066,30.7996,39.0831,26.0688,45.7792,15.0088,32.0215,20.8474,39.1602,29.1099,29.5179,53.3409,61.0,85.5983,42.0,0.827,69631.0,65028.0,5.1,13.6,1681.0,1094.0,975.0,471.0,504.0,264.4,48419.0,19630.0,605.7,3125.0,15812.0,9360.0,6452.0,38459.0,11605.0,2841.9,5928.1,2806.0,9670.0,40.4,3.1,40.8,56.0,1467.0,267.0,334.0,561.0,305.0,1299.0,244.0,279.0,399.0,377.0,58.7,59.9,61.4,50.3,21878.0,68713.0,14475.0,184809.0,294.57,1.122,155.3,404.2,32.9,18.5977,45651.0,11523.0,11263.0,39882.0,3.9,80834.52,15.84,80.72,85.79,3.01,19.35,3.5,3.77703,3.48,3.6,3.84,4.05,4.2,4.41,4.85,0.27703,-0.02,0.0999999,0.3399999,0.5500002,0.6999998,0.9099998,1.35,108.41,4.3157,362.59,279.9397,1.0811,33.5,33.4,30.7,29.4,97.2,32.6,60.3,30.98,47.3,31.3,24.5,34.7,38.9,25.9,31.1,32.7,31.4,21.73387,46.14642,23.91939,16.96722,2.52,3.06,2.4,97.2
06/01/1964,2356.4,2203.9,18.9381,261486.0,72649.0,32.0157,31.2066,30.7705,39.0093,26.3356,45.4755,15.0627,32.2316,20.9639,39.705,29.1646,30.0392,52.8255,62.1,85.449,43.0,0.836,69218.0,64662.0,5.2,13.6,1719.0,1109.0,1047.0,539.0,508.0,258.4,48552.0,19682.0,609.5,3147.0,15839.0,9379.0,6460.0,38539.0,11634.0,2846.9,5959.2,2810.0,9669.0,40.4,3.1,40.8,55.7,1550.0,262.0,343.0,583.0,361.0,1280.0,264.0,269.0,391.0,356.0,60.1,64.7,57.6,53.5,21933.0,69127.0,14895.0,188157.0,295.69,1.129,155.6,407.1,33.2,18.70651,45959.0,11595.0,11326.0,40137.0,3.1,81428.18,15.88,80.24,85.13,3.05,18.74,3.5,3.93528,3.48,3.56,3.83,4.02,4.17,4.41,4.85,0.4352801,-0.02,0.0599999,0.3299999,0.52,0.6700001,0.9099998,1.35,108.44,4.3156,362.58,279.4197,1.0811,33.5,33.5,30.6,29.0,97.1,32.6,58.9,31.01,47.3,31.4,24.6,34.7,38.9,26.0,31.1,32.8,31.5,21.76248,46.14643,23.95167,16.99628,2.53,3.07,2.41,97.8
07/01/1964,2366.5,2212.7,19.07658,264002.0,72851.0,32.2261,31.5311,31.1205,39.5624,26.7721,46.083,15.265,32.2916,21.0027,39.7057,29.4113,30.2312,53.0317,63.7,85.861,45.0,0.925,69399.0,64808.0,4.9,14.7,1486.0,1112.0,1002.0,479.0,523.0,261.4,48735.0,19740.0,608.0,3157.0,15887.0,9419.0,6468.0,38672.0,11688.0,2857.6,5986.2,2816.0,9677.0,40.3,3.1,40.8,56.3,1562.0,253.0,340.0,568.0,400.0,1304.0,244.0,276.0,414.0,370.0,62.9,69.9,61.8,55.5,22660.0,72168.0,13678.0,193071.0,296.38,1.121,156.8,410.1,33.2,18.81946,46143.0,11651.0,11387.0,40428.0,3.5,82294.5,15.96,83.22,88.19,2.96,19.4,3.42,3.8763,3.46,3.56,3.72,4.03,4.19,4.4,4.83,0.4563,0.04,0.1399999,0.3,0.6100001,0.77,0.98,1.41,108.48,4.3217,362.63,278.97,1.0814,33.5,33.6,30.7,29.2,97.8,32.8,60.9,31.02,47.4,31.3,24.6,34.7,38.9,26.0,31.2,32.8,31.5,21.79128,46.16525,23.98341,17.02375,2.54,3.09,2.41,98.5
08/01/1964,2383.3,2230.2,19.19199,263392.0,74478.0,32.4366,31.5016,31.0913,39.4887,26.9661,45.7792,15.2515,32.9518,21.6239,40.1661,29.6032,30.3135,52.3102,63.9,86.1105,44.0,0.892,69463.0,64890.0,5.0,13.0,1696.0,1074.0,934.0,426.0,508.0,245.8,48888.0,19810.0,606.8,3166.0,15948.0,9465.0,6483.0,38810.0,11725.0,2862.9,6010.7,2819.0,9732.0,40.4,3.3,40.9,58.0,1569.0,264.0,353.0,596.0,356.0,1306.0,250.0,295.0,434.0,327.0,63.3,68.0,66.2,53.5,22049.0,66321.0,13830.0,194568.0,298.06,1.13,157.8,413.4,33.4,18.95648,46410.0,11795.0,11480.0,40839.0,4.9,82973.05,15.96,82.0,86.7,3.03,18.36,3.5,3.77064,3.5,3.61,3.74,4.05,4.19,4.41,4.82,0.2706399,0.0,0.1099999,0.24,0.5500002,0.6900001,0.9099998,1.32,108.42,4.3206,362.58,278.6597,1.0789,33.6,33.6,30.6,29.4,99.9,33.2,61.7,31.05,47.4,31.4,24.7,34.7,38.9,26.0,31.2,32.8,31.5,21.80785,46.12318,23.96858,17.069,2.55,3.1,2.42,99.1
09/01/1964,2393.0,2239.2,19.11259,267220.0,75266.0,32.5568,31.3541,30.9747,39.0462,26.3356,45.5189,15.3864,33.462,22.0703,40.6497,29.7403,30.3135,52.1556,64.9,86.1994,45.0,0.899,69578.0,64959.0,5.1,12.7,1703.0,1097.0,917.0,457.0,460.0,247.3,49117.0,19943.0,610.0,3171.0,16073.0,9567.0,6506.0,38960.0,11748.0,2874.3,6022.1,2826.0,9786.0,40.4,3.3,40.9,56.8,1455.0,230.0,328.0,554.0,343.0,1265.0,241.0,299.0,401.0,324.0,63.3,63.3,71.9,59.0,23142.0,70476.0,13761.0,197182.0,300.19,1.122,158.7,416.9,33.6,19.08859,46714.0,11863.0,11518.0,41418.0,6.9,83921.97,16.06,83.41,88.27,3.0,18.4,3.45,3.74562,3.53,3.68,3.84,4.08,4.2,4.42,4.82,0.29562,0.0799999,0.23,0.3899999,0.6299999,0.7499998,0.97,1.37,108.28,4.32,361.47,278.3401,1.0763,33.6,33.6,30.7,30.1,102.0,33.6,64.8,31.08,47.2,31.3,24.7,34.8,39.0,26.0,31.2,32.9,31.6,21.84027,46.08469,24.03256,17.09714,2.56,3.09,2.44,99.8
10/01/1964,2394.9,2241.2,19.23497,262744.0,72497.0,32.1059,31.0297,30.5663,38.2719,23.5953,46.1264,15.265,32.8318,21.2162,40.6881,29.3017,30.5329,52.5163,61.8,84.6252,45.0,0.895,69582.0,65032.0,5.1,12.6,1754.0,1055.0,903.0,470.0,433.0,251.0,48949.0,19723.0,612.3,3200.0,15821.0,9305.0,6516.0,39071.0,11781.0,2882.8,6044.0,2828.0,9845.0,40.3,3.1,40.7,55.0,1524.0,266.0,373.0,596.0,290.0,1230.0,223.0,301.0,392.0,314.0,60.7,58.9,71.2,59.1,22183.0,69412.0,14096.0,201838.0,299.94,1.139,159.2,419.1,33.6,19.17467,46823.0,11888.0,11567.0,41625.0,2.5,84530.18,16.15,84.85,89.75,2.95,18.62,3.36,3.86591,3.57,3.72,3.86,4.07,4.19,4.42,4.81,0.5059102,0.21,0.3600001,0.5,0.7100003,0.8300002,1.06,1.45,108.27,4.317,361.56,278.3501,1.0755,33.6,33.7,30.8,29.8,104.4,34.6,68.8,31.12,47.2,31.3,24.7,34.8,38.9,26.1,31.2,32.9,31.6,21.85697,45.93107,24.04945,17.12309,2.54,3.13,2.4,100.4
11/01/1964,2409.1,2256.0,19.05922,265291.0,72359.0,33.0979,31.9441,31.558,39.7099,26.8206,46.2565,15.7774,33.8521,22.4003,40.8382,30.1788,30.2861,52.2586,62.1,86.8484,47.0,0.981,69735.0,65239.0,4.8,14.0,1596.0,1047.0,922.0,484.0,438.0,264.1,49338.0,20026.0,614.7,3226.0,16096.0,9565.0,6531.0,39191.0,11818.0,2892.0,6064.1,2833.0,9879.0,40.6,3.2,41.0,57.3,1486.0,249.0,346.0,546.0,345.0,1254.0,243.0,295.0,411.0,305.0,61.8,60.7,70.3,61.0,22681.0,68856.0,14260.0,203881.0,302.11,1.136,160.0,422.1,33.8,19.28413,47106.0,11998.0,11598.0,42068.0,5.3,84944.03,16.11,85.44,90.36,2.96,18.29,3.52,3.86252,3.64,3.81,3.91,4.04,4.15,4.43,4.81,0.34252,0.1200001,0.29,0.3900001,0.52,0.6300001,0.9099998,1.29,108.19,4.3156,361.19,278.48,1.0741,33.6,33.6,30.8,29.9,104.8,35.1,68.5,31.21,47.3,31.4,24.8,34.9,39.0,26.2,31.3,32.9,31.6,21.88847,46.03551,24.0845,17.14313,2.55,3.11,2.42,101.1
12/01/1964,2433.4,2277.8,19.24494,273604.0,76286.0,33.4887,32.357,32.1121,40.5211,28.3968,46.5169,16.0606,34.2723,22.7497,41.3468,30.727,30.5878,52.5679,63.5,88.0025,47.0,0.954,69814.0,65492.0,5.0,12.7,1672.0,1057.0,873.0,444.0,429.0,252.9,49523.0,20111.0,614.1,3233.0,16176.0,9627.0,6549.0,39309.0,11864.0,2902.6,6093.0,2837.0,9897.0,40.7,3.3,41.2,55.2,1484.0,319.0,268.0,580.0,317.0,1164.0,248.0,252.0,367.0,297.0,62.4,64.4,67.8,59.5,23527.0,72391.0,14558.0,206303.0,304.38,1.11,160.3,424.7,33.9,19.37656,47161.0,12011.0,11747.0,42737.0,8.0,85959.57,16.12,83.96,88.71,3.05,17.8,3.85,4.06131,3.84,3.95,4.02,4.09,4.18,4.44,4.81,0.2113099,-0.01,0.1000001,0.1700001,0.2400002,0.3299999,0.5900002,0.96,108.04,4.3156,359.23,279.0601,1.0748,33.6,33.5,30.9,29.8,105.3,35.5,69.6,31.25,47.4,31.7,24.8,35.0,39.0,26.2,31.3,33.0,31.7,21.91823,46.11398,24.11276,17.16902,2.57,3.14,2.44,101.7
01/01/1965,2448.3,2281.5,19.3801,273991.0,76642.0,33.8494,32.7109,32.4621,41.111,28.8818,47.1678,16.0336,34.6624,23.0409,41.9901,31.0834,30.6152,52.774,58.2,88.5986,47.0,0.975,69997.0,65726.0,4.9,12.2,1626.0,1092.0,793.0,404.0,389.0,244.7,49646.0,20173.0,614.2,3231.0,16245.0,9672.0,6573.0,39410.0,11882.0,2911.2,6122.5,2844.0,9937.0,40.8,3.5,41.3,56.7,1361.0,180.0,298.0,636.0,247.0,1264.0,221.0,338.0,420.0,285.0,61.0,62.3,68.5,61.4,23767.0,74731.0,14452.0,210332.0,307.52,1.121,160.7,427.5,34.0,19.48319,47281.0,11952.0,11653.0,43562.0,9.9,87182.59,16.23,86.12,91.04,2.99,18.29,3.9,4.13342,3.81,3.94,3.94,4.1,4.19,4.43,4.8,0.2334199,-0.0900002,0.04,0.04,0.1999998,0.29,0.5299997,0.9000001,108.0,4.3198,358.99,279.1299,1.074,33.6,33.7,30.9,29.5,104.4,35.0,70.7,31.28,47.5,31.9,24.8,35.0,39.2,26.3,31.4,33.0,31.8,21.942,46.12838,24.15543,17.18981,2.58,3.12,2.45,102.4
02/01/1965,2449.0,2293.2,19.68513,273231.0,76700.0,34.0599,32.9764,32.6663,41.2216,29.2698,47.081,16.3033,34.7825,23.1379,41.962,31.2753,30.6701,52.9802,59.8,88.7226,49.0,0.974,70127.0,65805.0,5.1,12.6,1743.0,1090.0,919.0,507.0,412.0,249.9,49826.0,20216.0,614.3,3225.0,16291.0,9715.0,6576.0,39584.0,11947.0,2920.8,6152.4,2849.0,9974.0,40.7,3.5,41.3,58.3,1433.0,246.0,284.0,596.0,307.0,1185.0,219.0,270.0,404.0,292.0,62.1,63.2,68.1,63.2,23843.0,73949.0,14166.0,213227.0,308.75,1.129,160.9,430.4,34.2,19.60369,47500.0,11883.0,11479.0,44618.0,12.7,88152.04,16.39,86.75,91.64,2.99,18.42,3.98,4.18684,3.93,4.0,4.03,4.15,4.21,4.41,4.78,0.20684,-0.05,0.02,0.0500002,0.1700001,0.23,0.4299998,0.8000002,108.07,4.3286,359.32,279.5098,1.0759,33.7,33.7,30.9,29.9,104.5,35.1,64.8,31.28,47.5,31.8,24.9,34.9,39.1,26.4,31.4,33.1,31.8,21.95505,46.07461,24.15235,17.21176,2.59,3.19,2.46,103.0
03/01/1965,2460.1,2304.1,19.74421,279404.0,75843.0,34.5108,33.3599,33.0746,41.5903,30.0701,47.1244,16.5191,35.3227,23.7008,41.9598,31.659,31.0267,52.8771,65.7,89.2769,50.0,1.056,70439.0,66121.0,4.7,12.0,1702.0,1029.0,796.0,437.0,359.0,239.0,49993.0,20292.0,611.1,3241.0,16353.0,9757.0,6596.0,39711.0,11987.0,2932.9,6163.3,2855.0,10010.0,40.8,3.6,41.3,61.2,1423.0,293.0,307.0,518.0,306.0,1211.0,251.0,253.0,391.0,316.0,64.9,68.7,65.9,57.8,24199.0,75683.0,15341.0,215641.0,312.67,1.117,161.5,433.2,34.3,19.70405,47584.0,11884.0,11472.0,45563.0,11.3,88916.07,16.44,86.83,91.75,2.99,18.73,4.04,4.31301,3.93,4.0,4.06,4.15,4.21,4.42,4.78,0.2730103,-0.1099999,-0.04,0.02,0.1100001,0.1700001,0.3800001,0.7400002,108.34,4.344,360.88,279.24,1.0813,33.7,33.7,31.0,30.0,105.1,35.2,64.5,31.31,47.5,31.8,25.0,35.0,39.1,26.4,31.5,33.1,31.8,21.98533,46.02468,24.2024,17.22923,2.6,3.2,2.47,103.2
04/01/1965,2471.2,2313.6,19.89009,280333.0,77006.0,34.6611,33.3598,33.133,41.4797,30.0216,46.9942,16.6674,35.6828,23.9144,42.8396,31.8509,31.9046,52.7225,62.6,89.2868,51.0,1.052,70633.0,66209.0,4.8,11.4,1747.0,1018.0,796.0,428.0,368.0,239.2,50207.0,20317.0,610.6,3200.0,16418.0,9821.0,6597.0,39941.0,12085.0,2942.5,6215.4,2860.0,10051.0,40.6,3.2,41.2,59.2,1438.0,270.0,347.0,563.0,258.0,1162.0,223.0,300.0,376.0,263.0,62.0,59.8,69.4,61.9,24253.0,76734.0,15124.0,218911.0,314.19,1.119,162.0,435.4,34.4,19.77884,47721.0,12043.0,11571.0,46203.0,7.7,90047.41,16.55,87.97,93.08,2.95,19.42,4.09,4.32103,3.93,3.99,4.04,4.15,4.2,4.43,4.8,0.23103,-0.1600001,-0.1000001,-0.0500002,0.0599999,0.1099997,0.3399997,0.71,108.36,4.3442,362.2,279.6199,1.0793,34.0,34.0,31.1,30.4,107.3,35.6,68.7,31.38,47.6,31.9,25.0,35.0,39.0,26.5,31.5,33.1,31.9,22.01343,46.00288,24.27434,17.24951,2.6,3.17,2.47,103.4
05/01/1965,2483.7,2327.4,19.86837,278493.0,77699.0,34.9317,33.7138,33.4829,41.7378,30.2398,47.2546,16.9102,35.8329,24.0308,43.0914,32.0976,31.3559,52.4648,62.4,89.4494,53.0,1.145,71034.0,66310.0,4.6,11.1,1670.0,1043.0,736.0,385.0,351.0,225.2,50398.0,20444.0,610.4,3269.0,16477.0,9868.0,6609.0,40048.0,12090.0,2953.6,6237.9,2868.0,10094.0,40.8,3.6,41.3,56.4,1478.0,281.0,351.0,564.0,281.0,1207.0,252.0,309.0,381.0,265.0,61.3,60.2,68.9,60.6,24168.0,74579.0,14719.0,221827.0,315.87,1.132,161.7,437.1,34.5,19.80873,47799.0,11912.0,11417.0,47209.0,12.1,90885.88,16.58,89.28,94.69,2.92,18.97,4.1,4.32691,3.89,3.95,4.03,4.15,4.21,4.44,4.81,0.2269101,-0.2099998,-0.1499999,-0.0699997,0.0500002,0.1100001,0.3400002,0.71,108.44,4.3471,362.52,279.71,1.0796,34.1,34.1,31.1,30.8,107.3,36.2,70.0,31.48,47.7,32.0,25.1,35.1,38.9,26.5,31.5,33.3,31.9,22.06603,46.00549,24.33537,17.29154,2.63,3.22,2.49,103.7
06/01/1965,2490.6,2333.8,19.70627,278229.0,76666.0,35.2022,33.8908,33.7163,41.8484,30.5066,47.298,17.1529,36.253,24.3608,43.5882,32.2894,31.3559,52.8771,57.5,89.4582,53.0,1.16,71025.0,66581.0,4.6,11.6,1656.0,1009.0,786.0,417.0,369.0,226.0,50562.0,20522.0,607.2,3279.0,16554.0,9934.0,6620.0,40168.0,12128.0,2966.9,6257.6,2871.0,10128.0,40.7,3.5,41.2,55.4,1488.0,285.0,376.0,558.0,270.0,1241.0,258.0,308.0,419.0,256.0,58.7,57.4,69.3,55.8,24374.0,75552.0,15228.0,224698.0,317.77,1.14,162.2,440.1,34.7,19.88984,48061.0,12005.0,11467.0,47718.0,6.1,91830.09,16.66,85.04,90.19,3.07,17.39,4.04,4.34014,3.8,3.86,3.99,4.15,4.21,4.46,4.85,0.3001399,-0.24,-0.1800001,-0.05,0.1100001,0.1700001,0.4200001,0.8099999,108.52,4.3337,361.82,279.23,1.0825,34.2,34.3,31.2,31.6,106.3,36.5,73.2,31.61,47.8,31.9,25.1,35.3,38.8,26.5,31.5,33.4,32.1,22.12687,45.62247,24.53199,17.31068,2.63,3.25,2.49,103.9
07/01/1965,2506.8,2349.2,19.95275,282607.0,77982.0,35.5329,34.1562,33.9204,41.8484,30.7248,47.1678,17.4496,36.5831,24.652,43.9525,32.7828,30.9719,53.7017,59.0,90.2974,53.0,1.19,71460.0,67070.0,4.4,11.6,1654.0,959.0,683.0,359.0,324.0,232.4,50762.0,20611.0,608.9,3249.0,16669.0,10018.0,6651.0,40352.0,12160.0,2976.1,6277.4,2880.0,10201.0,40.7,3.5,41.2,56.2,1529.0,242.0,424.0,606.0,258.0,1237.0,240.0,345.0,402.0,250.0,58.1,56.6,65.1,53.8,24964.0,77896.0,15518.0,227314.0,320.82,1.133,163.1,442.9,34.9,20.00089,48281.0,12073.0,11544.0,48072.0,4.2,92694.63,16.69,84.91,89.92,3.09,17.28,4.09,4.33426,3.84,3.9,3.98,4.15,4.2,4.48,4.88,0.2442598,-0.2500002,-0.1900001,-0.1100001,0.0599999,0.1099997,0.3899999,0.79,108.61,4.3238,362.33,279.1001,1.0837,34.1,34.3,31.2,31.2,105.4,36.2,71.8,31.58,47.7,31.9,25.3,35.3,38.7,26.6,31.5,33.4,32.0,22.14402,45.63089,24.53919,17.34604,2.62,3.21,2.49,104.1
08/01/1965,2516.9,2361.2,20.09529,282889.0,78021.0,35.6832,34.1857,33.9496,41.8115,30.4096,47.298,17.4495,36.9433,24.9626,44.2554,32.8102,31.1639,53.8563,56.6,89.8508,55.0,1.253,71362.0,67007.0,4.4,11.9,1613.0,940.0,733.0,406.0,327.0,249.7,50957.0,20726.0,608.9,3303.0,16732.0,10079.0,6653.0,40502.0,12194.0,2981.6,6290.5,2886.0,10271.0,40.6,3.5,41.1,58.0,1432.0,260.0,339.0,601.0,232.0,1249.0,261.0,320.0,397.0,271.0,58.1,56.0,65.4,57.2,25025.0,78505.0,15109.0,229632.0,324.2,1.144,163.7,445.8,35.1,20.12319,48453.0,12079.0,11531.0,49139.0,12.8,93287.1,16.73,86.49,91.68,3.06,16.92,4.12,4.29416,3.84,3.95,4.07,4.2,4.25,4.49,4.88,0.17416,-0.28,-0.1699998,-0.0499997,0.0799999,0.1300001,0.3699999,0.7600002,108.49,4.3176,362.35,279.0801,1.0786,34.2,34.3,31.3,31.5,106.8,36.6,70.5,31.55,47.8,31.9,25.3,35.2,38.5,26.6,31.5,33.3,32.0,22.15354,45.66408,24.52707,17.35893,2.64,3.24,2.5,104.3
09/01/1965,2582.8,2379.7,20.4347,279192.0,77559.0,35.7734,34.5102,34.4163,42.4383,30.9673,47.9055,17.7867,36.6432,24.7879,44.0989,32.8925,32.2064,52.9802,63.8,89.5586,57.0,1.314,71286.0,67015.0,4.3,11.9,1627.0,860.0,732.0,376.0,356.0,219.9,51152.0,20808.0,603.4,3320.0,16802.0,10130.0,6672.0,40682.0,12237.0,2992.8,6315.4,2894.0,10338.0,40.6,3.5,41.1,56.2,1482.0,278.0,361.0,573.0,269.0,1227.0,264.0,306.0,403.0,254.0,61.0,63.6,61.2,55.7,23832.0,76173.0,15614.0,233510.0,323.64,1.158,164.9,449.5,35.3,20.28483,48712.0,12071.0,11517.0,50141.0,12.0,94126.48,16.44,89.38,94.93,2.98,17.07,4.01,4.25032,3.92,4.07,4.2,4.25,4.29,4.52,4.91,0.2403197,-0.0900002,0.0599999,0.1899996,0.2399998,0.2799997,0.5099998,0.8999996,108.4,4.3174,362.36,279.6697,1.0766,34.3,34.3,31.3,31.4,107.6,36.7,66.3,31.62,47.8,31.9,25.3,35.2,38.5,26.7,31.6,33.4,32.1,22.15942,45.65826,24.50292,17.38733,2.65,3.25,2.51,105.3
10/01/1965,2568.7,2404.5,20.7182,286655.0,81531.0,36.1342,34.8641,34.7079,42.6596,31.2583,48.0357,18.0429,37.0333,24.8267,44.7158,33.1666,32.8373,53.444,60.5,89.7893,59.0,1.392,71695.0,67277.0,4.2,12.1,1533.0,920.0,672.0,336.0,336.0,210.3,51340.0,20895.0,608.5,3340.0,16864.0,10161.0,6703.0,40823.0,12277.0,3002.3,6337.3,2904.0,10378.0,40.7,3.7,41.2,56.9,1452.0,250.0,364.0,562.0,277.0,1279.0,273.0,305.0,448.0,253.0,58.6,62.0,59.1,46.5,24697.0,80018.0,16074.0,238541.0,324.25,1.131,166.0,452.6,35.6,20.41593,49029.0,12118.0,11630.0,50812.0,8.1,94804.53,16.65,91.39,97.2,2.91,17.34,4.08,4.22613,4.03,4.19,4.3,4.34,4.35,4.56,4.93,0.1461301,-0.0499997,0.1100001,0.2200003,0.2600002,0.27,0.48,0.8499999,108.32,4.3197,362.29,280.3101,1.0753,34.4,34.5,31.3,31.8,107.8,36.8,68.6,31.65,47.9,31.8,25.4,35.3,38.5,26.8,31.7,33.5,32.2,22.16897,45.23059,24.55128,17.42563,2.66,3.27,2.52,106.3
11/01/1965,2588.4,2421.8,20.71006,290775.0,81384.0,36.2845,35.1886,35.0288,42.8808,31.4766,48.3394,18.38,36.8832,24.6132,44.8065,33.3036,32.1789,54.6809,60.9,89.6483,63.0,1.52,71724.0,67631.0,4.1,11.7,1531.0,895.0,645.0,334.0,311.0,214.0,51561.0,21021.0,610.9,3365.0,16962.0,10233.0,6729.0,40976.0,12311.0,3006.8,6362.1,2910.0,10436.0,40.7,3.8,41.3,54.7,1460.0,288.0,393.0,529.0,251.0,1306.0,279.0,308.0,424.0,295.0,59.4,61.9,65.1,48.7,25565.0,80857.0,16341.0,242281.0,326.35,1.122,166.7,455.7,35.8,20.5216,49234.0,12087.0,11655.0,51650.0,10.1,95405.27,16.6,92.15,98.02,2.96,17.51,4.1,4.22533,4.09,4.24,4.37,4.46,4.45,4.6,4.95,0.12533,-0.0099998,0.1399999,0.27,0.3600001,0.3499999,0.5,0.8499999,108.24,4.3197,361.52,280.3699,1.0752,34.5,34.7,31.4,32.1,108.3,37.3,70.6,31.75,48.0,31.9,25.5,35.4,38.6,26.9,31.7,33.5,32.2,22.20587,45.25628,24.59106,17.47084,2.66,3.28,2.52,107.3
12/01/1965,2601.6,2434.3,20.75261,292671.0,82592.0,36.7354,35.631,35.4079,43.1389,32.1313,48.296,18.7711,37.3034,24.9043,45.3159,33.8244,32.2887,54.784,64.4,90.5141,64.0,1.565,72062.0,67903.0,4.0,11.4,1436.0,857.0,659.0,366.0,293.0,208.0,51822.0,21151.0,609.9,3406.0,17051.0,10304.0,6747.0,41170.0,12361.0,3015.5,6405.3,2915.0,10499.0,40.8,3.8,41.3,60.2,1656.0,338.0,451.0,635.0,232.0,1315.0,273.0,380.0,441.0,221.0,62.8,62.9,73.5,47.4,26075.0,82711.0,17482.0,246669.0,328.26,1.121,167.8,459.2,36.0,20.60378,49620.0,12316.0,11872.0,52300.0,7.8,95954.72,16.55,91.73,97.66,3.06,17.45,4.32,4.47635,4.38,4.55,4.72,4.72,4.62,4.68,5.02,0.1563497,0.0599999,0.23,0.3999996,0.3999996,0.2999997,0.3599997,0.6999998,108.24,4.3174,361.15,280.21,1.076,34.7,34.9,31.4,32.7,111.1,36.8,67.0,31.85,48.1,32.0,25.5,35.5,38.7,26.9,31.8,33.7,32.3,22.28717,45.55149,24.68983,17.51051,2.67,3.28,2.53,104.9
01/01/1966,2608.9,2440.4,20.8852,295908.0,82123.0,37.0961,35.926,35.8162,43.3601,32.2283,48.5563,19.1487,37.8136,25.4284,45.5005,34.1533,32.563,55.6601,68.4,90.8594,65.0,1.613,72198.0,68121.0,4.0,11.9,1523.0,777.0,623.0,333.0,290.0,223.4,51987.0,21214.0,610.8,3379.0,17143.0,10382.0,6761.0,41314.0,12403.0,3026.1,6416.4,2921.0,10541.0,41.0,3.9,41.5,62.6,1370.0,278.0,340.0,485.0,268.0,1325.0,304.0,338.0,430.0,253.0,65.8,66.5,74.9,49.7,25948.0,85226.0,16588.0,253759.0,331.36,1.119,169.1,462.0,36.2,20.70535,49850.0,12295.0,11875.0,53195.0,10.7,97030.72,16.67,93.32,99.56,3.02,17.75,4.42,4.68057,4.59,4.71,4.88,4.86,4.61,4.74,5.06,0.26057,0.1700001,0.29,0.46,0.4400001,0.1900001,0.3199997,0.6399999,108.26,4.3286,361.08,280.3899,1.0749,34.7,35.0,31.4,33.1,114.3,37.1,75.9,31.88,48.3,31.9,25.6,35.6,38.6,27.0,31.8,33.7,32.4,22.31308,45.11627,24.77468,17.53673,2.68,3.28,2.54,102.4
02/01/1966,2619.9,2450.8,21.02358,295566.0,82075.0,37.3366,36.044,35.9329,43.4707,32.1798,48.8167,19.0947,38.2337,25.7973,45.81,34.3727,33.1391,54.887,66.1,90.9108,66.0,1.735,72134.0,68056.0,3.8,11.2,1505.0,758.0,594.0,324.0,270.0,220.1,52185.0,21315.0,609.5,3336.0,17288.0,10492.0,6796.0,41481.0,12435.0,3036.8,6425.5,2924.0,10611.0,41.2,4.0,41.7,61.2,1378.0,221.0,347.0,572.0,237.0,1159.0,234.0,317.0,382.0,226.0,65.5,66.1,80.1,48.7,26324.0,84769.0,18053.0,259480.0,335.09,1.132,169.6,464.6,36.4,20.73404,50054.0,12193.0,11711.0,54071.0,10.5,97758.36,16.65,92.69,99.11,3.06,17.64,4.6,4.70047,4.65,4.82,4.94,4.98,4.83,4.78,5.12,0.1004701,0.0500002,0.2200003,0.3400002,0.3800001,0.23,0.1800003,0.52,108.38,4.3333,361.91,280.25,1.0765,35.0,35.3,31.6,33.7,116.1,37.5,80.9,32.08,48.4,32.0,25.6,35.8,38.6,27.0,31.9,33.9,32.5,22.4076,45.33191,24.93048,17.5794,2.7,3.33,2.56,100.0
03/01/1966,2631.8,2462.2,21.18797,300959.0,82943.0,37.8477,36.4274,36.2829,43.8026,32.4223,49.1638,19.4723,38.9239,26.2243,46.6029,34.8386,33.0842,55.0416,63.8,91.5884,70.0,1.798,72188.0,68119.0,3.8,11.1,1523.0,814.0,583.0,315.0,268.0,183.2,52499.0,21515.0,611.4,3421.0,17400.0,10580.0,6820.0,41676.0,12474.0,3045.9,6454.5,2936.0,10692.0,41.2,3.9,41.6,61.5,1394.0,257.0,363.0,544.0,230.0,1234.0,273.0,344.0,395.0,222.0,65.7,64.3,86.4,52.3,27305.0,88246.0,17798.0,267447.0,338.38,1.124,170.5,467.2,36.5,20.79988,50171.0,12164.0,11604.0,54805.0,8.8,98446.39,16.65,88.88,95.04,3.23,16.95,4.65,5.07176,4.59,4.78,4.97,4.92,4.87,4.92,5.32,0.4217601,-0.0599999,0.1300001,0.3199997,0.27,0.2199998,0.27,0.6700001,108.43,4.3403,362.12,279.5198,1.0764,35.0,35.3,31.7,33.5,115.9,37.9,85.7,32.18,48.5,32.1,25.8,35.9,38.7,27.1,31.9,34.0,32.6,22.46166,45.33973,25.04728,17.60366,2.7,3.34,2.56,98.7
04/01/1966,2631.3,2463.2,21.19986,298842.0,82142.0,37.9078,36.6044,36.5454,43.95,33.0286,49.0771,19.6206,38.8339,26.496,46.4818,35.0305,33.1665,55.3509,63.1,91.5416,67.0,1.756,72510.0,68402.0,3.8,10.8,1563.0,653.0,575.0,324.0,251.0,179.9,52677.0,21568.0,574.9,3394.0,17517.0,10674.0,6843.0,41868.0,12529.0,3052.9,6470.1,2942.0,10759.0,41.2,4.1,41.8,59.9,1352.0,241.0,343.0,529.0,239.0,1145.0,245.0,291.0,394.0,215.0,64.2,64.3,79.3,53.0,26771.0,86269.0,18277.0,273113.0,340.78,1.138,171.8,469.3,36.7,20.8205,50439.0,12258.0,11621.0,55377.0,6.9,98805.09,16.66,91.6,98.17,3.15,17.53,4.67,5.31848,4.62,4.74,4.9,4.83,4.75,4.96,5.41,0.6484799,-0.0500002,0.0699997,0.23,0.1599998,0.0799999,0.29,0.7399998,108.5,4.3286,362.44,279.3401,1.0772,35.1,35.3,31.8,33.3,114.8,38.3,83.9,32.28,48.7,32.2,25.9,36.0,38.7,27.3,32.1,34.2,32.8,22.54029,45.40287,25.12288,17.67737,2.72,3.38,2.58,97.3
05/01/1966,2640.1,2471.8,21.00663,295948.0,79947.0,38.2685,36.8698,36.7787,43.95,32.4951,49.3808,19.8768,39.2841,26.6513,46.9034,35.2772,33.4683,55.8147,55.5,91.6379,68.0,1.709,72497.0,68567.0,3.9,10.2,1631.0,821.0,534.0,249.0,285.0,193.0,52890.0,21675.0,608.5,3360.0,17625.0,10754.0,6871.0,42036.0,12560.0,3064.1,6506.6,2949.0,10821.0,40.8,4.0,41.5,57.0,1265.0,204.0,315.0,526.0,219.0,1078.0,234.0,275.0,369.0,200.0,57.7,52.7,74.6,53.8,26564.0,84953.0,18319.0,277500.0,344.57,1.163,171.3,470.1,37.0,20.83309,50591.0,12263.0,11575.0,56139.0,9.1,99305.44,16.67,86.78,92.85,3.3,16.68,4.9,5.28691,4.64,4.81,4.93,4.89,4.78,4.98,5.48,0.38691,-0.2600002,-0.0900002,0.0299997,-0.0100002,-0.1199999,0.0799999,0.5799999,108.48,4.3165,362.28,279.23,1.0769,35.1,35.2,32.0,33.0,113.0,38.4,83.3,32.35,48.8,32.1,26.0,36.0,38.8,27.4,32.2,34.2,32.8,22.56507,45.41396,25.12377,17.72062,2.72,3.39,2.58,96.0
06/01/1966,2654.1,2487.0,21.06081,300221.0,81287.0,38.4489,37.0763,37.0413,44.1344,32.4951,49.6412,20.0656,39.5242,26.8066,47.1823,35.4416,34.0718,54.3202,57.6,91.5205,69.0,1.781,72775.0,68808.0,3.8,9.7,1647.0,779.0,475.0,245.0,230.0,195.6,53208.0,21846.0,609.5,3422.0,17733.0,10835.0,6898.0,42264.0,12615.0,3077.6,6537.7,2959.0,10902.0,40.9,4.0,41.4,58.8,1194.0,224.0,286.0,490.0,194.0,956.0,204.0,246.0,327.0,179.0,59.0,55.9,71.6,53.3,26786.0,87015.0,18064.0,283304.0,348.52,1.159,171.6,471.2,37.0,20.82826,50754.0,12256.0,11549.0,57228.0,13.1,99788.67,16.62,86.06,92.14,3.36,16.08,5.17,5.46117,4.5,4.65,4.97,4.97,4.81,5.07,5.58,0.2911701,-0.6700001,-0.52,-0.2000003,-0.2000003,-0.3600001,-0.0999999,0.4099998,108.45,4.3161,362.53,278.98,1.0767,34.9,35.1,32.0,33.0,113.7,38.7,81.5,32.38,48.9,32.2,26.1,36.0,38.8,27.5,32.3,34.2,32.9,22.62311,45.43318,25.17205,17.78115,2.73,3.42,2.58,94.2
07/01/1966,2665.5,2499.2,21.24533,296502.0,81924.0,38.6593,37.3123,37.2454,44.0606,31.8888,49.9449,20.3893,39.6142,26.7678,47.6962,35.6061,34.4284,55.5055,59.3,91.4046,69.0,1.779,72860.0,68940.0,3.8,9.7,1640.0,809.0,427.0,218.0,209.0,200.3,53327.0,21872.0,611.2,3420.0,17760.0,10852.0,6908.0,42429.0,12640.0,3093.3,6557.7,2973.0,10974.0,40.8,3.9,41.2,58.9,1086.0,192.0,256.0,459.0,179.0,932.0,226.0,228.0,306.0,172.0,60.3,56.3,73.1,57.9,26324.0,84875.0,18896.0,288526.0,351.41,1.183,170.3,470.9,37.2,20.77681,51019.0,12371.0,11629.0,58223.0,11.9,100061.4,16.56,85.84,91.95,3.37,15.7,5.3,5.57075,4.8,4.93,5.17,5.17,5.02,5.16,5.68,0.27075,-0.5,-0.3700004,-0.1300001,-0.1300001,-0.2800002,-0.1400003,0.3799996,108.37,4.317,362.66,278.8799,1.0751,35.1,35.2,32.2,33.4,115.4,38.6,79.7,32.45,49.1,32.5,26.3,36.1,38.9,27.7,32.4,34.3,33.0,22.6647,45.58442,25.20366,17.82637,2.75,3.42,2.6,92.5
08/01/1966,2679.0,2505.8,21.27781,298398.0,81894.0,38.6894,37.1943,37.2746,43.9131,31.3796,50.0317,20.4702,39.9443,27.0201,47.8504,35.6883,34.6753,56.3301,57.7,91.0801,68.0,1.738,73146.0,69225.0,3.8,9.8,1622.0,827.0,464.0,259.0,205.0,196.0,53501.0,21972.0,614.9,3394.0,17882.0,10951.0,6931.0,42535.0,12661.0,3100.0,6575.1,2973.0,11006.0,40.9,4.0,41.4,56.4,1119.0,233.0,295.0,412.0,178.0,877.0,208.0,220.0,305.0,144.0,58.5,53.3,74.3,57.0,26341.0,82948.0,17575.0,291486.0,355.92,1.191,170.8,472.6,37.4,20.7714,50989.0,12165.0,11430.0,59360.0,13.6,100586.7,16.5,80.65,86.4,3.6,14.29,5.53,5.65521,4.96,5.27,5.54,5.5,5.22,5.31,5.83,0.1252098,-0.5700002,-0.2600002,0.0099998,-0.0300002,-0.3100004,-0.2200003,0.2999997,108.37,4.3271,362.62,278.8799,1.0754,35.4,35.6,32.3,33.5,112.9,37.8,79.5,32.65,49.1,32.6,26.4,36.2,39.0,27.7,32.5,34.5,33.1,22.75244,45.61853,25.36235,17.86954,2.76,3.44,2.61,90.7
09/01/1966,2694.1,2511.4,21.47489,300018.0,81461.0,39.0501,37.4598,37.5371,44.0607,31.5736,50.1619,20.6994,40.3345,27.5636,47.814,35.9624,34.3736,56.5362,57.9,91.2464,67.0,1.775,73258.0,69306.0,3.7,10.1,1555.0,793.0,488.0,286.0,202.0,198.9,53582.0,21948.0,614.3,3367.0,17886.0,10988.0,6898.0,42697.0,12702.0,3098.9,6581.1,2978.0,11063.0,40.7,3.8,41.2,56.5,1046.0,184.0,271.0,441.0,149.0,774.0,159.0,218.0,261.0,136.0,58.7,55.2,72.4,54.8,26799.0,89122.0,18421.0,298245.0,357.34,1.19,172.0,475.4,37.5,20.8289,51154.0,12229.0,11460.0,59950.0,7.1,100672.5,16.37,77.81,83.11,3.75,13.46,5.4,5.5526,5.37,5.79,5.82,5.5,5.18,5.49,6.09,0.1525998,-0.0300002,0.3899999,0.4200001,0.0999999,-0.2200003,0.0899997,0.6900001,108.44,4.3286,362.66,278.9297,1.0764,35.6,35.7,32.2,33.4,109.5,37.6,73.7,32.75,49.4,32.6,26.7,36.4,39.0,27.9,32.5,34.6,33.2,22.82405,45.61338,25.4502,17.93952,2.78,3.47,2.63,90.5
10/01/1966,2706.2,2523.2,21.3776,301682.0,82237.0,39.3207,37.8137,38.0329,44.9824,33.1983,50.5524,20.632,40.5145,27.7578,47.4415,36.3187,34.5656,57.4124,57.0,91.618,67.0,1.775,73401.0,69489.0,3.7,10.3,1541.0,780.0,494.0,273.0,221.0,204.0,53727.0,21991.0,613.9,3340.0,17956.0,11036.0,6920.0,42863.0,12737.0,3108.9,6595.8,2983.0,11127.0,40.8,3.9,41.3,56.9,843.0,122.0,220.0,372.0,129.0,739.0,141.0,197.0,261.0,140.0,57.2,51.6,68.7,58.2,26894.0,86213.0,18003.0,301858.0,361.65,1.198,171.2,475.7,37.7,20.78439,51200.0,12199.0,11465.0,60578.0,7.5,100953.1,16.3,77.13,82.01,3.76,13.43,5.53,5.80201,5.35,5.62,5.58,5.27,5.01,5.41,6.1,0.2720098,-0.1800003,0.0899997,0.0499997,-0.2600002,-0.52,-0.1200004,0.5699997,108.54,4.3358,362.67,279.1597,1.0796,35.5,35.7,32.1,32.9,105.8,37.7,70.3,32.85,49.6,32.7,26.9,36.4,39.0,28.0,32.7,34.7,33.3,22.88737,45.65178,25.49428,18.0189,2.78,3.46,2.64,90.4
11/01/1966,2722.2,2532.4,21.42117,299635.0,81831.0,39.0501,37.7547,37.9163,44.7612,32.2041,50.8562,20.3354,39.9143,27.0395,47.4835,35.935,34.8674,56.0724,54.2,90.1293,67.0,1.793,73840.0,69895.0,3.6,9.7,1499.0,776.0,464.0,264.0,200.0,209.7,53816.0,21988.0,611.4,3314.0,17981.0,11042.0,6939.0,43031.0,12767.0,3120.6,6601.2,2991.0,11203.0,40.7,3.8,41.2,55.6,961.0,180.0,212.0,409.0,159.0,736.0,170.0,189.0,251.0,126.0,53.7,46.8,62.6,55.6,26313.0,83140.0,17219.0,302947.0,365.93,1.219,171.4,477.3,37.8,20.82109,51422.0,12205.0,11598.0,61043.0,5.6,101437.4,16.26,80.99,86.1,3.66,14.37,5.76,5.84652,5.32,5.54,5.54,5.36,5.16,5.35,6.13,0.0865197,-0.4400001,-0.2200003,-0.2200003,-0.4000001,-0.6000004,-0.4100003,0.3699999,108.58,4.3213,362.61,279.1099,1.0823,35.5,35.6,32.2,32.3,104.7,38.0,71.9,32.88,49.7,32.8,27.1,36.4,39.0,28.2,32.8,34.7,33.3,22.92387,45.70659,25.52272,18.04997,2.79,3.48,2.65,90.2
12/01/1966,2720.7,2528.7,21.45552,302226.0,82788.0,39.1403,37.8727,38.0329,44.6506,31.8646,50.8995,20.6185,39.9143,26.9037,47.8124,36.0995,34.7851,55.7632,54.1,90.0246,66.0,1.68,73729.0,69823.0,3.8,9.5,1582.0,745.0,488.0,278.0,210.0,220.9,53943.0,22008.0,612.3,3318.0,17998.0,11052.0,6946.0,43191.0,12806.0,3128.9,6628.7,3002.0,11256.0,40.6,3.5,40.9,50.7,990.0,179.0,242.0,409.0,160.0,743.0,151.0,176.0,285.0,131.0,52.4,48.8,57.9,53.7,26171.0,82631.0,17306.0,303755.0,368.9,1.219,172.0,480.2,38.0,20.90393,51565.0,12223.0,11690.0,61332.0,3.5,101788.2,16.29,81.33,86.5,3.59,14.84,5.4,5.98766,4.96,5.07,5.2,5.0,4.84,5.39,6.18,0.5876598,-0.4400001,-0.3299999,-0.2000003,-0.4000001,-0.5599999,-0.0100002,0.7799997,108.62,4.3236,362.62,279.0098,1.0832,35.4,35.4,32.2,32.1,104.9,37.8,67.6,32.92,49.9,32.6,27.2,36.4,38.9,28.2,32.8,34.7,33.4,22.97175,45.97646,25.55464,18.08111,2.79,3.49,2.64,92.3
01/01/1967,2747.1,2551.6,21.56009,302669.0,82401.0,39.3249,38.2677,38.3068,45.0555,31.0692,52.0793,20.4735,39.7467,26.8584,47.6644,36.2072,35.6803,56.1605,54.1,89.8425,67.0,1.674,73671.0,69781.0,3.9,9.3,1608.0,854.0,489.0,286.0,203.0,208.7,54092.0,22057.0,611.7,3329.0,18033.0,11049.0,6984.0,43350.0,12832.0,3134.4,6629.0,3012.0,11315.0,40.8,3.5,41.1,48.3,1067.0,214.0,287.0,435.0,131.0,995.0,289.0,234.0,322.0,150.0,49.1,46.2,48.2,48.2,26072.0,80501.0,14726.0,303876.0,373.93,1.233,171.9,481.6,38.2,20.96552,51876.0,12334.0,11924.0,61876.0,6.5,102198.5,16.2,84.45,89.88,3.51,15.26,4.94,5.78543,4.72,4.74,4.75,4.7,4.58,5.2,5.97,0.8454299,-0.2200003,-0.2000003,-0.1900001,-0.2400002,-0.3600001,0.2599998,1.03,108.54,4.3311,362.62,279.1038,1.0796,35.4,35.4,32.2,32.2,105.0,38.2,72.9,32.9,50.1,32.6,27.4,36.4,38.9,28.3,32.9,34.8,33.3,22.97105,45.7145,25.56486,18.11488,2.8,3.52,2.65,94.3
02/01/1967,2749.5,2549.9,21.48415,301507.0,81734.0,38.8789,38.0285,38.0788,44.4495,30.2059,51.6666,20.4986,38.9909,26.0979,47.1553,35.8002,35.8507,55.4807,50.4,88.3949,66.0,1.679,73606.0,69883.0,3.8,9.2,1596.0,862.0,459.0,258.0,201.0,252.0,54074.0,21987.0,609.7,3317.0,17978.0,11031.0,6947.0,43440.0,12837.0,3133.7,6626.7,3023.0,11353.0,40.0,3.4,40.4,47.6,1123.0,237.0,252.0,448.0,186.0,907.0,200.0,229.0,310.0,168.0,47.6,45.1,49.9,45.3,25962.0,79762.0,15532.0,303595.0,375.92,1.245,173.0,485.1,38.4,21.09603,52173.0,12280.0,11916.0,62404.0,6.3,102362.6,16.19,87.36,93.35,3.36,15.89,5.0,5.39948,4.56,4.59,4.71,4.74,4.63,5.03,5.82,0.3994799,-0.4400001,-0.4099998,-0.29,-0.2600002,-0.3699999,0.0300002,0.8200002,108.52,4.3363,362.63,279.4141,1.0807,35.3,35.3,32.1,31.5,104.1,38.4,61.8,33.0,50.3,32.8,27.5,36.4,39.0,28.4,33.0,34.8,33.4,22.99485,45.64727,25.59362,18.15509,2.82,3.52,2.67,96.4
03/01/1967,2766.7,2560.3,21.59112,303691.0,82590.0,38.6598,38.1311,38.182,44.5922,30.4845,51.7,20.4644,38.2697,25.5141,46.7493,35.6192,36.4261,56.0014,48.7,87.5162,64.0,1.642,73439.0,69682.0,3.8,8.9,1586.0,869.0,436.0,256.0,180.0,247.6,54133.0,21919.0,608.4,3290.0,17940.0,11005.0,6935.0,43611.0,12882.0,3143.9,6666.2,3037.0,11397.0,40.2,3.3,40.5,46.3,1056.0,134.0,270.0,469.0,183.0,955.0,172.0,248.0,354.0,181.0,45.3,45.3,38.0,45.6,25822.0,78394.0,15679.0,301401.0,377.96,1.242,174.8,489.7,38.5,21.27938,52494.0,12438.0,12237.0,63100.0,8.4,102732.2,16.13,89.42,95.86,3.29,16.3,4.53,5.33914,4.26,4.22,4.35,4.54,4.54,5.13,5.85,0.8091397,-0.27,-0.3100004,-0.1800003,0.0099998,0.0099998,0.5999999,1.32,108.52,4.3329,362.23,279.6272,1.0821,35.3,35.2,32.1,31.1,102.0,38.0,54.0,33.0,50.4,32.8,27.6,36.4,39.0,28.5,33.0,34.9,33.4,23.01289,45.65826,25.5956,18.17693,2.82,3.53,2.67,95.7
04/01/1967,2764.2,2560.7,21.79382,303492.0,82872.0,39.0244,38.492,38.5983,45.3533,30.7198,52.7645,20.4488,38.6342,25.4574,47.4537,35.8509,36.9982,56.8031,44.3,87.6555,65.0,1.665,73882.0,70134.0,3.8,8.8,1547.0,896.0,428.0,254.0,174.0,263.6,54032.0,21842.0,605.8,3277.0,17878.0,10944.0,6934.0,43625.0,12835.0,3151.3,6614.4,3051.0,11435.0,40.0,3.2,40.4,41.8,1091.0,173.0,268.0,484.0,168.0,1035.0,220.0,276.0,356.0,183.0,42.8,46.4,36.9,39.4,26111.0,78884.0,15798.0,300768.0,379.45,1.248,174.2,492.1,38.6,21.34761,52517.0,12488.0,12342.0,63598.0,6.0,102885.9,16.15,90.96,97.54,3.24,16.68,4.05,4.85843,3.84,3.89,4.11,4.51,4.59,5.11,5.83,0.8084297,-0.2100003,-0.1600001,0.0599999,0.46,0.54,1.06,1.78,108.48,4.3241,361.99,279.9185,1.0825,35.3,35.3,32.1,30.7,100.1,37.7,56.3,33.1,50.6,33.0,27.8,36.4,39.1,28.6,33.1,34.9,33.4,23.05177,45.78872,25.61193,18.21962,2.83,3.55,2.68,95.0
05/01/1967,2769.5,2565.2,21.7914,303244.0,82395.0,38.6839,38.2133,38.2415,44.4773,30.2912,51.6262,20.5254,38.2109,25.2594,47.0432,35.5967,38.0769,56.634,48.0,86.6106,64.0,1.62,73844.0,70186.0,3.8,8.7,1581.0,905.0,417.0,264.0,153.0,234.7,54144.0,21779.0,604.1,3262.0,17832.0,10927.0,6905.0,43839.0,12910.0,3151.3,6676.2,3065.0,11474.0,40.0,3.2,40.4,45.5,1304.0,205.0,375.0,501.0,223.0,1076.0,204.0,277.0,393.0,202.0,44.5,47.6,34.4,39.7,26254.0,83335.0,16090.0,303615.0,380.42,1.253,175.7,497.2,38.8,21.52695,52682.0,12418.0,12329.0,63998.0,4.8,103151.4,16.12,92.59,99.59,3.19,17.56,3.94,4.58989,3.6,3.8,4.15,4.75,4.85,5.24,5.96,0.6498899,-0.3400002,-0.1400001,0.21,0.8099999,0.9099998,1.3,2.02,108.44,4.3161,361.95,279.6902,1.0823,35.4,35.4,32.1,31.1,101.0,37.3,56.1,33.1,50.7,33.1,27.9,36.5,39.2,28.6,33.2,34.9,33.5,23.09663,45.89709,25.65713,18.25599,2.84,3.58,2.69,94.3
06/01/1967,2780.6,2575.2,21.91537,305496.0,84569.0,38.6791,38.257,38.2333,44.6106,29.9634,52.0567,20.4144,38.132,25.0823,47.1105,35.546,37.389,57.6546,50.7,86.0691,64.0,1.586,74278.0,70589.0,3.9,8.3,1704.0,883.0,422.0,272.0,150.0,221.7,54216.0,21761.0,602.7,3264.0,17812.0,10904.0,6908.0,43989.0,12928.0,3150.6,6696.4,3081.0,11534.0,40.1,3.2,40.4,45.8,1248.0,192.0,327.0,505.0,223.0,1169.0,226.0,306.0,406.0,231.0,46.8,51.8,36.5,39.6,26463.0,84805.0,16571.0,307528.0,379.96,1.242,177.0,502.0,38.9,21.66182,52867.0,12457.0,12351.0,64682.0,8.2,103741.0,16.1,91.43,98.61,3.19,18.16,3.98,4.45547,3.54,3.89,4.48,5.01,5.02,5.44,6.15,0.4754701,-0.4400001,-0.0899999,0.5,1.03,1.04,1.46,2.17,108.42,4.3167,361.96,279.1172,1.0806,35.7,35.7,32.2,31.4,100.8,37.3,58.4,33.3,50.9,33.1,28.1,36.6,39.3,28.8,33.3,35.1,33.6,23.17442,45.96478,25.75106,18.32366,2.85,3.61,2.69,94.7
07/01/1967,2796.0,2587.8,21.83905,303522.0,83769.0,38.591,38.1246,38.0174,44.5457,30.365,51.6817,20.0038,38.1177,24.8844,46.6847,35.402,36.6365,56.9798,53.4,85.3074,63.0,1.586,74520.0,70687.0,3.8,8.3,1642.0,863.0,412.0,261.0,151.0,232.1,54343.0,21772.0,604.2,3303.0,17784.0,10873.0,6911.0,44115.0,12964.0,3156.3,6717.3,3094.0,11544.0,40.2,3.3,40.5,50.2,1364.0,260.0,347.0,509.0,248.0,1177.0,228.0,329.0,396.0,224.0,49.5,53.7,40.9,38.1,26365.0,81759.0,16863.0,309980.0,381.24,1.255,178.1,506.3,39.0,21.77574,53165.0,12722.0,12607.0,65083.0,4.8,104094.3,16.01,93.01,100.38,3.15,18.39,3.79,4.53835,4.21,4.72,5.01,5.23,5.16,5.58,6.26,0.7483501,0.4200001,0.9299998,1.22,1.44,1.37,1.79,2.47,108.42,4.3238,362.06,278.7322,1.078,35.7,35.6,32.2,31.3,99.1,37.2,63.9,33.4,51.1,33.3,28.2,36.8,39.4,28.8,33.4,35.2,33.7,23.25064,46.26161,25.85844,18.3495,2.88,3.65,2.71,95.1
08/01/1967,2808.4,2598.3,21.90663,307599.0,83507.0,39.3304,38.601,38.4366,44.9783,30.7092,52.156,20.373,39.2512,26.026,47.3782,36.0664,35.9708,57.6062,56.4,86.4918,65.0,1.636,74767.0,70804.0,3.8,8.9,1595.0,928.0,441.0,241.0,200.0,211.6,54552.0,21887.0,590.5,3312.0,17905.0,10987.0,6918.0,44255.0,12987.0,3173.6,6727.3,3110.0,11590.0,40.2,3.4,40.6,52.9,1407.0,181.0,388.0,568.0,271.0,1229.0,220.0,337.0,407.0,265.0,52.2,55.4,44.8,41.7,27556.0,83309.0,17175.0,310961.0,385.49,1.252,179.7,510.8,39.2,21.90269,53347.0,12678.0,12598.0,64862.0,-2.7,104677.5,15.98,94.49,102.11,3.11,18.2,3.9,4.58119,4.27,4.83,5.13,5.31,5.28,5.62,6.33,0.68119,0.3699999,0.9299998,1.23,1.41,1.38,1.72,2.43,108.42,4.3363,362.33,278.5325,1.076,35.8,35.7,32.2,31.3,98.7,37.3,67.5,33.5,51.3,33.4,28.3,37.0,39.6,28.9,33.5,35.4,33.9,23.32134,46.40889,25.9434,18.39989,2.89,3.66,2.73,95.5
09/01/1967,2809.4,2600.8,22.09033,308685.0,85783.0,39.2665,38.6549,38.4483,45.0669,30.6139,52.3721,20.2686,38.9956,25.5717,48.0803,36.0602,35.5491,58.7599,57.4,86.0644,64.0,1.604,74854.0,71003.0,3.8,8.4,1667.0,895.0,448.0,286.0,162.0,215.3,54540.0,21775.0,587.4,3314.0,17794.0,10839.0,6955.0,44388.0,13010.0,3168.6,6759.6,3123.0,11623.0,40.3,3.4,40.6,51.6,1421.0,278.0,325.0,561.0,255.0,1279.0,243.0,363.0,429.0,244.0,54.9,62.0,46.5,46.8,26725.0,81638.0,16357.0,311176.0,385.01,1.246,180.7,514.7,39.4,22.00478,53670.0,12846.0,12758.0,65155.0,3.5,105172.3,16.0,95.81,103.84,3.07,17.98,3.99,4.57518,4.42,4.96,5.24,5.4,5.3,5.65,6.4,0.58518,0.4300001,0.97,1.25,1.41,1.31,1.66,2.41,108.39,4.3427,362.08,278.3694,1.0754,35.8,35.8,32.3,31.2,97.9,37.5,75.2,33.6,51.3,33.7,28.5,37.0,39.8,29.0,33.7,35.5,34.0,23.39037,46.60232,26.00917,18.46302,2.9,3.69,2.73,94.0
10/01/1967,2808.2,2596.8,21.88111,306543.0,84236.0,39.5863,38.8569,38.7068,45.6708,31.179,52.9793,20.1005,39.4881,25.7935,48.7529,36.361,37.4901,58.951,57.7,86.3701,66.0,1.557,75051.0,71043.0,4.0,8.7,1730.0,962.0,472.0,294.0,178.0,216.6,54583.0,21779.0,585.6,3313.0,17800.0,10828.0,6972.0,44446.0,13011.0,3168.8,6765.1,3133.0,11642.0,40.2,3.3,40.6,52.4,1491.0,258.0,399.0,580.0,254.0,1280.0,233.0,361.0,433.0,253.0,54.1,55.8,51.1,48.0,26494.0,82896.0,16424.0,314310.0,385.26,1.256,181.6,518.2,39.6,22.09025,54044.0,13088.0,12959.0,65644.0,5.9,105440.7,16.0,95.66,104.16,3.07,17.94,3.88,4.65895,4.56,5.07,5.37,5.57,5.48,5.82,6.52,0.7789497,0.6799998,1.19,1.49,1.69,1.6,1.94,2.64,108.49,4.3412,362.03,278.3179,1.0735,35.9,35.8,32.3,31.3,96.9,38.0,78.7,33.7,51.5,33.6,28.7,37.1,39.9,29.2,33.8,35.6,34.1,23.45832,46.84226,26.05077,18.51844,2.91,3.71,2.74,92.6
11/01/1967,2825.1,2612.3,22.02756,314800.0,85965.0,40.1525,39.4869,39.4763,46.6416,32.921,53.3909,20.6288,39.9274,26.1873,49.67,37.0263,38.5057,58.5352,58.6,87.5349,65.0,1.572,75125.0,71192.0,3.9,8.9,1680.0,905.0,490.0,308.0,182.0,199.4,55008.0,21996.0,585.6,3344.0,17985.0,11007.0,6978.0,44707.0,13084.0,3183.2,6804.3,3146.0,11695.0,40.5,3.3,40.6,51.5,1538.0,250.0,400.0,633.0,256.0,1297.0,228.0,356.0,462.0,251.0,54.2,57.0,51.4,44.4,27472.0,83687.0,16630.0,314797.0,388.39,1.233,182.4,521.2,39.7,22.14299,54241.0,13131.0,12999.0,66161.0,6.2,106296.6,15.98,92.66,100.9,3.18,17.4,4.13,4.86681,4.73,5.25,5.61,5.78,5.75,6.07,6.72,0.7368097,0.5999999,1.12,1.48,1.65,1.62,1.94,2.59,109.33,4.320401,362.0434,266.1814,1.0752,35.9,35.9,32.4,31.1,96.9,39.0,83.8,33.9,51.6,33.9,28.8,37.2,40.0,29.2,33.9,35.7,34.2,23.53792,46.98917,26.15561,18.57094,2.93,3.74,2.75,91.1
12/01/1967,2852.1,2638.3,22.32246,321800.0,88338.0,40.5849,39.8479,39.9634,47.4033,34.2385,53.751,20.8342,40.453,26.456,50.8035,37.4009,38.6003,59.3145,58.7,88.0043,66.0,1.621,75473.0,71397.0,3.8,8.6,1616.0,920.0,485.0,290.0,195.0,214.7,55165.0,22037.0,585.0,3345.0,18025.0,11033.0,6992.0,44863.0,13126.0,3179.6,6849.0,3161.0,11735.0,40.2,3.4,40.7,51.5,1308.0,193.0,354.0,519.0,242.0,1315.0,240.0,359.0,441.0,275.0,55.6,59.4,49.9,53.8,29052.0,90980.0,17442.0,318154.0,390.75,1.214,183.3,524.8,40.0,22.26273,54579.0,13180.0,12952.0,67068.0,10.9,106842.6,15.89,95.3,103.91,3.09,17.67,4.51,5.15269,4.97,5.49,5.71,5.75,5.7,6.19,6.93,0.6426897,0.4599996,0.9799995,1.2,1.24,1.19,1.68,2.42,110.85,4.318162,361.8862,240.6298,1.0804,36.0,35.9,32.6,31.5,98.1,39.5,79.6,34.0,51.9,33.9,29.0,37.4,40.2,29.4,34.0,35.8,34.3,23.57303,46.88702,26.18035,18.63095,2.94,3.76,2.77,92.2
01/01/1968,2857.4,2640.8,22.46145,318572.0,86238.0,40.5412,39.6628,39.6848,46.7666,33.2303,53.4137,20.9251,40.6307,26.7608,50.5223,37.3177,38.8663,59.0555,59.3,87.4084,67.0,1.726,74700.0,70792.0,3.7,9.4,1458.0,904.0,503.0,313.0,190.0,215.5,55011.0,21917.0,582.4,3211.0,18040.0,11053.0,6987.0,44888.0,13080.0,3177.4,6808.2,3169.0,11794.0,39.9,3.4,40.4,53.2,1380.0,213.0,359.0,515.0,292.0,1179.0,181.0,333.0,414.0,251.0,56.6,60.1,50.6,54.8,28673.0,85549.0,21726.0,316288.0,393.55,1.234,184.3,527.4,40.5,22.26874,54892.0,13239.0,12993.0,67254.0,2.2,105455.6,15.78,95.04,103.11,3.13,17.43,4.6,5.41872,5.0,5.24,5.43,5.54,5.53,6.17,6.84,0.8187199,0.4000001,0.6399999,0.8299999,0.9400001,0.9300003,1.57,2.24,111.09,4.344615,362.1614,240.9077,1.0848,36.1,35.9,32.6,31.4,98.1,40.0,78.0,34.1,52.1,34.1,29.1,37.5,40.2,29.5,34.2,36.0,34.4,23.68342,47.11454,26.30794,18.70585,2.98,3.84,2.81,93.2
02/01/1968,2878.8,2662.3,22.48306,317568.0,87070.0,40.6865,39.8921,39.8912,47.0165,33.7589,53.4756,20.9442,40.6332,26.8633,50.1268,37.4821,39.3883,60.0709,58.1,87.4062,66.0,1.63,75229.0,71270.0,3.8,8.7,1710.0,845.0,468.0,289.0,179.0,196.8,55395.0,22117.0,584.0,3397.0,18054.0,11050.0,7004.0,45097.0,13165.0,3193.9,6856.5,3182.0,11819.0,40.4,3.4,40.8,50.3,1520.0,211.0,372.0,642.0,296.0,1342.0,224.0,381.0,460.0,277.0,55.0,56.6,53.9,53.7,28397.0,85709.0,20519.0,315879.0,394.15,1.24,184.7,530.4,40.3,22.30372,55171.0,13188.0,12815.0,67415.0,1.9,106569.6,15.76,90.75,98.33,3.28,16.67,4.71,5.34706,4.98,5.17,5.41,5.59,5.56,6.1,6.8,0.6370602,0.27,0.46,0.6999998,0.8800001,0.8499999,1.39,2.09,111.16,4.348961,362.1089,240.9247,1.0874,36.2,36.1,32.7,31.5,98.4,41.1,76.3,34.2,52.4,34.2,29.2,37.6,40.3,29.6,34.3,36.1,34.5,23.78079,47.22413,26.41982,18.79947,2.99,3.79,2.82,94.3
03/01/1968,2903.3,2674.9,22.86178,319931.0,88934.0,40.8135,39.9967,40.0169,47.2958,33.6869,53.9876,21.1256,40.7886,26.8695,50.3422,37.5416,39.8426,59.7231,55.8,87.1601,67.0,1.726,75379.0,71475.0,3.7,8.5,1651.0,784.0,447.0,268.0,179.0,196.1,55454.0,22119.0,582.7,3388.0,18067.0,11054.0,7013.0,45177.0,13185.0,3201.0,6874.3,3191.0,11842.0,40.3,3.4,40.8,50.1,1466.0,181.0,374.0,627.0,283.0,1370.0,297.0,332.0,454.0,287.0,53.8,55.7,54.0,50.7,28433.0,89173.0,25156.0,318892.0,394.38,1.232,185.5,533.2,40.6,22.35121,55436.0,13186.0,12527.0,67732.0,3.8,107276.3,15.69,89.09,96.77,3.34,16.21,5.05,5.50377,5.17,5.33,5.58,5.76,5.74,6.11,6.85,0.4537697,0.1199999,0.2799997,0.5299997,0.71,0.6899996,1.06,1.8,111.08,4.331817,362.0565,239.9718,1.0849,36.3,36.2,32.8,31.6,99.0,41.8,76.1,34.3,52.7,34.2,29.4,37.7,40.4,29.8,34.4,36.2,34.6,23.85554,47.32005,26.48618,18.87659,3.01,3.84,2.84,92.8
04/01/1968,2918.0,2684.5,22.77951,319297.0,88529.0,40.8726,39.8949,39.8161,47.2161,33.7186,53.8471,21.021,41.1001,27.047,51.4159,37.5784,39.3507,58.8286,60.1,86.864,69.0,1.888,75561.0,71686.0,3.5,8.7,1436.0,856.0,393.0,244.0,149.0,198.8,55677.0,22207.0,596.6,3401.0,18131.0,11100.0,7031.0,45348.0,13256.0,3210.8,6919.2,3200.0,11878.0,40.0,3.1,40.3,53.5,1554.0,224.0,384.0,635.0,311.0,1286.0,243.0,330.0,446.0,267.0,58.0,64.5,49.0,54.9,28432.0,85341.0,21280.0,318542.0,397.18,1.243,186.6,535.7,40.9,22.3869,55692.0,13117.0,12432.0,68877.0,13.7,108119.9,15.69,95.67,104.42,3.12,17.29,5.76,5.70799,5.38,5.49,5.71,5.69,5.64,6.21,6.97,-0.0520101,-0.3800001,-0.2700005,-0.0500002,-0.0700002,-0.1200004,0.4499998,1.21,110.97,4.338583,362.2795,240.1786,1.0803,36.5,36.4,32.8,31.7,98.0,40.9,71.5,34.4,53.0,34.1,29.5,37.8,40.4,29.9,34.5,36.3,34.7,23.92918,47.38748,26.55968,18.94354,3.03,3.85,2.85,91.4
05/01/1968,2932.2,2699.9,22.93884,321534.0,88711.0,41.3311,40.2376,40.1876,47.4688,34.146,53.9784,21.337,41.7256,27.515,52.4334,38.0532,39.8589,60.8095,60.0,87.5782,69.0,1.867,76107.0,72293.0,3.5,8.2,1567.0,745.0,395.0,259.0,136.0,195.9,55747.0,22255.0,596.7,3390.0,18190.0,11128.0,7062.0,45397.0,13231.0,3219.7,6935.1,3210.0,11905.0,40.5,3.7,40.9,53.1,1408.0,213.0,348.0,577.0,270.0,1297.0,218.0,369.0,435.0,275.0,55.3,56.2,49.4,54.0,28954.0,83662.0,16435.0,315222.0,400.25,1.244,188.0,538.9,41.0,22.43779,55872.0,13130.0,12389.0,69067.0,2.3,108838.6,15.67,97.87,107.02,3.07,17.74,6.11,6.0431,5.66,5.83,6.14,6.04,5.87,6.27,7.03,-0.0669003,-0.4500003,-0.2800002,0.0299997,-0.0700002,-0.2400002,0.1599998,0.9200001,110.98,4.325634,362.2663,238.923,1.078,36.5,36.4,32.8,31.5,96.7,38.8,69.2,34.5,53.3,34.1,29.6,37.8,40.4,30.0,34.5,36.4,34.8,24.01752,47.49319,26.67635,19.01676,3.05,3.89,2.87,89.9
06/01/1968,2944.9,2712.1,23.13697,323808.0,90065.0,41.4829,40.3737,40.3404,47.7608,34.4782,54.2342,21.2888,41.8941,27.5852,52.6037,38.1333,39.9968,60.7666,54.9,87.382,69.0,1.741,76182.0,72376.0,3.7,7.9,1755.0,816.0,405.0,243.0,162.0,191.8,55917.0,22264.0,597.2,3363.0,18228.0,11141.0,7087.0,45640.0,13296.0,3232.9,6956.2,3215.0,11987.0,40.5,3.6,40.9,52.6,1405.0,220.0,354.0,541.0,289.0,1300.0,250.0,317.0,464.0,269.0,53.5,54.3,49.9,55.0,29182.0,84685.0,16397.0,313943.0,401.12,1.238,189.4,542.6,41.4,22.52127,56323.0,13251.0,12557.0,69598.0,6.4,109453.4,15.65,100.53,109.73,3.0,18.26,6.07,6.18407,5.52,5.64,5.98,5.85,5.72,6.28,7.07,0.1140699,-0.5500002,-0.4300003,-0.0900002,-0.2200003,-0.3500004,0.21,1.0,111.04,4.304222,361.8469,238.462,1.0771,36.6,36.5,32.9,31.3,96.1,38.7,70.4,34.7,53.5,34.3,29.7,38.0,40.5,30.2,34.8,36.6,35.0,24.09278,47.56374,26.75428,19.09017,3.05,3.89,2.88,89.8
07/01/1968,2963.1,2729.0,23.34826,326898.0,90947.0,41.4193,40.2434,40.176,47.6463,34.1821,54.2476,21.0828,41.9358,27.5535,53.1877,38.0174,39.5877,61.0058,56.5,86.7399,71.0,1.826,76087.0,72267.0,3.7,8.4,1647.0,831.0,426.0,267.0,159.0,195.8,56108.0,22329.0,599.9,3386.0,18265.0,11178.0,7087.0,45797.0,13339.0,3243.0,6985.3,3231.0,12018.0,40.4,3.6,40.8,48.2,1512.0,257.0,381.0,622.0,251.0,1344.0,222.0,327.0,502.0,293.0,54.1,54.5,55.9,55.8,28901.0,84195.0,20717.0,310589.0,402.7,1.231,190.5,545.6,41.6,22.57209,56626.0,13455.0,12928.0,70294.0,8.4,110438.0,15.65,100.3,109.16,3.0,18.25,6.02,6.16216,5.31,5.41,5.65,5.6,5.5,6.24,6.98,0.1421599,-0.71,-0.6100001,-0.3699999,-0.4200001,-0.52,0.2199998,0.96,110.87,4.298302,360.4903,238.9982,1.0738,36.7,36.6,33.0,31.6,95.4,38.3,67.1,34.9,53.9,34.3,29.9,38.1,40.7,30.4,34.9,36.7,35.2,24.17144,47.71912,26.83898,19.15563,3.07,3.93,2.89,89.7
08/01/1968,2975.3,2737.6,23.4163,321325.0,91757.0,41.5349,40.6224,40.5634,48.2155,34.6246,54.8664,21.2712,41.6218,26.9869,53.7388,38.2046,40.1937,61.0017,56.1,86.7919,72.0,1.928,76043.0,72307.0,3.5,8.3,1645.0,765.0,393.0,240.0,153.0,197.2,56286.0,22350.0,600.9,3417.0,18254.0,11144.0,7110.0,45978.0,13402.0,3251.6,7023.8,3253.0,12042.0,40.3,3.4,40.7,49.5,1495.0,254.0,341.0,613.0,287.0,1357.0,245.0,336.0,481.0,295.0,52.7,53.8,47.8,54.2,27772.0,83667.0,20237.0,313699.0,407.12,1.267,191.8,549.4,41.8,22.63985,56976.0,13440.0,12875.0,71359.0,12.8,111075.8,15.62,98.11,106.77,3.09,17.31,6.03,5.80685,5.09,5.23,5.43,5.5,5.42,6.02,6.82,-0.2231503,-0.9400001,-0.8000002,-0.6000004,-0.5300002,-0.6100001,-0.0100002,0.79,110.8,4.306076,359.6734,239.1134,1.0728,36.8,36.7,33.0,31.7,95.6,38.1,74.3,35.0,54.2,34.4,30.0,38.3,40.8,30.6,35.1,36.8,35.3,24.26694,47.88212,26.96216,19.22938,3.07,3.94,2.89,89.6
09/01/1968,2987.0,2749.7,23.37953,325822.0,89385.0,41.6922,40.7659,40.7666,48.4072,34.9813,54.9278,21.4998,41.7923,27.0622,54.194,38.2253,40.2622,60.7464,57.0,86.467,73.0,2.015,76172.0,72414.0,3.4,8.2,1534.0,781.0,375.0,243.0,132.0,190.1,56420.0,22390.0,602.7,3457.0,18252.0,11141.0,7111.0,46097.0,13448.0,3259.8,7051.0,3264.0,12067.0,40.5,3.7,40.9,47.1,1556.0,270.0,362.0,615.0,310.0,1464.0,234.0,393.0,522.0,315.0,51.8,55.4,48.4,42.4,30087.0,88443.0,17630.0,316555.0,405.88,1.246,192.7,553.6,42.2,22.72875,57160.0,13435.0,12931.0,72318.0,11.5,111914.5,15.63,101.34,110.53,3.01,17.44,5.78,5.78749,5.19,5.25,5.45,5.48,5.46,5.97,6.79,0.0074897,-0.5900002,-0.5300002,-0.3300004,-0.3000002,-0.3200002,0.1899996,1.01,110.69,4.30089,359.2083,238.7395,1.0732,37.0,36.9,33.1,31.9,96.4,38.0,72.4,35.1,54.5,34.4,30.2,38.4,40.9,30.7,35.2,36.9,35.4,24.35682,48.07149,27.03899,19.29972,3.1,3.96,2.92,90.3
10/01/1968,2992.2,2753.9,23.42057,330235.0,91469.0,41.7749,40.8659,40.8583,48.7132,35.4443,55.1018,21.6847,41.8412,27.4319,53.9681,38.4657,40.6203,60.4705,61.1,86.6397,77.0,2.123,76224.0,72483.0,3.4,8.4,1507.0,799.0,386.0,252.0,134.0,184.4,56619.0,22419.0,556.8,3490.0,18293.0,11160.0,7133.0,46301.0,13495.0,3270.6,7082.4,3283.0,12101.0,40.5,3.7,41.0,52.6,1569.0,220.0,390.0,656.0,303.0,1421.0,242.0,358.0,521.0,300.0,55.8,58.5,53.3,44.3,30562.0,92360.0,22150.0,320564.0,409.95,1.241,194.0,557.6,42.4,22.7945,57477.0,13529.0,13086.0,73153.0,10.0,113273.1,15.74,103.76,113.29,2.94,17.92,5.91,5.74103,5.35,5.41,5.57,5.55,5.58,6.09,6.84,-0.1689696,-0.5599999,-0.5,-0.3399997,-0.3599997,-0.3299999,0.1800003,0.9300003,110.66,4.297379,358.5515,238.9742,1.0729,37.0,37.0,33.2,32.1,97.1,38.2,70.8,35.3,54.8,34.5,30.4,38.6,40.9,30.9,35.3,37.1,35.6,24.46204,48.27684,27.16924,19.38226,3.12,4.0,2.94,90.9
11/01/1968,3004.2,2765.2,23.54976,333082.0,93391.0,42.3153,41.3127,41.2295,49.3479,36.2678,55.5647,21.7001,42.5097,27.8838,54.3784,39.0123,40.9115,60.9545,59.8,87.4975,77.0,2.103,76494.0,72736.0,3.4,8.1,1593.0,768.0,357.0,226.0,131.0,183.8,56878.0,22512.0,601.9,3486.0,18346.0,11216.0,7130.0,46473.0,13543.0,3283.7,7103.5,3298.0,12107.0,40.2,3.8,40.9,56.4,1630.0,203.0,378.0,721.0,327.0,1436.0,204.0,400.0,490.0,342.0,58.1,61.3,61.0,43.5,30795.0,88608.0,18632.0,321020.0,411.12,1.234,196.0,562.4,42.7,22.91246,57887.0,13649.0,13104.0,74374.0,14.7,114198.8,15.75,105.4,114.77,2.92,17.97,5.82,5.79179,5.45,5.6,5.75,5.66,5.7,6.19,7.01,-0.0282102,-0.3700004,-0.2200003,-0.0700002,-0.1600003,-0.1200004,0.3699999,1.19,110.62,4.299966,358.1021,238.5814,1.0732,37.1,37.0,33.2,32.8,100.1,38.3,69.5,35.4,54.9,34.7,30.6,38.7,41.3,31.0,35.5,37.3,35.8,24.5456,48.41541,27.26509,19.45015,3.14,4.04,2.96,91.6
12/01/1968,3015.2,2775.0,23.49044,329993.0,91919.0,42.4489,41.3861,41.1737,49.0735,36.5878,54.8917,21.9288,42.7317,27.9737,54.2999,39.0158,41.5362,61.8168,60.6,87.135,76.0,2.098,76778.0,73032.0,3.4,8.2,1527.0,800.0,351.0,191.0,160.0,199.4,57100.0,22617.0,600.5,3526.0,18410.0,11269.0,7141.0,46628.0,13581.0,3286.6,7131.8,3310.0,12145.0,40.3,3.7,40.7,52.8,1548.0,222.0,369.0,644.0,313.0,1389.0,224.0,316.0,533.0,316.0,56.1,56.7,58.3,46.3,30487.0,87774.0,19955.0,322095.0,411.54,1.247,197.4,566.8,43.0,23.03953,58357.0,13767.0,13021.0,75150.0,9.3,115357.5,15.82,106.48,116.01,2.93,18.14,6.02,6.04367,5.96,6.06,6.19,6.12,6.03,6.45,7.23,0.0236702,-0.0599999,0.04,0.1700001,0.0999999,0.0100002,0.4299998,1.21,110.64,4.299411,357.9098,238.4157,1.0732,37.1,37.0,33.4,32.4,100.8,38.7,76.8,35.6,55.2,34.5,30.8,38.8,41.1,31.2,35.6,37.3,35.9,24.6012,48.35164,27.29919,19.53629,3.16,4.04,2.97,93.7
01/01/1969,3018.0,2775.9,23.68253,330001.0,92515.0,42.7057,41.662,41.4588,49.3349,36.4966,55.3627,22.235,42.9418,28.0702,55.2734,39.2509,42.3683,58.4673,57.1,87.3058,79.0,2.155,76805.0,73101.0,3.4,8.1,1554.0,785.0,339.0,209.0,130.0,194.2,57229.0,22644.0,600.8,3534.0,18432.0,11322.0,7110.0,46794.0,13599.0,3293.8,7152.1,3326.0,12209.0,40.5,3.7,40.8,51.9,1769.0,278.0,468.0,757.0,265.0,1459.0,239.0,388.0,517.0,315.0,54.9,54.4,63.6,44.2,30755.0,89606.0,21463.0,322095.0,413.49,1.253,198.7,569.3,43.1,23.05049,58597.0,13629.0,12893.0,77048.0,22.8,116088.5,15.86,102.04,110.97,3.06,17.45,6.3,6.39805,6.14,6.28,6.34,6.25,6.04,6.59,7.32,0.0980496,-0.1600003,-0.02,0.04,-0.0500002,-0.2600002,0.29,1.02,110.67,4.320401,357.9867,238.3673,1.0729,37.2,37.2,33.6,32.6,102.9,39.8,77.1,35.7,55.5,34.7,30.9,38.9,41.1,31.4,35.8,37.4,36.0,24.69795,48.39188,27.41928,19.63125,3.18,4.07,2.99,95.9
02/01/1969,3031.3,2786.6,23.83346,330515.0,92931.0,42.979,41.8062,41.6064,49.7394,36.4717,56.0255,22.2261,43.4039,28.4601,55.7896,39.568,42.2309,61.8933,59.1,87.673,79.0,2.176,77327.0,73557.0,3.4,7.9,1442.0,863.0,358.0,243.0,115.0,194.7,57474.0,22755.0,600.9,3575.0,18502.0,11353.0,7149.0,46943.0,13644.0,3300.9,7173.4,3342.0,12224.0,40.1,3.5,40.4,56.1,1705.0,219.0,560.0,669.0,256.0,1495.0,243.0,423.0,525.0,304.0,57.0,57.9,60.1,46.3,30916.0,91564.0,23902.0,323594.0,415.84,1.259,199.3,571.9,43.4,23.09541,58917.0,13714.0,12879.0,77843.0,9.5,117232.7,15.91,101.46,110.15,3.1,17.41,6.61,6.47214,6.12,6.3,6.41,6.34,6.19,6.66,7.3,-0.1378603,-0.4900002,-0.3099999,-0.2000003,-0.27,-0.4200001,0.0499997,0.6900001,110.76,4.320588,357.8458,239.1384,1.0746,37.2,37.1,33.7,32.3,105.1,40.4,79.6,35.8,55.7,35.2,31.2,39.0,41.6,31.5,36.0,37.6,36.1,24.7625,48.5862,27.44881,19.69464,3.19,4.07,3.0,98.0
03/01/1969,3044.0,2799.2,23.73104,331731.0,91700.0,43.3161,42.2144,41.9043,50.0874,36.6771,56.4424,22.4467,43.6078,28.5795,56.0529,39.87,42.8682,62.0825,58.8,88.0033,80.0,2.187,77367.0,73699.0,3.4,7.9,1603.0,770.0,353.0,234.0,119.0,185.3,57677.0,22813.0,597.2,3579.0,18558.0,11391.0,7167.0,47093.0,13684.0,3307.8,7200.7,3355.0,12229.0,40.4,3.7,40.8,53.8,1561.0,285.0,376.0,562.0,339.0,1438.0,254.0,366.0,507.0,311.0,57.1,59.3,60.5,47.6,31035.0,89812.0,20884.0,323929.0,417.81,1.26,200.0,574.4,43.6,23.0882,58999.0,13653.0,12751.0,79091.0,15.0,118123.8,15.9,99.3,108.2,3.17,16.87,6.79,6.74832,6.02,6.16,6.34,6.41,6.3,6.85,7.51,-0.0416799,-0.77,-0.6300001,-0.4499998,-0.3800001,-0.4899998,0.0599999,0.7200003,110.85,4.299041,357.9739,239.1671,1.0769,37.4,37.3,33.9,32.7,106.2,40.7,79.4,36.1,55.9,35.8,31.4,39.3,42.1,31.8,36.3,37.8,36.4,24.87852,48.83666,27.56006,19.7966,3.22,4.16,3.01,95.7
04/01/1969,3053.8,2808.9,23.82758,333165.0,91876.0,43.1567,41.8757,41.6105,49.3476,35.7117,55.8856,22.6776,43.7342,28.6002,56.5334,39.7033,43.0052,61.5627,55.1,87.3008,80.0,2.15,77523.0,73894.0,3.4,7.9,1600.0,764.0,386.0,253.0,133.0,182.3,57827.0,22815.0,596.3,3590.0,18554.0,11385.0,7169.0,47257.0,13748.0,3315.1,7222.1,3371.0,12245.0,40.7,3.6,41.0,52.7,1524.0,242.0,343.0,582.0,358.0,1441.0,242.0,351.0,502.0,346.0,55.2,54.4,63.9,49.2,31125.0,94323.0,25441.0,329268.0,419.54,1.26,200.7,575.7,43.8,23.03865,59062.0,13471.0,12468.0,81132.0,24.5,119085.1,15.92,101.26,110.68,3.11,16.95,7.41,7.08367,6.11,6.13,6.26,6.3,6.17,6.89,7.54,-0.3263297,-1.3,-1.28,-1.15,-1.11,-1.24,-0.52,0.1300001,110.84,4.322455,358.2047,239.3127,1.0764,37.6,37.5,33.8,33.1,107.8,41.5,78.8,36.3,56.2,35.8,31.6,39.4,42.2,32.0,36.4,38.0,36.6,24.98844,48.88686,27.72183,19.88534,3.24,4.2,3.03,93.4
05/01/1969,3064.5,2819.1,23.98385,332935.0,92598.0,42.9936,41.6751,41.3317,48.9793,35.2341,55.6027,22.5258,43.6307,28.2711,56.9896,39.5435,42.7681,62.4612,56.3,86.6183,80.0,2.186,77412.0,73706.0,3.4,7.9,1649.0,657.0,387.0,261.0,126.0,181.6,58044.0,22899.0,596.9,3635.0,18588.0,11407.0,7181.0,47429.0,13801.0,3328.5,7266.1,3383.0,12284.0,40.4,3.7,40.7,52.8,1583.0,239.0,391.0,609.0,344.0,1328.0,242.0,290.0,470.0,326.0,56.7,57.6,64.9,50.7,31152.0,88595.0,21061.0,330615.0,421.51,1.267,200.8,576.5,43.9,22.97445,59552.0,13844.0,12470.0,82277.0,13.7,119971.1,15.94,104.62,114.53,3.02,17.63,8.67,7.37735,6.04,6.15,6.42,6.54,6.32,6.79,7.52,-1.29265,-2.63,-2.52,-2.25,-2.13,-2.35,-1.88,-1.15,110.88,4.325821,358.4358,238.65,1.0772,37.8,37.8,33.9,34.0,109.8,42.0,79.3,36.4,56.4,35.5,31.8,39.5,42.0,32.2,36.5,38.1,36.7,25.09309,48.91256,27.84285,19.98214,3.26,4.25,3.04,91.1
06/01/1969,3073.6,2828.6,23.89041,332745.0,91647.0,43.4136,41.9809,41.6472,49.5445,36.4197,55.7146,22.7525,44.2153,28.6759,57.0173,39.7837,42.699,62.5578,56.9,86.8141,78.0,2.053,77880.0,74217.0,3.5,7.7,1664.0,799.0,368.0,244.0,124.0,191.1,58277.0,22981.0,597.6,3664.0,18640.0,11448.0,7192.0,47655.0,13868.0,3344.5,7301.5,3401.0,12359.0,40.3,3.6,40.7,53.1,1528.0,267.0,322.0,601.0,339.0,1349.0,211.0,322.0,456.0,360.0,55.5,52.7,67.0,47.8,31173.0,87097.0,20717.0,329832.0,422.48,1.271,201.3,578.5,44.2,22.94123,59794.0,13795.0,12410.0,83502.0,14.7,120652.7,15.92,99.14,108.59,3.18,17.11,8.9,8.16751,6.44,6.75,7.04,6.75,6.57,6.98,7.7,-0.7324896,-2.46,-2.15,-1.86,-2.15,-2.329999,-1.92,-1.2,110.98,4.314808,358.6801,238.95,1.0796,38.0,38.0,34.0,34.5,111.3,42.5,80.9,36.6,56.7,35.6,31.9,39.8,42.1,32.3,36.7,38.3,36.9,25.2166,49.05148,28.04721,20.05585,3.27,4.3,3.05,89.6
07/01/1969,3090.8,2844.5,23.85454,332838.0,91502.0,43.6428,42.3357,42.1742,50.4103,36.4256,57.1078,22.9832,44.236,28.7926,57.3892,40.0727,44.8786,63.3727,51.2,87.1144,77.0,1.99,77959.0,74411.0,3.5,7.8,1686.0,816.0,377.0,217.0,160.0,200.3,58390.0,22990.0,603.3,3664.0,18642.0,11437.0,7205.0,47740.0,13893.0,3353.6,7319.7,3417.0,12340.0,40.2,3.6,40.6,53.0,1368.0,155.0,292.0,572.0,349.0,1278.0,209.0,304.0,448.0,317.0,53.1,49.8,65.7,49.3,31482.0,87420.0,20982.0,329622.0,425.23,1.279,201.7,579.5,44.5,22.87632,59713.0,13491.0,12239.0,83909.0,4.9,121140.3,15.84,94.71,103.68,3.34,16.51,8.61,8.62307,7.0,7.24,7.6,7.01,6.72,7.08,7.84,0.0130701,-1.61,-1.37,-1.01,-1.599999,-1.89,-1.53,-0.7699995,111.06,4.310902,359.5958,239.04,1.0808,38.1,38.0,34.0,34.1,111.3,42.6,80.9,36.8,57.0,35.6,32.1,39.9,42.2,32.5,36.8,38.5,37.0,25.33187,49.13396,28.18118,20.1532,3.3,4.3,3.08,88.1
08/01/1969,3110.8,2862.8,24.07467,336450.0,92347.0,43.7431,42.2172,42.0072,50.3201,36.8075,56.7036,22.8927,44.6886,29.305,57.3972,40.1282,45.0381,63.5446,54.1,86.9065,76.0,1.973,78250.0,74637.0,3.5,7.9,1637.0,865.0,373.0,241.0,132.0,198.6,58632.0,23111.0,608.9,3654.0,18767.0,11555.0,7212.0,47894.0,13935.0,3361.3,7343.0,3435.0,12373.0,40.3,3.5,40.6,51.2,1358.0,189.0,382.0,510.0,279.0,1317.0,198.0,299.0,507.0,313.0,54.8,51.5,70.3,50.9,31446.0,89279.0,21758.0,330096.0,428.79,1.276,201.7,580.1,44.7,22.83751,60137.0,13784.0,12565.0,85141.0,14.8,121611.5,15.77,94.18,103.39,3.37,16.41,9.19,8.28303,6.98,7.19,7.54,7.03,6.69,6.97,7.86,-0.90697,-2.21,-2.0,-1.65,-2.159999,-2.5,-2.22,-1.329999,111.53,4.305149,359.5829,238.53,1.0782,38.2,38.1,34.2,34.4,113.2,43.7,84.4,36.9,57.0,35.7,32.2,40.1,42.3,32.7,37.0,38.6,37.2,25.40119,49.22487,28.24791,20.22199,3.32,4.34,3.1,86.6
09/01/1969,3116.6,2868.5,24.09831,338073.0,93296.0,43.7332,42.1331,41.9134,49.9386,36.4462,56.3284,23.1194,44.8055,29.3805,57.7055,40.0735,44.2093,63.6057,54.8,86.4626,80.0,1.951,78250.0,74699.0,3.7,8.0,1693.0,963.0,391.0,243.0,148.0,194.0,58539.0,22988.0,612.7,3676.0,18620.0,11438.0,7182.0,47930.0,13951.0,3366.6,7348.9,3438.0,12379.0,40.3,3.6,40.6,50.3,1507.0,145.0,389.0,624.0,349.0,1263.0,199.0,286.0,456.0,322.0,54.1,50.4,68.9,49.4,32144.0,92376.0,24044.0,332542.0,429.91,1.273,202.1,582.1,44.9,22.81442,60357.0,13822.0,12743.0,86404.0,15.2,122160.2,15.76,94.51,103.97,3.33,16.36,9.15,8.42287,7.09,7.32,7.82,7.57,7.16,7.14,8.05,-0.7271299,-2.059999,-1.829999,-1.329999,-1.579999,-1.99,-2.01,-1.099999,111.64,4.298302,358.3202,238.4,1.0784,38.3,38.2,34.2,34.4,113.9,45.0,83.2,37.1,57.4,35.6,32.5,40.2,42.3,33.0,37.2,38.8,37.4,25.51456,49.24296,28.40811,20.31611,3.35,4.39,3.12,84.3
10/01/1969,3124.6,2875.1,24.22268,341984.0,93965.0,43.746,42.1643,41.9133,49.9599,36.6432,56.2304,23.1857,44.7966,29.3127,57.589,40.1142,44.5568,64.4139,53.2,86.2267,79.0,1.921,78445.0,74928.0,3.7,7.6,1814.0,853.0,374.0,238.0,136.0,199.5,58689.0,22976.0,614.0,3672.0,18613.0,11433.0,7180.0,48143.0,14002.0,3377.2,7386.1,3448.0,12430.0,40.1,3.5,40.5,51.3,1381.0,178.0,298.0,565.0,340.0,1216.0,198.0,289.0,413.0,316.0,54.6,51.9,66.8,54.2,32275.0,89586.0,20346.0,331842.0,432.59,1.266,202.9,583.4,45.2,22.78662,60633.0,13904.0,12754.0,87358.0,11.4,122692.8,15.75,95.52,105.07,3.33,16.15,9.0,8.47974,7.0,7.29,7.64,7.51,7.1,7.33,8.22,-0.5202599,-2.0,-1.71,-1.36,-1.49,-1.9,-1.67,-0.7799997,110.76,4.304964,358.2817,239.02,1.078028,38.5,38.5,34.4,34.8,113.6,45.4,85.3,37.3,57.6,35.9,32.3,40.4,42.7,33.1,37.3,38.9,37.6,25.60274,49.47954,28.46029,20.40807,3.36,4.42,3.13,81.9
11/01/1969,3125.7,2876.0,24.19872,337249.0,93488.0,43.3337,41.6559,41.3347,49.5255,35.1375,56.5397,22.6544,44.5609,28.8557,57.5754,39.6965,44.7913,65.9926,51.2,85.0113,77.0,1.999,78541.0,75064.0,3.5,8.0,1580.0,888.0,392.0,246.0,146.0,206.8,58640.0,22840.0,612.1,3683.0,18467.0,11271.0,7196.0,48248.0,14048.0,3389.1,7406.9,3459.0,12448.0,40.2,3.5,40.5,50.4,1229.0,162.0,254.0,497.0,317.0,1191.0,178.0,276.0,442.0,295.0,53.2,50.6,64.1,55.6,31164.0,87086.0,20826.0,329963.0,433.33,1.286,203.6,585.4,45.5,22.76954,61229.0,14172.0,12969.0,88070.0,8.5,123105.3,15.75,96.21,105.86,3.31,16.18,8.85,8.25758,7.24,7.62,7.89,7.53,7.14,7.35,8.25,-0.5924206,-1.610001,-1.23,-0.9600005,-1.32,-1.710001,-1.5,-0.6000004,110.46,4.325634,357.769,239.63,1.075951,38.8,38.8,34.6,35.2,114.2,45.9,81.8,37.5,57.9,36.0,32.5,40.6,42.8,33.3,37.5,39.1,37.8,25.70979,49.57232,28.61675,20.49067,3.38,4.45,3.14,79.6
12/01/1969,3129.7,2878.5,24.17485,336627.0,94106.0,43.2174,41.6388,41.2686,49.5922,34.9312,56.7871,22.5703,44.2996,28.3835,57.8637,39.484,45.259,64.6543,50.3,84.2424,75.0,1.928,78740.0,75331.0,3.5,8.0,1585.0,883.0,413.0,281.0,132.0,219.5,58763.0,22884.0,612.7,3707.0,18485.0,11291.0,7194.0,48356.0,14077.0,3401.6,7424.7,3472.0,12477.0,40.3,3.4,40.6,49.6,1327.0,171.0,278.0,556.0,322.0,1155.0,184.0,271.0,409.0,291.0,52.0,48.0,66.8,51.5,31261.0,85700.0,18778.0,327154.0,435.06,1.294,203.9,587.9,45.7,22.76034,61569.0,14168.0,13049.0,89059.0,11.9,123551.4,15.73,91.11,100.48,3.52,15.08,8.97,8.84878,7.82,7.9,8.17,7.96,7.65,7.72,8.65,-0.1212206,-1.15,-1.07,-0.8000002,-1.01,-1.32,-1.25,-0.3200006,110.39,4.309788,357.7434,239.73,1.07431,38.9,38.8,34.7,35.1,114.6,47.0,82.2,37.7,58.0,36.2,32.6,40.8,42.9,33.5,37.7,39.4,38.0,25.83002,49.51924,28.78194,20.59394,3.4,4.51,3.15,78.3
01/01/1970,3125.6,2873.7,24.31533,332384.0,93890.0,42.4171,40.9967,40.6322,48.7605,33.0975,56.6718,22.2557,43.2816,27.2631,57.4275,38.6216,45.7063,65.3466,48.1,82.1189,71.0,1.644,78780.0,75358.0,3.9,7.9,1800.0,933.0,431.0,288.0,143.0,250.9,58680.0,22726.0,608.0,3615.0,18424.0,11218.0,7206.0,48450.0,14096.0,3408.5,7425.0,3485.0,12496.0,40.0,3.3,40.4,46.3,1085.0,146.0,240.0,476.0,223.0,1062.0,150.0,216.0,407.0,289.0,48.7,45.8,57.9,50.2,30226.0,81848.0,21125.0,323225.0,434.01,1.307,206.2,589.6,46.0,22.74253,61792.0,14087.0,13128.0,88521.0,-6.5,124109.8,15.77,90.31,99.4,3.56,14.93,8.98,8.90895,7.87,7.78,8.1,8.17,7.79,7.91,8.86,-0.0710497,-1.11,-1.199999,-0.8799992,-0.8099995,-1.19,-1.07,-0.1199999,110.34,4.314808,357.8074,240.04,1.072973,39.1,39.0,35.0,35.1,116.1,48.0,80.6,37.9,58.2,36.6,32.8,41.0,43.0,33.8,37.9,39.5,38.2,25.925,49.50499,28.90608,20.68204,3.41,4.54,3.16,77.1
02/01/1970,3130.1,2875.4,24.41987,332680.0,94026.0,42.3892,41.1069,40.8423,49.2418,33.5801,57.1224,22.3501,43.0383,26.8467,57.6121,38.6517,45.4372,65.2461,45.9,81.9229,71.0,1.524,78698.0,75259.0,4.2,8.0,1950.0,1048.0,470.0,309.0,161.0,258.3,58784.0,22747.0,606.6,3703.0,18361.0,11170.0,7191.0,48555.0,14117.0,3412.0,7441.8,3497.0,12518.0,40.0,3.2,40.2,43.3,1305.0,235.0,231.0,531.0,308.0,1118.0,192.0,240.0,401.0,285.0,47.4,45.8,57.7,48.6,30071.0,81003.0,19782.0,319312.0,434.96,1.309,205.0,586.3,46.1,22.52303,61931.0,14099.0,13019.0,90023.0,18.0,124388.6,15.73,87.16,95.73,3.68,14.49,8.98,8.60956,7.13,7.22,7.59,7.82,7.24,7.93,8.78,-0.3704395,-1.849999,-1.76,-1.389999,-1.159999,-1.74,-1.05,-0.1999998,110.32,4.299781,357.7818,240.47,1.073203,39.0,38.9,35.0,35.2,116.6,48.0,74.5,38.1,58.5,36.7,33.0,41.2,43.2,34.0,38.1,39.7,38.4,26.03113,49.61348,29.05434,20.75909,3.43,4.56,3.17,75.8
03/01/1970,3138.3,2882.7,24.29431,328792.0,93111.0,42.3341,41.0849,40.7335,49.1828,33.8991,56.809,22.3953,42.9372,26.8356,56.9509,38.5413,45.5303,66.1746,47.3,81.4306,67.0,1.366,78863.0,75364.0,4.4,8.3,1978.0,1133.0,534.0,353.0,181.0,267.5,58850.0,22738.0,605.7,3697.0,18360.0,11189.0,7171.0,48715.0,14145.0,3415.6,7465.1,3512.0,12603.0,39.9,3.1,40.1,44.8,1319.0,250.0,280.0,520.0,270.0,1132.0,177.0,258.0,410.0,287.0,46.9,45.2,49.3,51.4,30103.0,78676.0,17725.0,314323.0,435.25,1.325,205.7,587.3,46.3,22.5052,62205.0,14071.0,13173.0,91243.0,14.6,124371.9,15.66,88.65,96.95,3.6,15.43,7.76,8.543,6.63,6.58,6.97,7.21,7.07,7.84,8.63,0.783,-1.13,-1.18,-0.7900004,-0.5500002,-0.6900001,0.0799999,0.8699999,110.23,4.309973,357.6154,240.58,1.072823,39.1,39.0,34.9,35.6,116.9,48.2,67.8,38.3,58.5,36.6,33.2,41.2,43.3,34.4,38.3,39.8,38.6,26.09619,49.72108,29.07781,20.85351,3.45,4.6,3.19,74.3
04/01/1970,3195.6,2889.8,24.3175,327131.0,93754.0,42.2253,41.0988,40.7232,49.382,33.8835,57.1387,22.3849,42.6403,26.3363,57.3696,38.404,46.0478,65.7109,45.5,80.8851,65.0,1.269,78930.0,75362.0,4.6,8.2,2139.0,1106.0,602.0,400.0,202.0,340.3,58643.0,22552.0,602.9,3669.0,18207.0,11063.0,7144.0,48796.0,14121.0,3416.3,7447.2,3519.0,12705.0,39.7,3.0,39.8,40.7,1264.0,211.0,265.0,533.0,256.0,1224.0,181.0,235.0,466.0,342.0,45.0,45.7,48.7,44.3,29885.0,76697.0,16673.0,309209.0,437.95,1.34,206.7,588.4,46.5,22.43705,62653.0,14209.0,13364.0,91333.0,1.1,124341.2,15.32,85.95,94.01,3.7,15.53,8.1,8.13867,6.51,6.6,7.06,7.5,7.39,7.83,8.7,0.0386696,-1.59,-1.5,-1.04,-0.6000004,-0.7100005,-0.2700005,0.5999994,110.13,4.302186,358.0892,240.61,1.072881,39.1,39.0,35.1,35.5,116.3,49.3,75.1,38.5,58.7,37.1,33.5,41.4,43.5,34.6,38.6,40.0,38.8,26.22448,49.75332,29.28146,20.93547,3.47,4.66,3.19,72.7
05/01/1970,3172.7,2892.2,24.48713,330684.0,94833.0,42.1761,41.1113,40.745,49.65,33.917,57.5471,22.3622,42.499,26.187,57.0622,38.3144,46.8492,64.8543,45.2,80.4427,61.0,1.154,78564.0,75017.0,4.8,8.6,2109.0,1241.0,591.0,360.0,231.0,304.2,58454.0,22336.0,601.8,3634.0,18029.0,10944.0,7085.0,48786.0,14128.0,3418.6,7453.1,3525.0,12668.0,39.6,3.0,39.8,40.8,1290.0,187.0,258.0,573.0,272.0,1328.0,200.0,259.0,528.0,341.0,47.2,45.3,67.2,40.4,30305.0,78754.0,17445.0,304515.0,436.83,1.323,207.2,591.5,46.9,22.48587,62977.0,14007.0,13040.0,91864.0,6.4,124396.1,15.4,76.06,83.16,4.2,13.58,7.94,8.22444,6.84,7.02,7.75,7.97,7.91,8.11,8.98,0.2844396,-1.1,-0.9200001,-0.1900001,0.0299997,-0.0300002,0.1699996,1.039999,110.16,4.310531,358.9118,240.37,1.073019,39.1,38.9,35.2,35.0,115.0,49.3,78.3,38.6,58.8,37.2,33.7,41.5,43.8,34.8,38.7,40.1,38.9,26.30541,49.80069,29.36329,21.02646,3.49,4.64,3.22,71.2
06/01/1970,3166.9,2885.6,24.57046,332008.0,95385.0,42.0396,41.0149,40.6583,49.7744,34.575,57.3043,22.2265,42.3077,26.1586,56.6478,38.1989,46.1886,65.2812,49.7,79.9492,60.0,1.093,78413.0,74858.0,4.9,8.6,2100.0,1290.0,657.0,433.0,224.0,296.5,58361.0,22241.0,604.9,3636.0,17930.0,10843.0,7087.0,48787.0,14139.0,3414.5,7453.6,3528.0,12667.0,39.6,2.9,39.8,41.4,1385.0,189.0,305.0,588.0,303.0,1322.0,217.0,298.0,494.0,313.0,51.1,53.2,66.1,45.3,31042.0,80022.0,16484.0,301444.0,438.28,1.322,207.6,595.2,47.2,22.56772,63189.0,14078.0,13197.0,92444.0,7.0,124905.3,15.47,75.59,82.96,4.17,14.18,7.6,8.21355,6.68,6.86,7.55,7.85,7.84,8.48,9.25,0.6135497,-0.9200001,-0.7399998,-0.0499997,0.25,0.2400002,0.8799996,1.65,109.23,4.31574,358.886,239.77,1.038713,39.2,39.0,35.3,35.0,113.8,48.6,73.8,38.8,59.0,37.4,33.9,41.6,44.0,35.0,38.9,40.2,39.1,26.37395,49.85943,29.3905,21.11471,3.51,4.7,3.24,72.7
07/01/1970,3184.3,2900.6,24.56458,332362.0,95992.0,42.1429,41.0506,40.6149,49.8938,34.6367,57.4564,22.1687,42.5203,26.1904,57.6703,38.3175,46.9428,64.1752,54.5,79.9469,58.0,1.03,78726.0,75209.0,5.0,8.9,2132.0,1329.0,662.0,428.0,234.0,281.8,58358.0,22195.0,604.7,3645.0,17877.0,10775.0,7102.0,48860.0,14176.0,3432.3,7462.9,3534.0,12697.0,39.7,3.0,40.0,40.6,1517.0,241.0,317.0,636.0,324.0,1324.0,226.0,309.0,480.0,309.0,49.5,52.5,49.8,45.4,30564.0,78950.0,17833.0,297415.0,441.25,1.33,208.0,599.1,47.4,22.63252,63444.0,14159.0,12799.0,92433.0,-0.1,125434.0,15.4,75.72,83.0,4.2,14.53,7.21,8.43536,6.45,6.51,7.1,7.59,7.46,8.44,9.4,1.22536,-0.7600002,-0.6999998,-0.1100001,0.3800001,0.25,1.23,2.19,109.11,4.303852,359.3761,239.06,1.03229,39.2,39.0,35.5,35.1,112.9,47.8,72.4,38.9,59.1,37.6,34.1,41.7,44.1,35.2,39.1,40.4,39.2,26.47075,49.98562,29.5028,21.19673,3.53,4.76,3.25,74.2
08/01/1970,3195.0,2908.6,24.66427,332209.0,95743.0,42.0677,40.6116,40.1287,49.0448,33.5818,56.7939,22.1078,43.0347,26.6656,56.7815,38.0571,47.3169,65.2398,49.7,79.1563,57.0,0.993,78624.0,75206.0,5.1,8.8,2182.0,1348.0,705.0,454.0,251.0,291.0,58221.0,22105.0,609.9,3649.0,17779.0,10719.0,7060.0,48827.0,14165.0,3419.3,7460.5,3538.0,12711.0,39.5,2.9,39.8,40.1,1399.0,184.0,278.0,622.0,314.0,1394.0,221.0,311.0,513.0,349.0,47.3,51.8,46.1,43.8,30573.0,78300.0,17565.0,293653.0,444.1,1.339,209.9,604.9,47.6,22.78859,63725.0,14282.0,13445.0,93072.0,7.7,125642.2,15.35,77.92,85.4,4.07,15.0,6.61,8.15431,6.41,6.55,6.98,7.57,7.53,8.13,9.44,1.54431,-0.2000003,-0.0599999,0.3699999,0.96,0.9200001,1.52,2.829999,108.73,4.30163,358.2303,238.77,1.021555,39.2,39.0,35.5,34.7,112.9,47.2,68.6,39.0,59.3,37.5,34.3,41.8,44.3,35.4,39.2,40.4,39.3,26.54399,50.1809,29.54164,21.27689,3.55,4.83,3.26,75.7
09/01/1970,3200.7,2908.6,24.78217,331632.0,95642.0,41.7777,40.3344,39.7435,48.8583,32.6876,57.0961,21.6359,42.7379,26.0876,57.3947,37.7367,47.8019,66.6163,45.1,78.2464,56.0,0.932,78498.0,75047.0,5.4,8.9,2235.0,1448.0,788.0,507.0,281.0,324.5,58208.0,21988.0,610.9,3618.0,17692.0,10657.0,7035.0,48961.0,14173.0,3422.0,7478.9,3548.0,12741.0,39.2,2.7,39.6,39.5,1534.0,229.0,274.0,667.0,364.0,1426.0,208.0,287.0,549.0,382.0,44.1,44.2,46.5,47.2,30521.0,78396.0,17062.0,291010.0,442.85,1.338,211.8,611.2,47.9,22.92024,64087.0,14447.0,13847.0,93435.0,4.4,126164.2,15.33,82.58,90.66,3.82,15.44,6.29,7.14672,6.12,6.46,6.73,7.29,7.39,8.09,9.39,0.85672,-0.1700001,0.1700001,0.4400001,1.0,1.1,1.8,3.1,108.55,4.306818,357.9739,238.53,1.016033,39.6,39.4,35.6,35.5,112.0,46.4,70.6,39.2,59.6,37.7,34.5,42.0,44.5,35.6,39.4,40.6,39.5,26.66639,50.34327,29.66437,21.38429,3.57,4.82,3.29,74.2
10/01/1970,3181.8,2884.1,24.63305,328182.0,96045.0,40.942,39.7008,39.0129,48.2572,30.7309,57.4415,20.928,41.6097,24.6263,57.6141,36.8934,48.5961,65.938,44.1,76.261,53.0,0.856,78685.0,75348.0,5.5,8.7,2386.0,1470.0,771.0,512.0,259.0,329.1,57726.0,21477.0,611.4,3626.0,17173.0,10171.0,7002.0,49042.0,14179.0,3422.1,7495.7,3556.0,12793.0,39.2,2.7,39.5,37.6,1580.0,242.0,321.0,641.0,377.0,1564.0,249.0,322.0,569.0,424.0,42.4,44.7,39.0,45.7,28933.0,71887.0,16159.0,286452.0,442.37,1.351,212.9,616.4,48.1,23.00229,64303.0,14480.0,14017.0,91680.0,-21.1,126277.1,15.38,84.37,92.85,3.74,15.48,6.2,6.67058,5.91,6.21,6.43,7.12,7.33,8.03,9.33,0.4705801,-0.29,0.0100002,0.23,0.9200001,1.13,1.83,3.13,108.67,4.330879,357.8074,238.74,1.021555,39.6,39.3,35.8,35.5,110.9,46.1,67.8,39.4,59.8,38.1,34.6,42.2,44.8,35.8,39.7,40.8,39.7,26.79733,50.71048,29.78481,21.49875,3.57,4.86,3.26,72.8
11/01/1970,3176.7,2880.9,24.46974,322673.0,93492.0,40.694,39.461,38.7593,47.9351,30.8311,56.8568,20.8118,41.3607,24.2398,57.3381,36.6679,46.6823,66.8475,38.5,75.5611,53.0,0.802,78650.0,75278.0,5.9,9.3,2338.0,1713.0,871.0,539.0,332.0,324.8,57579.0,21345.0,612.0,3643.0,17024.0,10044.0,6980.0,49064.0,14153.0,3418.7,7466.6,3568.0,12830.0,39.2,2.6,39.5,33.8,1647.0,247.0,346.0,725.0,329.0,1502.0,265.0,330.0,564.0,343.0,39.7,43.3,37.8,46.3,28935.0,72782.0,17144.0,284327.0,443.01,1.376,213.7,621.1,48.3,23.08494,64574.0,14470.0,14055.0,91082.0,-7.2,125892.5,15.3,84.28,92.58,3.72,15.44,5.6,6.24919,5.28,5.42,5.51,6.47,6.84,8.05,9.38,0.6491899,-0.3199997,-0.1799998,-0.0899997,0.8699999,1.24,2.45,3.78,108.59,4.318722,357.705,239.03,1.020262,39.8,39.5,35.9,35.1,109.2,45.0,68.1,39.6,60.1,38.5,34.8,42.3,45.1,36.0,39.9,41.0,39.9,26.90498,51.12494,29.8292,21.60373,3.58,4.9,3.26,71.3
12/01/1970,3186.2,2886.8,24.69885,332913.0,95836.0,41.6286,40.3785,39.8656,50.0003,34.419,57.7934,21.0774,42.2967,25.5719,57.1375,37.6339,47.1358,67.9118,46.8,77.3132,53.0,0.774,78594.0,75214.0,6.1,9.8,2369.0,1586.0,1102.0,719.0,383.0,304.1,57945.0,21673.0,611.2,3688.0,17309.0,10336.0,6973.0,49117.0,14150.0,3417.5,7514.0,3579.0,12845.0,39.4,2.5,39.5,41.4,1893.0,240.0,377.0,863.0,413.0,1767.0,314.0,350.0,669.0,434.0,45.4,51.2,37.5,44.4,31322.0,80689.0,18825.0,284188.0,441.74,1.33,214.4,626.5,48.6,23.1842,65013.0,14558.0,14225.0,91069.0,-0.2,126590.1,15.28,90.05,98.72,3.46,16.71,4.9,5.76338,4.87,4.89,5.0,5.95,6.39,7.64,9.12,0.86338,-0.0300002,-0.0100002,0.0999999,1.05,1.49,2.74,4.22,108.57,4.312761,357.6666,239.06,1.017542,39.8,39.4,35.9,34.5,107.2,44.0,64.5,39.8,60.3,38.9,35.1,42.5,45.4,36.2,40.1,41.2,40.1,27.02271,51.43113,29.91389,21.7251,3.63,4.89,3.32,72.8
01/01/1971,3218.6,2919.5,25.03591,336175.0,97852.0,41.9488,40.5279,40.0217,50.7473,35.788,58.0871,20.6164,42.8872,26.2093,57.1547,37.9526,47.4574,68.114,50.5,77.748,51.0,0.758,78864.0,75471.0,5.9,10.5,2302.0,1626.0,1113.0,683.0,430.0,297.5,57988.0,21594.0,605.2,3643.0,17280.0,10318.0,6962.0,49272.0,14205.0,3406.4,7556.4,3591.0,12878.0,39.6,2.8,39.9,40.0,1828.0,235.0,347.0,773.0,473.0,1643.0,264.0,366.0,635.0,378.0,47.9,55.4,39.8,47.4,31943.0,83025.0,18225.0,285915.0,444.25,1.325,215.5,633.0,48.9,23.37437,65545.0,14604.0,14240.0,90944.0,-1.5,126995.1,15.39,93.49,102.22,3.32,17.43,4.14,5.10743,4.44,4.47,4.57,5.89,6.24,7.36,8.74,0.9674301,0.3000002,0.3299999,0.4300003,1.75,2.1,3.22,4.6,108.3,4.305334,358.0123,240.58,1.011828,39.9,39.5,36.0,34.8,107.1,43.3,65.1,39.9,60.4,39.2,35.2,42.5,45.5,36.4,40.3,41.3,40.1,27.08094,51.70579,29.89909,21.80279,3.66,4.96,3.36,74.4
02/01/1971,3221.9,2919.6,25.08296,338052.0,98633.0,41.8689,40.5635,39.9668,50.7188,36.5984,57.4997,20.7312,42.633,26.0502,57.1681,37.9706,47.6296,68.5778,60.0,77.5862,52.0,0.786,78700.0,75412.0,5.9,10.4,2178.0,1633.0,1068.0,620.0,448.0,283.5,57928.0,21514.0,600.5,3633.0,17216.0,10269.0,6947.0,49291.0,14223.0,3407.9,7554.9,3599.0,12877.0,39.4,2.8,39.7,47.7,1741.0,235.0,319.0,742.0,445.0,1588.0,202.0,308.0,632.0,446.0,54.8,62.8,44.2,48.0,32173.0,84346.0,19391.0,288084.0,445.09,1.32,217.4,641.0,49.2,23.60079,66037.0,14819.0,14488.0,91625.0,8.2,127700.0,15.42,97.11,106.62,3.18,18.14,3.72,4.44203,3.7,3.78,3.89,5.56,6.11,7.08,8.39,0.7220299,-0.02,0.0599999,0.1700001,1.84,2.39,3.36,4.67,108.05,4.298117,357.5387,241.78,1.007445,40.1,39.7,36.1,35.9,109.9,42.8,64.6,39.9,60.6,39.4,35.4,42.6,45.6,36.5,40.3,41.4,40.2,27.16011,51.89787,29.93737,21.89333,3.69,5.0,3.39,75.9
03/01/1971,3235.5,2930.9,25.09873,339455.0,98495.0,41.8235,40.4444,39.8938,50.8635,36.6409,57.708,20.5233,42.7145,26.1366,57.1797,37.8916,48.7605,68.7273,54.4,77.2269,52.0,0.773,78588.0,75232.0,6.0,10.6,2144.0,1637.0,1098.0,645.0,453.0,293.3,57951.0,21491.0,598.9,3674.0,17154.0,10221.0,6933.0,49368.0,14229.0,3404.9,7569.4,3607.0,12908.0,39.6,2.8,39.8,44.3,1910.0,215.0,423.0,818.0,454.0,1759.0,273.0,395.0,659.0,432.0,51.2,56.2,45.0,51.2,32390.0,82319.0,18834.0,287112.0,447.89,1.323,218.8,649.9,49.4,23.85224,66378.0,14798.0,14479.0,91904.0,3.3,128438.7,15.4,99.6,109.59,3.1,18.73,3.71,4.13583,3.38,3.5,3.69,5.0,5.7,7.21,8.46,0.4258299,-0.3299999,-0.21,-0.02,1.29,1.99,3.5,4.75,107.99,4.300335,357.5131,241.87,1.00637,40.2,39.8,36.3,35.4,109.3,42.6,67.0,40.0,60.6,39.4,35.6,42.7,45.7,36.5,40.3,41.6,40.3,27.24692,51.91845,30.00894,21.98931,3.71,5.03,3.39,75.9
04/01/1971,3243.3,2938.0,25.25058,341301.0,100059.0,42.0584,40.649,40.0392,51.28,36.8779,58.2254,20.4008,42.9969,26.1705,58.3363,38.0906,48.6905,69.0061,58.1,77.4346,52.0,0.777,78987.0,75413.0,5.9,10.9,2206.0,1575.0,1149.0,695.0,454.0,284.4,58092.0,21552.0,599.2,3735.0,17149.0,10211.0,6938.0,49485.0,14265.0,3407.3,7600.5,3620.0,12945.0,39.6,2.8,39.9,45.7,1986.0,235.0,452.0,821.0,478.0,1745.0,251.0,400.0,655.0,439.0,54.5,59.6,48.9,55.5,31903.0,79888.0,18433.0,284581.0,449.52,1.321,220.0,658.4,49.7,24.0724,66731.0,14759.0,14606.0,90891.0,-12.2,129532.6,15.44,103.04,113.68,2.99,20.15,4.15,4.444,3.86,4.03,4.3,5.65,5.83,7.25,8.45,0.2939997,-0.2900002,-0.1199999,0.1500001,1.5,1.68,3.1,4.3,108.05,4.298672,357.5004,241.79,1.007689,40.3,40.0,36.3,36.0,109.7,44.0,70.8,40.1,60.7,39.4,35.8,42.9,45.8,36.6,40.4,41.7,40.4,27.35082,52.09356,30.1172,22.08776,3.73,5.07,3.41,75.9
05/01/1971,3254.2,2948.4,25.23283,342968.0,99230.0,42.2718,40.6791,40.0376,51.3244,37.4508,57.9155,20.261,43.5032,26.7216,58.5704,38.3471,49.0558,66.1593,58.9,77.7579,53.0,0.786,79139.0,75690.0,5.9,11.2,2229.0,1566.0,1173.0,665.0,508.0,292.2,58277.0,21645.0,599.9,3750.0,17225.0,10263.0,6962.0,49602.0,14299.0,3419.5,7623.1,3632.0,12970.0,39.6,2.9,40.0,47.4,2049.0,270.0,389.0,877.0,513.0,1972.0,342.0,430.0,720.0,480.0,54.2,57.0,49.4,55.1,32022.0,78638.0,17866.0,279365.0,451.25,1.319,222.0,666.7,50.0,24.27459,67315.0,14982.0,14698.0,91662.0,9.3,130198.9,15.42,101.64,112.41,3.04,19.85,4.63,4.934,4.14,4.36,5.04,6.28,6.39,7.53,8.62,0.3039999,-0.4900002,-0.27,0.4099998,1.65,1.76,2.9,3.99,107.61,4.123201,357.4109,241.87,1.008695,40.5,40.1,36.5,36.0,108.8,43.9,71.6,40.3,61.1,39.4,36.0,43.1,46.0,36.7,40.6,41.9,40.6,27.46493,52.20411,30.2395,22.19584,3.76,5.13,3.43,75.9
06/01/1971,3315.0,2947.8,25.432,347678.0,100638.0,42.4491,40.8443,40.2127,51.7053,37.7474,58.3354,20.3619,43.6987,26.5353,60.0373,38.4436,49.1903,68.1424,55.4,77.7557,55.0,0.824,78757.0,75423.0,5.9,11.6,2180.0,1606.0,1167.0,626.0,541.0,290.0,58245.0,21568.0,599.0,3759.0,17139.0,10212.0,6927.0,49685.0,14292.0,3403.5,7639.7,3652.0,13008.0,39.6,2.9,39.9,47.5,2026.0,254.0,409.0,884.0,479.0,1903.0,293.0,420.0,716.0,474.0,53.8,57.9,47.9,59.0,32066.0,80472.0,20669.0,274616.0,451.87,1.304,223.5,673.0,50.4,24.39278,67678.0,15057.0,14564.0,90706.0,-11.5,131029.1,15.17,99.72,110.26,3.1,19.29,4.91,5.254,4.75,4.97,5.64,6.53,6.52,7.64,8.75,0.3440003,-0.1599998,0.0599999,0.73,1.62,1.61,2.73,3.84,107.84,4.09685,357.4109,241.87,1.021315,40.6,40.3,36.7,36.2,108.1,43.6,78.1,40.5,61.2,39.6,36.2,43.2,46.1,37.0,40.8,42.1,40.8,27.59013,52.36921,30.37154,22.31049,3.78,5.16,3.45,76.7
07/01/1971,3270.1,2949.6,25.32265,343674.0,100809.0,42.3259,41.3066,40.5913,52.5054,38.4542,59.158,20.3951,42.6442,25.493,59.7747,38.5088,50.6965,68.1878,56.8,77.6906,54.0,0.795,79305.0,75919.0,6.0,11.5,2210.0,1549.0,1251.0,684.0,567.0,296.8,58305.0,21564.0,580.3,3786.0,17126.0,10188.0,6938.0,49752.0,14316.0,3413.8,7669.2,3658.0,13011.0,39.6,2.9,40.0,49.5,2083.0,287.0,416.0,856.0,524.0,2069.0,333.0,435.0,790.0,511.0,54.4,57.8,47.4,58.9,32441.0,79282.0,16630.0,271428.0,453.58,1.324,224.9,679.6,50.9,24.5571,68155.0,15125.0,14302.0,89951.0,-9.1,132007.2,15.46,99.0,109.09,3.13,18.95,5.31,5.624,5.4,5.63,6.04,6.85,6.73,7.64,8.76,0.3140001,0.0900002,0.3200002,0.73,1.54,1.42,2.33,3.45,107.69,4.094501,357.3981,241.85,1.021325,40.4,40.1,36.9,35.9,108.3,43.7,72.6,40.6,61.3,39.6,36.4,43.3,46.2,37.1,40.9,42.2,40.9,27.67427,52.46519,30.41028,22.42375,3.8,5.19,3.46,77.6
08/01/1971,3287.6,2966.9,25.47055,345833.0,101280.0,42.0802,41.0675,40.4554,51.9045,38.0771,58.4405,20.7059,42.3932,24.8177,60.7242,38.0529,48.8636,69.4041,55.6,76.5768,55.0,0.794,79539.0,76144.0,6.1,11.5,2337.0,1568.0,1261.0,711.0,550.0,324.7,58327.0,21570.0,597.7,3786.0,17115.0,10185.0,6930.0,49798.0,14341.0,3421.8,7696.8,3666.0,13041.0,39.5,2.9,39.8,48.4,2158.0,286.0,460.0,924.0,488.0,2004.0,331.0,426.0,740.0,507.0,53.6,58.4,49.7,50.9,33384.0,83358.0,18793.0,271490.0,456.76,1.325,225.6,685.5,51.2,24.70186,68413.0,15190.0,14380.0,91627.0,20.1,133207.3,15.48,97.24,107.26,3.18,18.56,5.56,5.614,4.94,5.22,5.8,6.55,6.58,7.59,8.76,0.0539999,-0.6199999,-0.3400002,0.2400002,0.9900002,1.02,2.03,3.2,106.82,4.030145,355.7073,243.46,1.013479,40.7,40.4,37.2,35.8,108.3,43.9,72.4,40.7,61.1,39.7,36.5,43.4,46.1,37.3,41.0,42.3,41.0,27.75095,52.08627,30.54215,22.52908,3.82,5.23,3.48,78.4
09/01/1971,3296.3,2968.9,25.72548,348947.0,103274.0,42.7641,41.6559,40.8969,52.3829,38.0134,59.2592,21.1819,43.2045,25.8784,61.2226,38.823,48.86,67.9267,59.3,77.9301,54.0,0.794,79689.0,76322.0,6.0,11.9,2301.0,1568.0,1239.0,676.0,563.0,304.4,58552.0,21650.0,604.2,3820.0,17154.0,10204.0,6950.0,49970.0,14388.0,3437.2,7720.7,3679.0,13068.0,39.4,2.8,39.7,53.0,2041.0,245.0,452.0,880.0,464.0,1996.0,344.0,427.0,758.0,467.0,55.1,61.0,48.9,40.2,33051.0,83300.0,20191.0,272959.0,457.51,1.315,226.5,692.5,51.4,24.91726,68751.0,15423.0,14928.0,93437.0,21.7,134535.8,15.58,99.4,109.85,3.09,18.71,5.55,5.564,4.69,4.97,5.41,6.14,6.14,7.44,8.59,0.0139999,-0.8600001,-0.5800004,-0.1400003,0.5899997,0.5899997,1.89,3.04,104.88,3.981209,338.032,246.94,1.012997,40.7,40.3,37.2,35.7,107.4,43.7,52.3,40.8,61.3,39.5,36.7,43.4,46.0,37.4,41.1,42.3,41.0,27.79198,51.73989,30.61011,22.59524,3.83,5.26,3.48,78.0
10/01/1971,3303.2,2979.2,25.78986,349189.0,104363.0,43.0842,42.0859,41.3246,53.0914,38.7024,59.9451,21.3893,43.3337,26.6057,61.8538,39.4,50.9525,68.29,60.8,78.8895,55.0,0.823,79918.0,76513.0,5.8,12.6,2222.0,1546.0,1268.0,677.0,591.0,296.7,58527.0,21604.0,540.3,3867.0,17126.0,10189.0,6937.0,50038.0,14376.0,3446.3,7728.0,3690.0,13115.0,39.6,2.9,39.9,49.8,2128.0,236.0,462.0,916.0,514.0,2026.0,318.0,431.0,776.0,501.0,55.0,61.4,50.9,38.1,33162.0,81474.0,18117.0,272299.0,457.99,1.316,227.2,698.4,51.6,25.0912,68603.0,15211.0,14854.0,92465.0,-11.7,135613.2,15.65,97.29,107.28,3.16,18.24,5.2,5.294,4.46,4.6,4.91,5.93,5.93,7.39,8.48,0.0940003,-0.7399998,-0.5999999,-0.29,0.73,0.73,2.19,3.28,103.76,3.975037,331.1039,249.06,1.004652,40.7,40.4,37.1,36.4,106.7,43.6,51.7,40.9,61.4,39.5,36.5,43.5,46.0,37.5,41.2,42.4,41.1,27.83447,51.68933,30.65325,22.65596,3.85,5.29,3.5,77.6
11/01/1971,3322.6,2993.9,25.92179,355092.0,105475.0,43.267,42.3301,41.5466,53.5138,39.0882,60.3713,21.4869,43.4068,26.4932,61.8267,39.5455,49.8721,68.4459,56.1,78.9825,56.0,0.804,80297.0,76887.0,6.0,12.0,2304.0,1629.0,1277.0,696.0,581.0,286.6,58696.0,21684.0,544.5,3903.0,17166.0,10215.0,6951.0,50160.0,14401.0,3456.5,7729.3,3704.0,13148.0,39.9,2.9,40.0,49.3,2182.0,303.0,466.0,931.0,482.0,2079.0,316.0,458.0,794.0,511.0,52.3,55.4,50.9,41.6,33883.0,84046.0,19019.0,272596.0,456.82,1.291,227.8,704.6,51.8,25.26192,68894.0,15247.0,14864.0,92301.0,-2.0,137329.0,15.71,92.78,102.21,3.31,17.46,4.91,4.714,4.22,4.38,4.67,5.78,5.81,7.26,8.38,-0.1959996,-0.6900001,-0.5299997,-0.2399998,0.8700004,0.9000001,2.35,3.47,103.53,3.983429,328.7527,249.33,1.003945,40.8,40.6,37.2,37.0,105.8,43.5,53.9,41.0,61.5,39.4,36.6,43.5,46.1,37.6,41.3,42.4,41.2,27.89178,51.72117,30.68288,22.72852,3.85,5.3,3.49,77.2
12/01/1971,3346.5,3018.8,26.08826,358408.0,104944.0,43.7665,42.5704,41.7222,53.8741,39.2613,60.8398,21.6074,44.2997,26.7862,62.5971,39.9127,49.3764,69.8024,63.9,79.5165,56.0,0.806,80471.0,77100.0,6.0,11.5,2320.0,1518.0,1283.0,700.0,583.0,267.6,58918.0,21741.0,604.0,3867.0,17202.0,10249.0,6953.0,50367.0,14483.0,3467.0,7787.1,3716.0,13190.0,39.7,3.0,40.2,49.0,2295.0,320.0,477.0,981.0,517.0,2133.0,313.0,476.0,821.0,523.0,57.6,63.5,53.3,47.7,34904.0,86001.0,19734.0,273134.0,458.43,1.283,228.3,710.3,52.0,25.36603,69108.0,15230.0,15104.0,91788.0,-6.2,138684.8,15.68,99.17,109.67,3.1,18.31,4.14,4.534,4.01,4.23,4.6,5.69,5.93,7.25,8.38,0.3940001,-0.1299996,0.0900002,0.46,1.55,1.79,3.11,4.24,104.19,3.903963,320.0102,252.66,0.9993305,41.1,40.9,37.4,37.2,106.7,43.1,65.1,41.1,61.6,39.4,36.7,43.8,46.2,37.7,41.4,42.6,41.4,28.00202,51.91143,30.81626,22.81292,3.89,5.32,3.55,81.8
01/01/1972,3365.5,3038.7,26.094,362197.0,104450.0,44.8051,43.3809,42.481,54.6858,40.4196,61.3827,22.261,45.6798,27.937,64.1161,40.9248,49.4242,70.3446,65.6,81.3127,59.0,0.871,80959.0,77593.0,5.8,12.1,2324.0,1489.0,1257.0,664.0,593.0,268.9,59179.0,21865.0,602.5,3912.0,17283.0,10321.0,6962.0,50580.0,14545.0,3490.3,7891.7,3723.0,13266.0,39.7,3.0,40.2,53.3,2494.0,386.0,445.0,1034.0,629.0,2238.0,372.0,416.0,852.0,597.0,59.6,64.8,55.2,48.4,35382.0,87491.0,18440.0,274497.0,460.16,1.274,230.1,717.7,52.3,25.52444,69853.0,15369.0,15347.0,84478.0,-87.7,139568.5,15.6,103.3,114.12,2.96,19.03,3.5,3.904,3.38,3.66,4.28,5.59,5.95,7.19,8.23,0.404,-0.1199999,0.1600001,0.7800002,2.09,2.45,3.69,4.73,100.56,3.892111,312.715,257.05,1.005925,41.0,40.7,37.5,37.8,110.3,43.4,79.3,41.2,61.7,39.7,36.8,43.8,46.4,37.9,41.5,42.7,41.5,28.11815,52.14066,30.92476,22.91177,3.93,5.39,3.57,86.3
02/01/1972,3391.6,3054.1,26.1543,358287.0,104925.0,45.2103,43.7462,42.7844,54.9636,40.5844,61.7276,22.5695,46.134,28.3171,64.3224,41.2122,52.5519,72.0709,67.7,81.6687,60.0,0.903,81108.0,77750.0,5.7,12.4,2111.0,1470.0,1292.0,641.0,651.0,263.4,59354.0,21915.0,598.5,3888.0,17361.0,10383.0,6978.0,50737.0,14599.0,3498.9,7924.4,3730.0,13298.0,39.9,3.2,40.4,54.4,2390.0,276.0,467.0,1083.0,564.0,2169.0,350.0,416.0,802.0,601.0,60.6,66.0,52.6,51.7,36079.0,89011.0,20064.0,276195.0,459.52,1.287,232.3,725.7,52.6,25.70495,70368.0,15363.0,15331.0,85260.0,9.4,140830.7,15.55,105.24,116.86,2.92,19.4,3.29,3.684,3.2,3.63,4.27,5.69,6.08,7.27,8.23,0.3940001,-0.0899999,0.3400002,0.98,2.4,2.79,3.98,4.94,99.44,3.862495,305.1665,260.37,1.004742,41.3,40.9,37.7,38.1,112.4,43.6,74.1,41.4,61.9,39.6,36.9,44.0,46.5,38.0,41.6,42.9,41.7,28.23192,52.19837,31.08965,23.00043,3.96,5.42,3.61,90.9
03/01/1972,3409.5,3070.7,26.57906,364925.0,107583.0,45.5478,43.9776,42.9457,54.9968,40.3289,61.973,22.85,46.6078,28.6613,64.9179,41.5168,53.0433,72.3073,63.5,82.0545,62.0,0.912,81573.0,78135.0,5.8,12.3,2303.0,1418.0,1232.0,600.0,632.0,262.3,59616.0,22036.0,601.5,3921.0,17447.0,10449.0,6998.0,50909.0,14658.0,3518.8,7946.6,3740.0,13329.0,39.9,3.2,40.4,53.9,2334.0,307.0,409.0,1012.0,606.0,2105.0,290.0,404.0,873.0,538.0,59.8,64.6,57.1,51.5,36061.0,88709.0,20678.0,276467.0,460.46,1.266,234.3,733.5,53.0,25.94274,70820.0,15480.0,15382.0,86195.0,11.2,142535.8,15.64,107.69,119.73,2.86,19.41,3.83,3.974,3.73,4.12,4.67,5.87,6.07,7.24,8.24,0.1440001,-0.0999999,0.29,0.8400002,2.04,2.24,3.41,4.41,98.82,3.850004,302.5352,261.81,0.9984823,41.3,40.9,37.8,38.1,114.4,44.5,73.9,41.4,61.9,39.6,37.0,44.0,46.5,38.1,41.7,42.9,41.7,28.2738,52.2748,31.09817,23.06635,3.99,5.45,3.63,88.0
04/01/1972,3426.6,3093.4,26.65312,367405.0,107757.0,46.0078,44.4462,43.5067,55.6353,41.5004,62.1842,23.2351,47.0519,29.0556,65.1921,41.9808,52.5503,71.5055,62.6,82.7499,62.0,0.927,81655.0,78273.0,5.7,12.4,2229.0,1500.0,1203.0,530.0,673.0,263.7,59805.0,22099.0,595.3,3931.0,17508.0,10497.0,7011.0,51064.0,14691.0,3529.9,7972.6,3753.0,13358.0,39.9,3.5,40.5,55.9,2249.0,281.0,433.0,1070.0,465.0,2139.0,333.0,455.0,872.0,480.0,59.3,63.0,55.0,52.3,36476.0,89237.0,19993.0,275683.0,462.77,1.264,235.6,738.4,53.1,26.07094,71031.0,15651.0,15534.0,87342.0,13.8,143894.0,15.69,108.81,121.34,2.83,19.08,4.17,4.424,3.71,4.23,4.96,6.17,6.19,7.3,8.24,0.2539997,-0.46,0.0599999,0.79,2.0,2.02,3.13,4.07,98.93,3.858025,303.5546,261.02,0.9957184,41.3,40.9,37.9,38.7,115.6,44.6,73.4,41.5,62.1,39.6,37.1,44.1,46.6,38.2,41.7,43.0,41.8,28.32273,52.47816,31.11977,23.11157,4.0,5.49,3.65,85.1
05/01/1972,3440.9,3105.9,26.78926,369667.0,108797.0,46.0183,44.387,43.3597,55.389,41.136,62.0435,23.272,47.1571,29.2878,65.4096,42.0555,51.7389,71.767,65.7,82.6747,64.0,0.964,81887.0,78475.0,5.7,12.3,2192.0,1534.0,1168.0,588.0,580.0,267.0,60051.0,22222.0,598.6,3957.0,17602.0,10568.0,7034.0,51245.0,14718.0,3541.0,7989.3,3765.0,13416.0,39.8,3.4,40.5,56.0,2221.0,297.0,481.0,997.0,446.0,2067.0,308.0,447.0,785.0,527.0,61.4,66.9,56.1,53.1,36801.0,90671.0,22129.0,276503.0,465.7,1.264,235.9,743.4,53.4,26.19138,71525.0,15739.0,15628.0,87906.0,6.8,145621.2,15.79,107.65,120.16,2.88,18.66,4.27,4.324,3.69,4.12,4.64,5.85,6.13,7.3,8.23,0.0539999,-0.5799999,-0.1500001,0.3699999,1.58,1.86,3.03,3.96,98.75,3.860557,304.3769,261.24,0.988924,41.5,41.1,38.0,39.3,119.2,44.7,71.4,41.6,62.2,39.7,37.2,44.2,46.7,38.3,41.9,43.1,41.9,28.38339,52.51796,31.18417,23.17171,4.03,5.52,3.67,82.2
06/01/1972,3409.2,3074.4,26.87611,371280.0,109464.0,46.1635,44.5807,43.4675,55.4177,41.1596,62.0773,23.4335,47.2398,29.3046,65.7891,42.2377,50.2605,70.6869,62.2,82.8072,64.0,0.964,82083.0,78681.0,5.7,12.4,2279.0,1489.0,1141.0,591.0,550.0,293.9,60355.0,22282.0,600.0,3969.0,17641.0,10592.0,7049.0,51478.0,14779.0,3550.1,8019.4,3791.0,13405.0,40.0,3.4,40.6,53.9,2254.0,288.0,439.0,992.0,535.0,2183.0,301.0,445.0,889.0,549.0,58.6,62.1,57.7,49.6,37591.0,90969.0,19182.0,278350.0,466.32,1.26,236.6,749.7,53.7,26.3722,71817.0,15909.0,15809.0,88268.0,4.3,147367.3,16.11,108.01,120.84,2.87,18.58,4.46,4.474,3.91,4.35,4.93,5.91,6.11,7.23,8.2,0.0139999,-0.55,-0.1100001,0.4699998,1.45,1.65,2.77,3.74,98.51,3.799392,302.3889,256.91,0.9795087,41.7,41.4,38.0,39.4,119.1,44.6,70.2,41.7,62.2,39.7,37.3,44.3,46.8,38.4,41.9,43.1,42.0,28.42766,52.55337,31.19801,23.23746,4.03,5.5,3.68,85.2
07/01/1972,3460.1,3124.4,27.07093,368975.0,109653.0,46.1666,44.8409,43.7437,55.864,42.0763,62.1583,23.5012,46.9117,29.1214,65.3465,42.2783,50.425,71.7007,65.3,82.6596,66.0,0.996,82230.0,78769.0,5.6,11.8,2248.0,1515.0,1154.0,635.0,519.0,283.6,60227.0,22162.0,596.7,3939.0,17556.0,10521.0,7035.0,51547.0,14783.0,3544.2,8032.3,3790.0,13482.0,39.9,3.4,40.5,52.1,2252.0,325.0,441.0,1011.0,476.0,2195.0,311.0,423.0,932.0,530.0,60.1,64.7,61.7,46.7,36649.0,88965.0,22228.0,279761.0,466.63,1.269,238.8,759.5,54.0,26.61922,72173.0,15835.0,15597.0,88429.0,1.9,148321.9,15.93,107.21,119.98,2.9,18.45,4.55,4.704,3.98,4.5,4.96,5.97,6.11,7.21,8.23,0.1539998,-0.5700002,-0.0500002,0.4099998,1.42,1.56,2.66,3.679999,98.86,3.764918,301.0325,244.47,0.9839614,41.8,41.6,38.1,40.0,119.8,44.3,70.6,41.8,62.2,39.8,37.3,44.5,47.0,38.5,42.1,43.3,42.1,28.53201,52.66948,31.32368,23.33187,4.04,5.52,3.69,88.3
08/01/1972,3493.8,3157.7,27.21634,377819.0,110379.0,46.772,45.3624,44.2654,56.454,42.4189,62.8908,23.962,47.6155,29.7224,65.8019,42.8149,51.1655,72.0977,63.2,83.4755,68.0,1.021,82578.0,78975.0,5.6,11.8,2285.0,1541.0,1156.0,619.0,537.0,255.0,60607.0,22400.0,605.8,3983.0,17741.0,10699.0,7042.0,51737.0,14831.0,3557.5,8066.4,3801.0,13530.0,40.0,3.4,40.6,57.1,2382.0,349.0,461.0,1029.0,543.0,2263.0,322.0,460.0,953.0,528.0,61.7,65.1,62.9,55.5,38769.0,93434.0,21268.0,282174.0,471.0,1.252,240.9,768.7,54.4,26.86117,72623.0,16010.0,15623.0,88800.0,4.5,149806.2,15.89,111.01,124.35,2.8,19.09,4.8,4.624,4.02,4.55,4.98,6.02,6.21,7.19,8.19,-0.1760001,-0.7800002,-0.25,0.1799998,1.22,1.41,2.39,3.389999,98.92,3.780861,301.1685,245.02,0.9824244,42.0,41.7,38.2,40.3,121.0,44.3,70.1,41.9,62.0,40.0,37.4,44.5,47.1,38.6,42.2,43.3,42.2,28.61752,52.75694,31.40298,23.40742,4.08,5.55,3.73,91.3
09/01/1972,3506.9,3172.6,27.26285,384317.0,111810.0,47.1267,45.6071,44.5491,56.725,42.8546,63.0289,24.1602,48.1067,30.0996,66.1745,43.1467,51.6106,73.182,68.3,83.8829,69.0,1.055,82543.0,78975.0,5.5,12.1,2353.0,1390.0,1131.0,583.0,548.0,255.2,60693.0,22456.0,611.5,4000.0,17774.0,10722.0,7052.0,51812.0,14848.0,3565.7,8073.1,3810.0,13575.0,40.0,3.6,40.6,58.6,2481.0,351.0,472.0,1139.0,520.0,2393.0,318.0,507.0,1044.0,523.0,65.1,69.3,65.5,56.8,39926.0,98826.0,23135.0,287970.0,473.93,1.238,243.2,778.3,54.8,27.07489,72984.0,16000.0,15459.0,88593.0,-2.5,151245.5,15.92,109.39,122.33,2.83,18.46,4.87,4.944,4.66,5.13,5.52,6.25,6.55,7.22,8.09,0.0739999,-0.21,0.2600002,0.6500001,1.38,1.68,2.35,3.22,99.04,3.787448,301.1232,244.1,0.9829942,42.2,42.0,38.5,40.5,122.7,44.5,67.8,42.1,62.5,40.2,37.4,44.8,47.2,38.7,42.3,43.6,42.4,28.74619,52.90401,31.62573,23.47841,4.11,5.59,3.75,90.1
10/01/1972,3583.9,3221.9,27.71184,389622.0,113431.0,47.7521,46.3269,45.248,57.5723,43.8451,63.7224,24.6128,48.5971,30.5983,67.0004,43.7679,53.7646,73.6618,66.9,84.8424,72.0,1.095,82616.0,78982.0,5.6,11.7,2351.0,1472.0,1123.0,601.0,522.0,250.4,61066.0,22613.0,611.3,4038.0,17893.0,10819.0,7074.0,52059.0,14920.0,3575.2,8124.5,3821.0,13606.0,40.1,3.6,40.7,59.0,2485.0,373.0,473.0,1135.0,505.0,2354.0,341.0,435.0,1009.0,569.0,67.0,70.8,73.0,63.0,40004.0,96862.0,22367.0,290581.0,476.1,1.226,245.0,786.9,55.3,27.34193,73644.0,16193.0,15637.0,90502.0,22.9,152835.0,15.72,109.56,122.39,2.82,18.36,5.04,5.084,4.74,5.13,5.52,6.18,6.48,7.21,8.06,0.0440001,-0.3000002,0.0900002,0.48,1.14,1.44,2.17,3.02,99.35,3.797661,301.0144,239.48,0.982743,42.0,41.9,38.7,40.9,124.5,44.5,72.0,42.2,62.8,40.1,37.8,44.9,47.2,38.8,42.4,43.7,42.5,28.77997,52.53852,31.70639,23.54438,4.14,5.64,3.78,89.0
11/01/1972,3622.8,3248.0,27.8175,397075.0,113867.0,48.3087,46.7624,45.7474,57.9916,44.8537,63.6982,25.0398,49.2986,31.1559,67.6225,44.3172,54.3517,71.8584,72.7,85.6501,73.0,1.176,82990.0,79473.0,5.3,11.4,2191.0,1386.0,1040.0,570.0,470.0,243.1,61322.0,22688.0,608.9,4002.0,18005.0,10912.0,7093.0,52277.0,14993.0,3589.9,8170.1,3832.0,13643.0,40.0,3.7,40.7,61.7,2421.0,335.0,418.0,1121.0,547.0,2234.0,366.0,412.0,909.0,548.0,69.9,73.0,74.5,63.4,40933.0,99050.0,22874.0,293233.0,478.75,1.211,246.4,793.9,55.7,27.50006,74370.0,16441.0,15833.0,91408.0,10.9,154699.8,15.69,115.05,128.29,2.73,19.23,5.06,5.054,4.78,5.09,5.27,6.12,6.28,7.12,7.99,-0.006,-0.2799997,0.0300002,0.21,1.06,1.22,2.06,2.93,99.46,3.795643,300.9872,235.05,0.9873715,42.3,42.1,39.0,42.0,126.2,44.5,74.5,42.4,63.0,40.3,37.8,45.1,47.3,38.9,42.5,43.9,42.7,28.86902,52.5479,31.81546,23.62489,4.15,5.68,3.79,87.8
12/01/1972,3637.5,3268.8,27.92217,402371.0,115882.0,48.8473,47.0957,46.1684,58.4772,45.7612,63.8566,25.2949,50.0907,31.9707,68.1059,44.9054,53.6226,71.0437,71.8,86.5223,80.0,1.305,83400.0,79804.0,5.2,11.4,2003.0,1460.0,1006.0,551.0,455.0,246.3,61586.0,22772.0,604.7,3937.0,18158.0,11036.0,7122.0,52498.0,15071.0,3605.1,8224.1,3842.0,13684.0,39.7,3.7,40.6,63.2,2366.0,395.0,345.0,1095.0,531.0,2419.0,426.0,461.0,1010.0,522.0,70.5,71.9,80.7,62.5,42128.0,103477.0,23302.0,298846.0,479.27,1.196,249.2,802.3,56.2,27.6988,75167.0,16645.0,15595.0,92111.0,8.4,156809.9,15.77,117.5,131.08,2.7,19.11,5.33,5.274,5.07,5.3,5.52,6.16,6.36,7.08,7.93,-0.0559998,-0.2599998,-0.0299997,0.1900001,0.8299999,1.03,1.75,2.6,99.97,3.769886,301.2411,234.48,0.9967506,42.7,42.6,39.6,43.8,130.8,44.5,78.0,42.5,63.2,40.4,37.9,45.2,47.5,39.0,42.6,44.0,42.8,28.96516,52.64391,31.9174,23.71033,4.18,5.75,3.83,83.0
01/01/1973,3627.0,3255.3,28.19301,407496.0,117269.0,49.1607,47.3082,46.3093,58.3332,45.5665,63.7588,25.6501,50.5262,32.5146,68.0932,45.1975,54.1735,70.5021,71.1,86.8186,82.0,1.405,83161.0,79705.0,4.9,11.0,2035.0,1344.0,947.0,537.0,410.0,228.3,61930.0,22955.0,601.2,4004.0,18276.0,11130.0,7146.0,52665.0,15128.0,3621.3,8255.3,3852.0,13690.0,39.7,3.8,40.4,67.8,2481.0,325.0,590.0,1072.0,494.0,2271.0,357.0,472.0,910.0,532.0,72.1,73.8,83.7,61.0,43150.0,106044.0,23481.0,305518.0,483.65,1.192,251.5,810.3,56.6,27.88856,75925.0,16708.0,15548.0,94279.0,26.0,159913.8,16.06,118.42,132.55,2.69,19.23,5.94,5.644,5.41,5.62,5.89,6.34,6.46,7.15,7.9,-0.296,-0.5300002,-0.3200002,-0.0500002,0.4000001,0.52,1.21,1.96,99.92,3.728561,301.7866,235.62,0.9992905,43.0,43.0,39.8,45.0,134.4,44.7,82.9,42.7,63.2,40.4,38.0,45.5,47.5,39.1,42.7,44.3,43.0,29.05493,52.68706,32.12318,23.73571,4.23,5.85,3.86,78.1
02/01/1973,3648.1,3275.6,28.36676,408133.0,118099.0,49.9221,48.0378,47.0538,59.0853,46.3969,64.4114,26.2982,51.3121,33.1793,69.1357,45.9824,53.636,69.254,68.5,88.0509,82.0,1.365,83912.0,80497.0,5.0,10.5,2259.0,1263.0,894.0,522.0,372.0,220.5,62306.0,23160.0,604.0,4071.0,18410.0,11239.0,7171.0,52857.0,15188.0,3645.7,8280.8,3874.0,13711.0,40.1,3.9,40.9,63.2,2289.0,313.0,534.0,1004.0,438.0,2226.0,317.0,500.0,905.0,504.0,69.6,69.0,85.2,63.6,44187.0,108430.0,24873.0,313483.0,486.25,1.197,252.2,814.1,56.9,27.87362,76160.0,16714.0,15120.0,98034.0,45.1,162096.1,16.1,114.16,127.87,2.8,18.53,6.58,6.044,5.6,5.83,6.19,6.6,6.64,7.22,7.97,-0.5359998,-0.98,-0.75,-0.3899999,0.02,0.0599999,0.6399999,1.39,95.65,3.409943,277.4618,242.75,0.9956193,43.5,43.5,40.4,47.1,143.0,45.9,87.8,43.0,63.4,40.6,38.1,45.9,47.6,39.2,42.8,44.6,43.3,29.20683,52.85546,32.3913,23.81598,4.22,5.77,3.87,73.3
03/01/1973,3653.0,3277.7,28.39998,406503.0,117912.0,49.9085,48.1554,47.1751,59.2156,46.4507,64.589,26.4411,51.1287,33.2031,68.832,46.0185,54.3742,67.9505,67.7,87.841,82.0,1.383,84452.0,80983.0,4.9,10.6,2136.0,1340.0,889.0,501.0,388.0,227.2,62541.0,23262.0,603.6,4089.0,18493.0,11306.0,7187.0,53024.0,15235.0,3650.0,8306.8,3888.0,13745.0,40.2,3.8,40.9,63.6,2365.0,319.0,458.0,1174.0,414.0,2062.0,341.0,406.0,817.0,498.0,69.6,68.8,87.5,61.9,44683.0,110882.0,25330.0,323952.0,487.92,1.206,251.7,815.3,57.2,27.71371,76663.0,16923.0,15099.0,100124.0,25.1,164253.3,16.18,112.42,126.05,2.83,17.5,7.09,6.634,6.09,6.51,6.85,6.8,6.71,7.29,8.03,-0.4560003,-1.0,-0.5799999,-0.2400002,-0.29,-0.3800001,0.1999998,0.9399996,92.63,3.217089,261.8487,247.24,0.996681,44.4,44.7,41.1,49.3,149.9,48.7,90.0,43.4,63.8,40.7,38.2,46.4,47.7,39.4,43.0,45.0,43.7,29.41865,52.95581,32.79583,23.91296,4.24,5.79,3.88,71.3
04/01/1973,3653.6,3281.5,28.28558,404821.0,116018.0,49.8171,47.9377,46.9234,58.6113,45.7211,64.1097,26.6435,51.2008,33.2252,68.8785,45.9341,52.8712,67.8713,65.6,87.4006,81.0,1.347,84559.0,81152.0,5.0,10.0,2260.0,1474.0,809.0,469.0,340.0,238.5,62679.0,23316.0,603.8,4106.0,18530.0,11340.0,7190.0,53140.0,15267.0,3659.2,8323.7,3897.0,13777.0,40.1,4.0,40.8,62.6,2084.0,305.0,432.0,831.0,516.0,1908.0,299.0,372.0,813.0,424.0,67.7,65.9,86.7,59.2,43799.0,108226.0,26265.0,331252.0,490.32,1.218,252.7,819.7,57.8,27.6529,76962.0,16731.0,15020.0,101768.0,19.7,165937.8,16.23,110.27,123.56,2.9,17.11,7.12,7.004,6.26,6.52,6.85,6.67,6.67,7.26,8.09,-0.1159997,-0.8599997,-0.5999999,-0.27,-0.4499998,-0.4499998,0.1400003,0.9700003,93.05,3.240546,265.4914,248.37,1.000721,44.7,45.0,41.3,50.1,152.9,49.8,88.3,43.7,64.2,41.0,38.3,46.8,47.9,39.5,43.1,45.4,44.0,29.64246,53.14386,33.13279,24.07041,4.27,5.81,3.91,69.3
05/01/1973,3679.0,3302.7,28.3499,403524.0,115281.0,50.168,48.2929,47.2857,58.9836,45.6222,64.7891,27.0086,51.5373,33.5134,69.1515,46.2497,53.98,68.0284,59.2,87.7173,82.0,1.404,84648.0,81272.0,4.9,10.1,2223.0,1320.0,816.0,467.0,349.0,235.5,62829.0,23382.0,605.3,4137.0,18564.0,11384.0,7180.0,53264.0,15304.0,3667.5,8351.3,3909.0,13817.0,40.1,3.8,40.7,60.2,2266.0,287.0,530.0,961.0,488.0,1931.0,267.0,393.0,824.0,447.0,64.8,63.5,86.6,59.2,44659.0,108059.0,25717.0,337026.0,492.26,1.227,254.9,826.8,58.1,27.76087,77393.0,16672.0,14829.0,103074.0,15.7,168084.3,16.26,107.22,119.95,3.01,16.44,7.84,7.134,6.36,6.62,6.89,6.8,6.85,7.29,8.06,-0.7060003,-1.48,-1.22,-0.9500003,-1.04,-0.9900002,-0.5500002,0.2200003,92.33,3.171482,264.6483,253.05,1.000841,45.0,45.3,42.2,52.5,161.1,50.5,89.3,43.9,64.4,41.0,38.5,47.2,48.0,39.6,43.3,45.7,44.3,29.78292,53.24546,33.36804,24.15573,4.29,5.82,3.93,67.3
06/01/1973,3688.4,3314.5,28.27706,402718.0,115675.0,50.2121,48.2987,47.2628,58.5805,45.5375,64.1897,27.3039,51.628,33.7549,68.5593,46.2434,54.5239,68.4348,62.7,87.4196,82.0,1.393,85185.0,81676.0,4.9,9.6,2322.0,1248.0,779.0,454.0,325.0,240.0,63014.0,23485.0,611.7,4193.0,18606.0,11425.0,7181.0,53401.0,15341.0,3685.4,8370.6,3918.0,13872.0,40.1,3.8,40.7,59.7,2067.0,307.0,452.0,889.0,419.0,2051.0,307.0,337.0,963.0,444.0,65.0,61.0,85.6,62.5,44581.0,107388.0,25251.0,340580.0,495.4,1.237,256.7,833.3,58.5,27.81702,77842.0,16746.0,14895.0,105166.0,25.1,170082.2,16.33,104.75,117.2,3.06,15.42,8.49,7.874,7.19,7.23,7.31,6.69,6.9,7.37,8.13,-0.6159997,-1.3,-1.26,-1.18,-1.8,-1.59,-1.12,-0.3599997,90.4,3.052783,264.4943,257.62,0.9984025,45.5,45.9,43.0,55.0,171.2,51.2,87.6,44.2,64.6,41.2,38.6,47.5,48.0,39.8,43.5,46.0,44.5,29.95647,53.30422,33.62943,24.29139,4.32,5.86,3.95,65.9
07/01/1973,3699.2,3327.7,28.50079,408207.0,115551.0,50.4271,48.5029,47.4373,58.4899,45.5311,64.047,27.6492,51.8504,34.025,68.6212,46.4518,54.7797,67.3725,50.4,87.5287,84.0,1.447,85299.0,81759.0,4.8,9.6,2271.0,1314.0,756.0,474.0,282.0,242.3,63046.0,23522.0,617.0,4232.0,18598.0,11438.0,7160.0,53389.0,15350.0,3693.7,8367.9,3929.0,13865.0,40.1,3.8,40.7,56.4,2123.0,252.0,457.0,1007.0,407.0,1819.0,279.0,382.0,735.0,422.0,57.8,49.2,85.2,64.0,44391.0,107670.0,26600.0,342159.0,498.27,1.228,257.5,836.5,58.8,27.82033,78531.0,16988.0,15035.0,106581.0,17.0,171787.5,16.39,105.83,118.65,3.04,15.53,10.4,9.134,8.01,8.12,8.39,7.33,7.13,7.45,8.24,-1.266,-2.389999,-2.28,-2.009999,-3.07,-3.27,-2.95,-2.16,88.38,2.822626,264.5433,253.75,0.9995102,45.4,45.7,42.3,52.5,181.9,51.5,69.6,44.2,64.6,41.2,38.6,47.5,48.1,39.9,43.5,46.0,44.6,30.06794,53.42389,33.70638,24.41973,4.35,5.87,3.98,64.4
08/01/1973,3689.5,3315.7,28.15174,399771.0,114154.0,50.3357,48.3282,47.2017,57.9313,44.1347,64.0988,27.7632,51.8647,33.9219,68.6602,46.3209,55.2708,67.4771,59.0,87.0009,82.0,1.412,85204.0,81779.0,4.8,9.8,2290.0,1260.0,788.0,454.0,334.0,254.1,63262.0,23559.0,622.7,4233.0,18629.0,11471.0,7158.0,53607.0,15390.0,3710.4,8381.3,3939.0,13904.0,40.0,3.7,40.6,54.9,2051.0,269.0,450.0,874.0,458.0,1809.0,284.0,381.0,735.0,409.0,62.7,59.1,86.7,62.1,44221.0,107515.0,26923.0,347180.0,497.54,1.252,257.7,838.8,59.1,27.58146,78781.0,16796.0,14631.0,108505.0,23.1,173525.8,16.43,103.8,116.75,3.16,15.11,10.5,10.134,8.67,8.65,8.82,7.63,7.4,7.68,8.53,-0.3660002,-1.83,-1.85,-1.68,-2.87,-3.1,-2.82,-1.97,89.84,2.971238,265.2238,247.57,1.003966,47.0,47.7,43.5,64.1,207.8,52.3,86.1,45.0,64.9,41.2,38.7,48.7,48.2,40.2,43.7,46.9,45.4,30.41173,53.52764,34.42754,24.56926,4.36,5.87,4.0,63.0
09/01/1973,3712.4,3337.4,28.56372,402531.0,115503.0,50.7826,48.9084,47.9527,58.9075,45.6715,64.6353,28.2276,52.1331,34.1415,68.8062,46.7255,57.0189,67.8395,58.2,87.4799,81.0,1.38,85488.0,82146.0,4.8,9.4,2211.0,1346.0,785.0,490.0,295.0,247.4,63389.0,23548.0,625.7,4237.0,18609.0,11462.0,7147.0,53733.0,15416.0,3711.9,8400.3,3946.0,13892.0,40.0,3.8,40.7,56.1,1874.0,272.0,430.0,774.0,398.0,1704.0,242.0,326.0,693.0,443.0,63.5,60.0,90.1,62.3,44039.0,106334.0,26610.0,352770.0,499.15,1.247,257.9,839.3,59.6,27.48666,79316.0,16735.0,14883.0,108458.0,-0.6,174412.0,16.35,105.61,118.52,3.13,14.58,10.78,10.184,8.29,8.45,8.31,7.05,7.09,7.63,8.63,-0.5959997,-2.49,-2.33,-2.469999,-3.73,-3.69,-3.15,-2.15,90.01,3.016955,265.4773,241.83,1.008258,46.9,47.5,43.0,60.9,194.9,52.6,92.1,45.2,65.2,41.1,38.9,48.7,48.2,40.5,44.0,47.0,45.6,30.53481,53.56151,34.55005,24.70565,4.4,5.95,4.03,64.4
10/01/1973,3745.8,3369.4,28.36545,412856.0,115285.0,51.13,49.2293,48.2813,59.0947,45.3192,65.1815,28.5777,52.5044,34.3631,69.4253,47.1059,55.786,70.3114,58.4,87.9127,82.0,1.467,85987.0,82563.0,4.6,10.2,2063.0,1321.0,793.0,457.0,336.0,241.3,63628.0,23641.0,630.1,4232.0,18702.0,11525.0,7177.0,53964.0,15483.0,3727.6,8442.5,3947.0,13977.0,40.0,3.7,40.6,60.4,1677.0,236.0,373.0,726.0,342.0,1411.0,207.0,298.0,582.0,324.0,66.2,65.4,88.7,66.5,44957.0,110311.0,28758.0,360340.0,502.37,1.224,259.0,842.6,59.9,27.43542,80173.0,16924.0,15448.0,109664.0,14.5,176288.4,16.3,109.84,123.42,3.05,15.1,10.01,9.014,7.22,7.32,7.4,6.77,6.79,7.6,8.41,-0.9960003,-2.79,-2.69,-2.61,-3.24,-3.22,-2.41,-1.6,89.61,3.028559,266.3329,242.92,1.001091,46.8,47.4,43.4,58.5,192.0,53.4,92.9,45.6,65.4,41.4,39.6,49.0,48.4,41.0,44.4,47.3,45.9,30.71212,53.57464,34.8763,24.80402,4.42,5.98,4.05,65.7
11/01/1973,3757.0,3379.7,28.41803,419534.0,115010.0,51.3693,49.3783,48.4385,59.2818,45.3043,65.4965,28.7291,52.8479,34.6862,70.3423,47.4445,55.0748,69.4007,62.0,88.2674,82.0,1.383,86320.0,82727.0,4.8,9.9,2288.0,1256.0,832.0,482.0,350.0,255.7,63874.0,23719.0,636.3,4232.0,18773.0,11582.0,7191.0,54190.0,15532.0,3738.4,8481.6,3963.0,14035.0,40.2,3.8,40.6,60.8,1724.0,256.0,322.0,765.0,381.0,1402.0,217.0,294.0,599.0,292.0,68.1,65.2,96.8,63.8,45997.0,113049.0,28940.0,368782.0,506.86,1.215,261.0,848.9,60.3,27.41798,80479.0,16978.0,15585.0,110877.0,14.6,177946.5,16.28,102.03,114.64,3.36,13.46,10.03,8.984,7.83,7.96,7.57,6.92,6.73,7.67,8.42,-1.046,-2.2,-2.07,-2.46,-3.11,-3.3,-2.36,-1.61,92.35,3.164156,278.2338,238.7,0.9990808,47.2,47.9,43.8,59.0,192.1,55.0,97.6,45.9,65.7,41.8,39.7,49.5,48.5,41.3,44.7,47.7,46.4,30.96144,53.69804,35.34687,24.93042,4.45,6.01,4.07,67.1
12/01/1973,3746.6,3371.8,28.17719,413918.0,111075.0,51.2457,48.9511,47.9104,58.2049,44.3787,64.3769,28.855,53.0934,34.9535,71.2297,47.4937,50.9374,69.1235,56.0,88.088,79.0,1.305,86401.0,82743.0,4.9,9.5,2332.0,1310.0,767.0,439.0,328.0,290.5,63965.0,23779.0,641.0,4239.0,18820.0,11619.0,7201.0,54256.0,15529.0,3749.1,8473.8,3972.0,14070.0,40.0,3.6,40.6,58.0,1526.0,211.0,298.0,699.0,318.0,1288.0,197.0,247.0,520.0,324.0,63.6,59.0,92.8,63.8,45286.0,107014.0,28018.0,374422.0,511.06,1.241,262.9,855.5,60.8,27.40345,81073.0,17021.0,15723.0,111764.0,10.6,178744.1,16.25,94.78,106.16,3.7,12.25,9.95,9.154,7.45,7.56,7.27,6.8,6.74,7.68,8.48,-0.7959995,-2.5,-2.39,-2.68,-3.15,-3.21,-2.27,-1.47,93.92,3.199795,280.1748,231.74,0.9994203,47.6,48.3,44.8,59.1,204.3,59.0,94.2,46.3,66.0,42.2,39.9,49.9,48.6,41.5,45.0,48.1,46.7,31.2187,53.7882,35.75211,25.1184,4.46,6.02,4.09,61.2
01/01/1974,3718.8,3335.4,28.1689,414292.0,111367.0,50.8909,48.6336,47.4687,57.4117,42.07,64.653,28.8657,52.6978,34.2249,71.8387,47.1017,51.9895,68.5915,55.9,87.0938,78.0,1.389,86555.0,82799.0,5.1,9.5,2400.0,1404.0,799.0,467.0,332.0,313.3,64014.0,23709.0,645.5,4196.0,18788.0,11583.0,7205.0,54395.0,15589.0,3779.0,8462.9,3986.0,14090.0,39.8,3.5,40.5,57.3,1451.0,233.0,338.0,618.0,262.0,1331.0,212.0,279.0,540.0,300.0,62.1,55.7,91.8,62.0,46644.0,111534.0,28749.0,383377.0,512.74,1.245,263.8,859.7,61.3,27.28067,81850.0,17222.0,16171.0,113967.0,26.4,179985.7,16.33,96.11,107.18,3.64,12.51,9.65,8.734,7.77,7.65,7.42,6.95,6.99,7.83,8.48,-0.9159994,-1.88,-2.0,-2.23,-2.7,-2.66,-1.82,-1.17,97.74,3.363945,297.9827,222.4,0.9914832,48.8,49.6,45.9,63.3,213.3,61.1,95.3,46.8,66.3,42.8,40.1,50.5,48.9,41.8,45.4,48.7,47.2,31.51315,53.95861,36.3126,25.26302,4.46,6.02,4.1,55.3
02/01/1974,3695.6,3313.2,28.00901,412259.0,110600.0,50.7566,48.4592,47.355,57.2284,41.9501,64.4373,28.7798,52.6118,34.0643,71.9733,46.9501,51.9429,68.7654,49.7,86.555,77.0,1.348,86754.0,82930.0,5.2,9.6,2432.0,1426.0,829.0,495.0,334.0,317.9,64118.0,23718.0,649.2,4259.0,18727.0,11531.0,7196.0,54535.0,15608.0,3799.2,8460.4,4004.0,14135.0,40.0,3.4,40.4,51.0,1752.0,261.0,369.0,780.0,342.0,1360.0,206.0,292.0,543.0,319.0,58.6,56.0,88.8,58.8,46844.0,110432.0,29121.0,390913.0,513.79,1.253,265.3,864.2,61.8,27.10852,82341.0,17125.0,15933.0,116322.0,28.3,181188.9,16.34,93.45,104.13,3.81,12.16,8.97,7.874,7.12,6.96,6.88,6.82,6.96,7.85,8.53,-1.096,-1.85,-2.01,-2.09,-2.15,-2.01,-1.12,-0.4400005,95.86,3.175208,290.9768,227.49,0.9765816,49.7,50.7,46.8,64.3,232.0,62.6,93.6,47.3,67.0,43.4,40.3,51.3,49.1,42.0,45.8,49.3,47.8,31.87927,54.20431,36.98678,25.45152,4.51,6.08,4.13,49.4
03/01/1974,3670.1,3289.0,28.05409,413653.0,110784.0,50.7423,48.6062,47.5219,57.3005,41.9641,64.5452,29.0391,52.4058,33.7709,72.0271,46.885,53.1087,70.1084,55.8,86.1828,77.0,1.376,86819.0,83093.0,5.1,9.7,2413.0,1403.0,849.0,519.0,330.0,313.7,64143.0,23687.0,650.1,4255.0,18700.0,11519.0,7181.0,54608.0,15617.0,3799.2,8469.9,4006.0,14152.0,39.9,3.5,40.4,56.3,1555.0,209.0,353.0,653.0,340.0,1440.0,201.0,338.0,544.0,357.0,61.8,58.0,88.9,59.1,47233.0,107813.0,29481.0,394709.0,517.58,1.259,266.7,870.1,62.3,26.98168,82835.0,17131.0,15817.0,117738.0,17.0,181981.0,16.34,97.44,108.98,3.65,12.08,9.35,8.514,7.96,7.83,7.76,7.31,7.21,8.01,8.62,-0.8360004,-1.39,-1.52,-1.59,-2.04,-2.14,-1.34,-0.7300005,93.62,3.07787,282.0556,234.06,0.9720346,50.2,51.1,48.1,62.3,233.0,66.9,94.0,47.8,67.5,44.2,40.7,51.9,49.3,42.4,46.3,49.9,48.3,32.24781,54.50396,37.60302,25.67333,4.53,6.1,4.15,54.2
04/01/1974,3666.1,3270.3,28.15203,410638.0,111443.0,50.6271,48.4292,47.3282,57.1197,41.7163,64.4194,28.8177,52.3633,33.8358,71.3425,46.7173,54.5964,75.8878,54.5,85.632,79.0,1.413,86669.0,83087.0,5.1,9.8,2337.0,1456.0,889.0,535.0,354.0,292.4,64193.0,23670.0,659.8,4225.0,18702.0,11551.0,7151.0,54714.0,15649.0,3806.3,8497.7,4012.0,14191.0,39.0,2.9,39.5,53.9,1607.0,207.0,373.0,690.0,337.0,1254.0,178.0,247.0,485.0,344.0,59.9,56.4,82.1,62.5,48430.0,107739.0,28848.0,398356.0,519.42,1.273,267.2,872.9,63.0,26.88411,83621.0,17298.0,15561.0,122857.0,61.4,183021.1,16.35,92.46,103.66,3.86,11.4,10.51,9.794,8.33,8.32,8.62,7.92,7.51,8.25,8.87,-0.7160006,-2.18,-2.190001,-1.89,-2.59,-3.0,-2.26,-1.64,92.26,3.026268,277.7701,238.86,0.9675297,50.7,51.5,49.0,60.6,230.8,70.8,93.5,48.1,68.2,44.7,41.0,52.1,49.7,42.6,46.7,50.1,48.5,32.46899,54.86396,37.87887,25.83454,4.55,6.13,4.16,59.1
05/01/1974,3676.9,3279.6,28.24183,412445.0,111516.0,50.9715,48.8236,47.7691,57.6099,41.8174,65.1446,29.1988,52.6428,34.0867,71.2773,47.0128,54.7913,76.2013,51.6,85.9355,78.0,1.371,86891.0,83362.0,5.1,9.6,2457.0,1409.0,880.0,524.0,356.0,294.9,64326.0,23635.0,666.8,4198.0,18688.0,11539.0,7149.0,54912.0,15693.0,3819.1,8530.4,4022.0,14221.0,39.8,3.4,40.3,51.1,1426.0,187.0,309.0,618.0,312.0,1138.0,177.0,250.0,415.0,296.0,55.7,51.6,74.5,59.3,50993.0,111121.0,26848.0,404065.0,523.13,1.276,267.6,874.6,63.4,26.68298,84432.0,17423.0,14833.0,125111.0,27.0,183917.4,16.25,89.67,101.17,4.0,10.99,11.31,10.694,8.23,8.4,8.78,8.18,7.58,8.37,9.05,-0.6160002,-3.080001,-2.910001,-2.530001,-3.13,-3.73,-2.940001,-2.26,91.4,2.916472,278.9634,241.37,0.9623157,51.3,52.0,50.6,58.3,221.6,76.0,92.3,48.6,68.7,45.3,41.4,52.7,50.3,43.1,47.2,50.7,49.1,32.77745,55.4593,38.27109,26.05699,4.62,6.17,4.25,63.9
06/01/1974,3680.8,3284.4,28.17535,411006.0,111012.0,50.932,48.9322,47.8929,57.8889,42.4058,65.2028,29.2006,52.4327,34.1465,71.3427,47.066,56.2204,76.4791,50.4,85.8001,76.0,1.279,86941.0,83555.0,5.4,9.7,2497.0,1517.0,926.0,559.0,367.0,311.9,64363.0,23591.0,672.1,4146.0,18690.0,11558.0,7132.0,55011.0,15711.0,3828.7,8539.7,4030.0,14239.0,39.7,3.3,40.2,49.9,1513.0,218.0,371.0,614.0,310.0,1086.0,167.0,246.0,386.0,287.0,54.7,51.9,73.1,55.9,51231.0,108080.0,26459.0,405474.0,526.13,1.288,268.5,877.8,63.7,26.55732,84895.0,17367.0,14361.0,126537.0,17.1,184598.2,16.18,89.79,101.62,4.02,10.67,11.93,11.054,7.9,8.12,8.67,8.1,7.54,8.47,9.27,-0.8760004,-4.03,-3.81,-3.26,-3.83,-4.39,-3.46,-2.66,92.55,2.989626,282.9655,239.02,0.966361,51.3,51.8,51.5,55.4,224.4,76.0,88.6,49.0,69.2,45.9,42.1,53.1,51.0,43.5,47.7,51.1,49.4,33.05304,56.32691,38.5199,26.2655,4.67,6.23,4.3,61.8
07/01/1974,3705.5,3297.0,28.26874,410066.0,112114.0,50.9239,48.7111,47.7968,57.772,42.2797,65.0982,29.1176,52.6663,33.98,71.3132,46.9665,54.9665,77.4211,52.0,85.395,74.0,1.23,87149.0,83713.0,5.5,9.9,2526.0,1602.0,924.0,537.0,387.0,309.0,64346.0,23462.0,678.5,4045.0,18656.0,11541.0,7115.0,55172.0,15749.0,3836.6,8568.8,4034.0,14288.0,39.7,3.3,40.1,50.3,1316.0,158.0,330.0,543.0,285.0,1002.0,146.0,225.0,372.0,259.0,54.8,52.6,69.2,54.8,51455.0,108855.0,30998.0,407196.0,526.93,1.294,269.3,881.4,64.1,26.47347,85439.0,17486.0,14185.0,130706.0,50.0,185641.9,16.07,82.82,93.54,4.42,9.86,12.92,11.804,7.55,7.94,8.8,8.38,7.81,8.72,9.48,-1.116,-5.37,-4.98,-4.12,-4.54,-5.11,-4.2,-3.440001,93.26,2.963929,290.9345,238.96,0.9763337,52.7,53.2,53.4,59.8,236.9,75.3,90.4,49.3,69.5,46.4,42.6,53.3,51.6,44.0,48.2,51.4,49.8,33.2937,57.10728,38.78404,26.41663,4.7,6.24,4.33,59.7
08/01/1974,3687.8,3280.8,28.47922,406089.0,113902.0,50.4538,48.6367,47.8119,57.7198,42.2257,65.0498,29.1336,51.7524,33.3149,70.4257,46.6115,54.8747,77.6831,49.6,84.5347,72.0,1.21,87037.0,83608.0,5.5,9.8,2609.0,1483.0,960.0,572.0,388.0,342.4,64291.0,23396.0,684.9,4059.0,18570.0,11481.0,7089.0,55223.0,15746.0,3841.9,8565.0,4035.0,14328.0,39.7,3.4,40.2,49.2,1142.0,160.0,284.0,443.0,255.0,917.0,131.0,226.0,314.0,246.0,52.9,50.2,66.3,57.0,52088.0,110815.0,28735.0,409764.0,525.44,1.303,270.1,884.1,64.7,26.28108,85974.0,17391.0,14055.0,133304.0,31.2,186290.1,16.07,76.03,85.51,4.9,8.7,12.01,11.664,8.96,9.11,9.36,8.63,8.04,9.0,9.77,-0.3460007,-3.05,-2.900001,-2.650001,-3.38,-3.97,-3.01,-2.24,94.9,2.984273,302.2792,234.56,0.979883,53.7,54.1,55.8,62.9,240.8,76.0,86.1,49.9,70.8,46.6,43.2,54.1,52.3,44.5,48.8,52.1,50.4,33.64017,57.66962,39.30676,26.6238,4.76,6.38,4.38,57.6
09/01/1974,3681.8,3274.5,28.20204,402648.0,110033.0,50.5021,48.5712,47.8132,57.2511,42.1278,64.3588,29.6651,51.9288,33.7034,70.2161,46.6623,54.1462,75.5471,46.3,84.417,69.0,1.05,87051.0,83591.0,5.9,9.6,2723.0,1680.0,1021.0,630.0,391.0,360.2,64192.0,23274.0,692.8,4009.0,18492.0,11432.0,7060.0,55340.0,15748.0,3839.1,8590.1,4036.0,14422.0,39.5,3.2,40.0,44.9,1150.0,192.0,281.0,436.0,241.0,840.0,139.0,218.0,264.0,219.0,46.2,41.2,51.8,54.8,50921.0,102827.0,27260.0,406588.0,528.26,1.321,271.0,887.9,65.2,26.12976,86377.0,17385.0,14102.0,137429.0,49.5,186366.2,15.96,68.12,76.54,5.45,7.69,11.34,11.234,8.06,8.53,8.87,8.37,8.04,9.24,10.18,-0.1059999,-3.28,-2.81,-2.47,-2.97,-3.3,-2.1,-1.16,95.52,2.996614,299.052,231.65,0.9863489,54.3,54.6,55.9,60.9,230.5,74.7,81.0,50.6,71.0,47.0,43.7,54.8,53.0,45.0,49.3,52.8,51.0,33.98042,58.36411,39.76034,26.84993,4.81,6.47,4.42,55.5
10/01/1974,3692.1,3279.9,28.12002,395754.0,108141.0,50.3186,48.4828,47.8546,57.2808,41.5891,64.7633,29.6671,51.6391,33.5217,68.784,46.3177,56.1972,77.0472,44.3,83.5904,64.0,0.953,86995.0,83564.0,6.0,9.9,2723.0,1770.0,1072.0,674.0,398.0,404.7,64143.0,23118.0,703.4,3972.0,18364.0,11357.0,7007.0,55509.0,15791.0,3844.2,8624.3,4038.0,14484.0,39.6,3.1,40.0,45.4,1070.0,156.0,259.0,430.0,225.0,824.0,144.0,217.0,253.0,210.0,42.7,36.5,45.3,47.9,50390.0,95401.0,24013.0,395930.0,531.93,1.353,272.3,893.3,65.8,26.09827,86513.0,17349.0,15536.0,138352.0,11.1,186004.1,15.79,69.44,77.57,5.38,7.92,10.06,9.424,7.46,7.74,8.05,7.97,7.9,9.27,10.48,-0.6360006,-2.6,-2.320001,-2.01,-2.090001,-2.16,-0.79,0.4199991,95.12,2.8962,299.3653,233.29,0.9830232,55.3,55.6,57.2,63.2,231.5,72.4,75.7,51.0,71.2,47.3,44.1,55.3,53.8,45.4,49.7,53.2,51.5,34.22832,59.11653,40.02527,27.01265,4.86,6.46,4.48,53.3
11/01/1974,3667.8,3251.6,27.82511,391519.0,106871.0,48.6566,47.3356,46.7536,55.6357,39.5892,63.4356,29.2097,49.4163,32.1755,66.716,44.9233,53.547,76.4946,40.9,80.8859,59.0,0.797,86626.0,83221.0,6.6,9.6,3052.0,1918.0,1128.0,698.0,430.0,470.2,63727.0,22773.0,707.3,3911.0,18077.0,11173.0,6904.0,55486.0,15749.0,3846.3,8585.9,4038.0,14532.0,39.1,2.8,39.5,39.6,1026.0,120.0,304.0,369.0,233.0,783.0,131.0,193.0,243.0,216.0,37.9,33.1,34.0,47.2,48781.0,92945.0,22991.0,387956.0,534.8,1.374,273.7,898.6,66.5,26.06001,87043.0,17453.0,16201.0,139734.0,16.6,185679.1,15.75,71.74,80.17,5.13,8.07,9.45,8.824,7.47,7.52,7.66,7.68,7.68,8.89,10.6,-0.6259995,-1.98,-1.93,-1.79,-1.77,-1.77,-0.5599995,1.150001,94.38,2.748461,300.075,232.52,0.9873618,56.4,56.7,57.8,64.2,227.8,71.0,71.0,51.5,71.7,47.6,44.4,55.8,54.3,45.8,50.1,53.7,52.0,34.48195,59.47928,40.35871,27.19457,4.88,6.51,4.49,51.2
12/01/1974,3662.8,3236.3,27.77765,380042.0,104657.0,46.9378,45.8438,45.2278,53.9021,36.333,62.794,28.0018,47.4649,30.2716,63.3795,42.9121,54.4239,77.2212,33.4,77.0901,54.0,0.67,86144.0,82783.0,7.2,10.1,3125.0,2151.0,1326.0,788.0,538.0,523.7,63098.0,22303.0,672.9,3860.0,17693.0,10901.0,6792.0,55354.0,15651.0,3834.3,8524.0,4036.0,14559.0,39.1,2.6,39.3,33.3,975.0,143.0,269.0,353.0,210.0,869.0,179.0,188.0,266.0,236.0,30.9,27.9,23.2,40.6,45286.0,84284.0,22490.0,377499.0,539.98,1.429,274.2,902.1,67.0,25.96373,87535.0,17550.0,16823.0,139873.0,1.7,185676.6,15.63,67.07,74.8,5.43,7.33,8.53,9.054,7.15,7.11,7.31,7.31,7.43,8.89,10.63,0.5240002,-1.38,-1.42,-1.22,-1.22,-1.1,0.3600006,2.1,93.57,2.601321,300.4086,232.94,0.9882204,56.4,56.6,57.8,61.5,213.1,69.0,64.7,51.9,71.7,47.9,44.8,56.3,54.8,46.2,50.5,54.2,52.4,34.74463,59.79407,40.70071,27.40443,4.92,6.56,4.52,50.8
01/01/1975,3658.1,3224.6,28.00258,379088.0,108169.0,46.3024,45.0011,44.3045,52.6633,34.8434,61.7823,27.4491,47.0749,29.3786,61.9297,42.0528,52.1347,78.622,33.4,75.3801,51.0,0.553,85627.0,82226.0,8.1,10.7,3293.0,2646.0,1555.0,930.0,625.0,560.6,62673.0,21974.0,715.3,3841.0,17344.0,10664.0,6680.0,55323.0,15600.0,3816.2,8514.8,4031.0,14624.0,39.0,2.5,39.2,29.7,1032.0,143.0,308.0,382.0,199.0,726.0,97.0,191.0,235.0,203.0,30.7,32.8,19.5,36.6,44916.0,82641.0,22996.0,368409.0,539.37,1.431,273.9,906.3,67.4,25.92466,87756.0,17273.0,16874.0,140652.0,9.3,185788.8,15.56,72.56,80.5,5.07,7.99,7.13,7.264,6.26,6.36,6.83,7.41,7.5,8.83,10.81,0.1339998,-0.8699999,-0.77,-0.3000002,0.2799997,0.3699999,1.7,3.68,92.37,2.527103,299.6704,236.23,0.9947675,56.7,56.8,58.0,59.6,205.1,67.8,54.1,52.3,71.8,48.0,45.3,56.7,55.3,46.5,50.9,54.5,52.8,34.95899,59.84144,40.89308,27.6489,4.95,6.59,4.54,50.4
02/01/1975,3652.5,3205.3,28.24625,376638.0,109279.0,45.2098,43.9963,43.3387,51.9371,33.8008,61.3004,26.4974,45.8989,28.3961,59.9415,40.8508,53.9052,76.3481,41.5,73.0658,50.0,0.532,85256.0,81895.0,8.1,11.7,2947.0,2616.0,1841.0,1124.0,717.0,541.0,62172.0,21512.0,718.3,3718.0,17004.0,10433.0,6571.0,55407.0,15561.0,3802.2,8525.2,4026.0,14747.0,38.6,2.4,38.9,33.1,904.0,191.0,208.0,346.0,159.0,729.0,112.0,177.0,223.0,217.0,34.4,40.0,15.9,30.6,44774.0,80705.0,20654.0,359225.0,535.97,1.432,275.0,914.1,67.8,26.00694,88192.0,17271.0,17123.0,139605.0,-12.6,186286.2,15.54,80.1,89.29,4.61,8.72,6.24,6.234,5.5,5.62,5.98,7.11,7.39,8.62,10.65,-0.0059996,-0.7399998,-0.6199999,-0.2599998,0.8700004,1.15,2.38,4.41,91.27,2.472188,291.5962,239.58,1.00043,56.6,56.6,57.8,57.9,201.9,66.8,46.8,52.6,72.0,48.3,45.8,56.9,55.8,46.9,51.2,54.7,53.0,35.14832,60.30027,41.01173,27.84453,4.98,6.58,4.58,50.0
03/01/1975,3653.8,3203.6,28.19081,365325.0,106440.0,44.731,43.6705,43.2329,52.1019,34.2798,61.2502,26.04,45.2531,27.9913,58.5983,40.3254,55.8841,74.7404,33.1,71.9716,49.0,0.483,85187.0,81829.0,8.6,11.8,3193.0,2630.0,2074.0,1305.0,769.0,546.3,61895.0,21274.0,720.9,3628.0,16853.0,10338.0,6515.0,55375.0,15525.0,3789.0,8524.0,4024.0,14754.0,38.3,2.3,38.8,32.8,993.0,114.0,249.0,400.0,230.0,709.0,103.0,168.0,215.0,223.0,31.6,37.0,17.3,30.9,43283.0,75428.0,18839.0,348382.0,531.68,1.464,276.4,925.0,68.4,26.23121,88916.0,17439.0,17333.0,138152.0,-17.4,185932.1,15.45,83.78,93.9,4.42,9.82,5.54,5.934,5.49,5.62,6.11,7.3,7.73,8.67,10.48,0.3940001,-0.0500002,0.0799999,0.5700002,1.76,2.19,3.13,4.94,90.54,2.483053,287.9272,241.8,1.00046,56.6,56.4,57.4,57.1,198.6,66.0,42.7,52.8,72.1,48.7,46.3,57.1,56.4,47.0,51.5,54.9,53.2,35.26333,60.90043,41.00315,27.97206,5.04,6.74,4.63,56.6
04/01/1975,3657.6,3199.0,28.21173,368985.0,107662.0,44.7621,43.9932,43.6806,53.2001,35.5427,62.1861,25.7961,44.9516,27.5291,58.9074,40.2439,58.8515,74.355,45.5,71.676,49.0,0.479,85189.0,81874.0,8.8,12.9,2915.0,2719.0,2442.0,1478.0,964.0,516.4,61668.0,21109.0,716.9,3565.0,16759.0,10235.0,6524.0,55354.0,15474.0,3786.8,8488.5,4027.0,14795.0,38.7,2.4,39.0,36.9,1005.0,128.0,229.0,401.0,247.0,866.0,133.0,211.0,283.0,239.0,37.5,42.6,21.7,26.9,44927.0,79367.0,20904.0,339832.0,530.79,1.448,276.2,935.1,68.5,26.41367,89116.0,17498.0,17387.0,136564.0,-19.1,185400.2,15.34,84.72,95.27,4.34,9.36,5.49,5.984,5.61,6.0,6.9,7.99,8.23,8.95,10.58,0.4940004,0.1200004,0.5100002,1.41,2.5,2.74,3.46,5.09,91.85,2.558854,292.1926,237.07,1.010989,57.1,56.9,57.5,59.5,201.2,65.3,42.6,53.0,72.1,48.8,46.7,57.2,56.8,47.3,51.8,55.1,53.4,35.40212,61.47538,41.05431,28.10592,5.04,6.73,4.63,63.2
05/01/1975,3679.2,3215.1,28.77893,368900.0,112160.0,44.6709,44.0464,43.7935,53.4176,36.4816,61.9196,25.5352,44.6971,27.0996,59.5746,40.2509,56.4659,72.5735,50.5,71.54,49.0,0.466,85451.0,81891.0,9.0,13.4,3051.0,2692.0,2643.0,1554.0,1089.0,496.3,61796.0,21097.0,727.5,3552.0,16746.0,10194.0,6552.0,55526.0,15514.0,3788.3,8534.6,4032.0,14827.0,38.8,2.4,39.0,39.6,1121.0,155.0,258.0,422.0,286.0,914.0,135.0,238.0,272.0,269.0,41.2,47.2,22.7,31.0,45294.0,77659.0,19144.0,332097.0,526.86,1.437,279.2,947.9,69.1,26.6716,89610.0,17353.0,17288.0,133750.0,-33.8,185283.3,15.19,90.1,101.56,4.08,10.14,5.22,5.574,5.23,5.59,6.39,7.72,8.06,8.9,10.69,0.3540001,0.0100002,0.3700004,1.17,2.5,2.840001,3.68,5.47,91.9,2.509347,291.4262,232.05,1.028574,57.4,57.3,57.3,61.2,194.5,64.9,45.4,53.1,72.2,48.9,47.0,57.5,57.0,47.5,51.9,55.3,53.5,35.53968,61.46524,41.14625,28.28749,5.06,6.74,4.65,69.8
06/01/1975,3744.1,3220.8,28.82344,372216.0,111251.0,45.0047,44.3486,44.1896,54.242,36.8802,62.9821,25.3346,45.0617,27.1177,61.3792,40.6334,55.4535,74.7287,53.1,72.0708,52.0,0.514,85355.0,81987.0,8.8,15.3,2872.0,2526.0,2843.0,1538.0,1305.0,495.0,61735.0,21018.0,727.4,3526.0,16690.0,10128.0,6562.0,55501.0,15541.0,3786.4,8579.2,4031.0,14784.0,38.8,2.4,39.2,43.9,1087.0,128.0,272.0,398.0,289.0,946.0,126.0,235.0,310.0,275.0,45.1,54.9,24.9,28.7,45968.0,77557.0,18783.0,325269.0,523.71,1.416,282.4,963.0,70.0,26.92909,90817.0,17715.0,17488.0,131397.0,-28.2,182452.4,14.64,92.4,103.68,4.02,10.84,5.55,5.544,5.34,5.61,6.29,7.51,7.86,8.77,10.62,-0.006,-0.21,0.0599999,0.7399998,1.96,2.31,3.22,5.07,92.08,2.494637,293.4531,228.03,1.02642,57.9,57.8,57.3,61.5,187.2,64.2,44.0,53.5,72.2,49.4,47.4,57.9,57.2,47.8,52.2,55.6,53.9,35.76059,61.58321,41.41028,28.49089,5.08,6.8,4.68,70.1
07/01/1975,3705.1,3222.8,28.93907,374065.0,111793.0,45.4923,45.0851,44.9994,55.6198,38.7701,63.9578,25.5777,45.2584,27.144,62.8783,41.2458,55.7825,76.7231,55.8,73.0077,53.0,0.529,85894.0,82437.0,8.6,15.0,2882.0,2268.0,2943.0,1542.0,1401.0,449.0,61907.0,20981.0,727.5,3501.0,16678.0,10078.0,6600.0,55787.0,15589.0,3798.6,8611.2,4042.0,14861.0,39.1,2.6,39.4,44.3,1226.0,189.0,311.0,431.0,295.0,1020.0,139.0,283.0,306.0,292.0,47.2,58.4,28.7,24.6,48159.0,84723.0,20817.0,324511.0,522.77,1.406,283.7,975.1,70.5,27.03352,91373.0,17632.0,17331.0,130713.0,-8.2,183693.7,14.78,92.49,103.84,4.02,10.94,6.1,6.194,6.13,6.5,7.11,7.92,8.06,8.84,10.55,0.0939999,0.0300002,0.4000001,1.01,1.82,1.960001,2.74,4.45,94.52,2.612876,296.3753,218.45,1.030885,58.4,58.4,57.5,62.4,195.5,63.6,53.0,54.0,72.6,50.2,47.8,58.6,57.6,48.0,52.6,56.3,54.4,36.07003,61.86924,41.88389,28.70037,5.11,6.82,4.71,70.4
08/01/1975,3735.7,3253.0,29.01353,378453.0,112426.0,45.9195,45.2381,45.0636,55.9176,39.2789,64.1022,25.4124,45.9914,27.7981,63.7431,41.6381,56.1806,76.3426,61.1,73.5512,52.0,0.533,86234.0,82805.0,8.4,15.6,2808.0,2371.0,2862.0,1390.0,1472.0,451.1,62284.0,21176.0,731.6,3547.0,16824.0,10175.0,6649.0,55978.0,15641.0,3806.5,8652.9,4052.0,14870.0,39.4,2.8,39.7,49.7,1260.0,148.0,346.0,478.0,288.0,994.0,135.0,251.0,316.0,292.0,51.4,60.3,35.1,28.1,49251.0,85068.0,20474.0,322293.0,522.21,1.389,284.1,983.1,71.0,27.13794,91700.0,17660.0,17449.0,129579.0,-13.6,184044.0,14.64,85.71,96.21,4.36,10.08,6.14,6.464,6.44,6.94,7.7,8.33,8.4,8.95,10.59,0.3240004,0.3000002,0.8000002,1.56,2.19,2.26,2.81,4.45,96.55,2.678667,297.9738,211.43,1.0354,58.9,59.0,58.0,63.0,205.6,64.2,68.8,54.2,72.6,50.6,48.1,58.7,57.9,48.3,52.8,56.4,54.6,36.22603,62.13467,42.12211,28.79654,5.15,6.81,4.75,70.7
09/01/1975,3747.9,3265.8,29.08532,379359.0,112470.0,46.5145,45.8274,45.7539,56.7098,40.0953,64.8386,25.809,46.5837,28.2882,65.341,42.3326,56.3759,79.5198,62.3,74.6248,54.0,0.552,86279.0,82771.0,8.4,16.1,2878.0,2357.0,2906.0,1308.0,1598.0,444.9,62408.0,21284.0,732.9,3573.0,16904.0,10204.0,6700.0,55948.0,15658.0,3826.0,8654.8,4062.0,14824.0,39.4,2.8,39.8,53.5,1264.0,147.0,307.0,503.0,307.0,1064.0,148.0,262.0,334.0,320.0,54.4,60.4,43.8,34.2,49675.0,84717.0,19525.0,319947.0,521.91,1.385,285.7,991.5,71.2,27.23378,92119.0,17834.0,17438.0,128146.0,-17.2,184938.4,14.61,84.67,94.96,4.39,10.74,6.24,6.664,6.42,6.92,7.75,8.37,8.43,8.95,10.61,0.4240003,0.1800003,0.6800003,1.51,2.13,2.190001,2.71,4.37,97.25,2.70966,299.895,208.35,1.026304,59.3,59.4,58.2,64.5,206.3,64.8,73.6,54.6,72.7,51.4,48.5,59.0,58.3,48.7,53.2,56.9,55.0,36.40699,62.48989,42.20636,29.00494,5.17,6.83,4.78,70.4
10/01/1975,3767.8,3282.2,29.07858,379823.0,112628.0,46.7003,45.9455,45.8257,56.8015,39.943,65.0854,25.8568,46.8436,28.2141,66.3955,42.5443,54.8458,77.4764,62.3,74.8434,54.0,0.544,86370.0,82973.0,8.4,15.4,2962.0,2392.0,2689.0,1241.0,1448.0,417.6,62635.0,21384.0,737.6,3587.0,16984.0,10207.0,6777.0,56151.0,15692.0,3830.5,8684.3,4072.0,14900.0,39.5,2.7,39.9,48.9,1344.0,149.0,351.0,495.0,349.0,1096.0,139.0,278.0,341.0,338.0,55.5,64.2,44.8,41.9,50491.0,82966.0,19742.0,316667.0,523.53,1.388,285.4,997.8,71.7,27.24801,92448.0,17587.0,17397.0,126999.0,-13.8,185623.2,14.52,88.57,99.29,4.22,11.19,5.82,6.224,5.96,6.25,6.95,7.97,8.14,8.86,10.62,0.4039998,0.1399999,0.4299998,1.13,2.15,2.32,3.039999,4.8,97.23,2.662761,302.334,205.68,1.025042,59.8,59.9,58.8,65.1,201.4,64.8,75.3,54.9,73.0,51.7,48.9,59.4,58.5,49.0,53.5,57.3,55.3,36.61918,62.78278,42.48515,29.17021,5.18,6.81,4.8,70.2
11/01/1975,3769.6,3291.5,29.29567,379266.0,112665.0,46.8201,45.9851,45.8332,57.0474,39.9777,65.4577,25.8043,47.0531,28.3337,66.8088,42.6564,54.2616,78.1267,60.0,74.8857,56.0,0.571,86456.0,83125.0,8.3,16.6,2718.0,2345.0,2789.0,1144.0,1645.0,396.8,62776.0,21442.0,737.8,3604.0,17025.0,10241.0,6784.0,56237.0,15720.0,3840.6,8697.8,4076.0,14903.0,39.5,2.8,39.9,49.8,1360.0,163.0,333.0,540.0,324.0,1110.0,141.0,285.0,347.0,337.0,54.5,62.2,46.8,38.8,50488.0,83320.0,19605.0,314881.0,521.43,1.384,286.8,1006.9,72.3,27.31944,93373.0,17849.0,17789.0,126131.0,-10.4,186789.7,14.5,90.07,100.86,4.07,11.47,5.22,5.654,5.48,5.8,6.49,7.8,8.05,8.78,10.56,0.434,0.2600002,0.5800004,1.27,2.58,2.83,3.56,5.340001,97.01,2.653717,302.5444,204.84,1.01388,60.0,60.1,59.0,64.4,191.7,64.5,70.8,55.3,73.2,52.4,48.8,59.7,58.8,49.6,53.9,57.6,55.7,36.85654,63.07484,42.671,29.42183,5.22,6.87,4.83,69.9
12/01/1975,3775.2,3293.1,29.56939,383283.0,113786.0,47.3838,46.4236,46.3008,57.4945,40.6906,65.7047,26.1445,47.7509,28.7559,67.6912,43.2015,54.3451,78.9795,62.4,75.6862,56.0,0.584,86665.0,83406.0,8.2,16.5,2762.0,2191.0,2868.0,1282.0,1586.0,373.9,63071.0,21602.0,743.4,3641.0,17140.0,10315.0,6825.0,56415.0,15758.0,3854.4,8741.1,4090.0,14946.0,39.8,2.9,40.2,50.8,1321.0,157.0,326.0,530.0,308.0,1091.0,139.0,285.0,349.0,318.0,54.9,63.1,41.2,40.2,51318.0,83734.0,18657.0,310873.0,520.04,1.366,287.1,1016.2,72.8,27.41541,93887.0,17822.0,17692.0,126245.0,1.4,189506.7,14.57,88.7,99.31,4.14,11.7,5.2,5.754,5.44,5.85,6.6,7.76,8.0,8.79,10.56,0.5540004,0.2400002,0.6500001,1.4,2.56,2.8,3.59,5.360001,97.8,2.633658,305.6702,202.21,1.013921,60.1,60.1,59.2,64.0,189.7,64.3,64.4,55.6,73.4,52.6,49.3,59.9,59.0,49.9,54.2,57.9,56.0,37.06675,63.6461,42.82576,29.61431,5.25,6.9,4.86,73.7
01/01/1976,3804.4,3316.7,29.86956,392772.0,116516.0,48.074,47.0408,46.9005,58.2635,41.3894,66.4798,26.4788,48.5135,29.5009,67.9535,43.763,57.2044,78.5579,65.6,76.512,57.0,0.61,87400.0,84013.0,7.9,16.6,2749.0,2154.0,2713.0,1132.0,1581.0,373.1,63537.0,21799.0,744.8,3688.0,17287.0,10417.0,6870.0,56707.0,15877.0,3867.1,8805.4,4096.0,14969.0,40.0,3.0,40.3,53.1,1367.0,152.0,322.0,550.0,343.0,1195.0,136.0,284.0,374.0,401.0,58.8,63.8,54.0,45.3,52857.0,86600.0,19785.0,307374.0,521.61,1.337,288.4,1026.6,73.2,27.59545,94281.0,17616.0,17537.0,125349.0,-10.8,191088.2,14.52,96.86,108.45,3.8,12.68,4.87,5.034,4.87,5.14,5.81,7.46,7.74,8.6,10.41,0.164,0.0,0.27,0.9400001,2.59,2.87,3.73,5.54,97.5,2.602947,304.6366,202.8588,1.006447,60.0,59.9,59.4,63.0,190.4,64.1,70.2,55.8,73.7,53.0,49.7,60.0,59.1,50.5,54.5,58.1,56.2,37.20179,63.90095,42.91327,29.76025,5.29,6.91,4.9,77.4
02/01/1976,3827.8,3340.0,29.83562,394497.0,115755.0,48.5115,47.2431,47.0599,58.4321,41.8289,66.4581,26.5952,49.2128,30.2886,69.0971,44.3644,54.6791,82.0504,64.8,77.4001,60.0,0.668,87672.0,84368.0,7.7,16.3,2799.0,1980.0,2519.0,986.0,1533.0,348.0,63836.0,21893.0,743.1,3687.0,17384.0,10486.0,6898.0,56924.0,15970.0,3884.8,8867.8,4105.0,14981.0,40.1,3.1,40.4,57.3,1538.0,196.0,398.0,614.0,330.0,1190.0,141.0,318.0,385.0,346.0,61.5,68.7,56.1,48.2,54131.0,90380.0,20563.0,305926.0,524.44,1.338,290.8,1040.3,73.9,27.91709,95039.0,17806.0,17725.0,125758.0,4.9,192358.9,14.49,100.64,112.96,3.67,13.21,4.77,5.004,4.88,5.2,5.91,7.45,7.79,8.55,10.24,0.2340002,0.1100001,0.4299998,1.14,2.68,3.02,3.78,5.47,97.26,2.569901,301.5954,202.62,0.9935222,59.9,59.6,59.6,62.1,193.2,64.4,73.2,55.9,74.0,53.3,50.2,59.9,59.4,50.8,54.7,58.2,56.3,37.26392,64.08514,42.81661,29.89992,5.33,6.94,4.94,81.2
03/01/1976,3842.9,3358.5,29.98698,397479.0,116484.0,48.5547,47.1794,46.9998,58.296,41.7817,66.269,26.6671,49.3774,30.4825,69.1639,44.4461,54.1322,82.339,63.3,77.379,61.0,0.687,87985.0,84689.0,7.6,16.5,2628.0,1995.0,2441.0,981.0,1460.0,360.2,64062.0,21980.0,747.2,3685.0,17470.0,10558.0,6912.0,57069.0,16004.0,3894.4,8882.4,4115.0,14987.0,39.6,3.1,40.2,54.9,1421.0,192.0,382.0,506.0,341.0,1164.0,143.0,313.0,365.0,343.0,58.4,61.6,56.7,46.7,55537.0,93593.0,20092.0,306680.0,526.35,1.333,292.7,1050.0,74.7,28.13711,95786.0,17875.0,17821.0,123490.0,-27.2,194024.5,14.52,101.08,113.73,3.65,13.12,4.84,5.124,5.0,5.44,6.21,7.49,7.73,8.52,10.12,0.2839999,0.1599998,0.5999999,1.37,2.65,2.89,3.68,5.28,98.09,2.565418,300.5169,194.28,0.9858919,60.0,59.6,59.8,61.5,196.0,65.2,74.3,56.0,74.2,53.8,50.7,59.8,59.7,51.1,55.0,58.3,56.3,37.31726,64.09955,42.74533,30.03373,5.36,6.99,4.98,80.6
04/01/1976,3860.9,3379.8,30.19702,399381.0,118490.0,48.8553,47.4226,47.1995,58.4658,41.8174,66.5192,27.0094,49.7387,30.9185,69.4457,44.7646,55.1026,82.7846,64.1,77.7688,60.0,0.668,88416.0,84978.0,7.7,15.9,2938.0,2011.0,2210.0,801.0,1409.0,371.3,64308.0,22050.0,745.3,3684.0,17541.0,10612.0,6929.0,57243.0,16076.0,3909.2,8933.2,4127.0,14985.0,39.4,2.6,39.6,56.4,1395.0,161.0,394.0,505.0,335.0,1132.0,139.0,288.0,357.0,348.0,60.6,65.2,57.3,51.4,55317.0,92879.0,21626.0,306778.0,529.08,1.334,294.7,1060.8,75.5,28.3585,96479.0,17719.0,17675.0,120789.0,-32.4,195904.0,14.57,101.93,114.67,3.66,13.13,4.82,4.964,4.86,5.18,5.92,7.25,7.56,8.4,9.94,0.1440001,0.04,0.3599997,1.1,2.43,2.74,3.579999,5.119999,98.71,2.52966,299.1057,184.63,0.9835936,60.3,60.0,60.0,63.9,202.3,67.4,75.9,56.1,74.3,54.0,51.0,59.9,60.0,51.3,55.2,58.5,56.4,37.40677,64.52012,42.73952,30.12973,5.38,7.06,4.98,80.1
05/01/1976,3867.5,3392.7,29.97681,398940.0,116985.0,49.0661,47.7627,47.5485,58.958,41.8814,67.2728,27.2289,49.7985,31.1237,69.3913,44.9887,56.3231,83.5655,60.5,77.9916,62.0,0.715,88794.0,85427.0,7.4,15.0,2795.0,2049.0,2115.0,896.0,1219.0,392.7,64340.0,21988.0,745.8,3649.0,17513.0,10641.0,6872.0,57323.0,16103.0,3917.5,8955.9,4136.0,14971.0,39.9,3.2,40.3,55.4,1459.0,148.0,399.0,508.0,404.0,1194.0,144.0,297.0,396.0,357.0,58.8,62.3,58.3,51.6,56179.0,92529.0,20842.0,304797.0,531.73,1.342,295.9,1072.1,76.1,28.52084,97251.0,17940.0,17826.0,121069.0,3.4,196605.9,14.54,101.16,113.76,3.76,13.02,5.29,5.314,5.2,5.62,6.4,7.59,7.9,8.58,9.86,0.0240002,-0.0900002,0.3299999,1.11,2.3,2.61,3.29,4.57,98.98,2.487253,299.0073,180.79,0.9801903,60.4,60.0,60.3,63.6,202.8,68.9,78.0,56.4,74.6,54.3,51.4,60.2,60.4,51.4,55.4,58.7,56.7,37.59005,64.88109,42.97076,30.26847,5.43,7.14,5.04,79.5
06/01/1976,3870.7,3392.5,30.31576,403843.0,119111.0,49.0693,47.6461,47.4262,58.7358,41.7065,67.0302,27.3032,49.9384,31.2582,69.116,44.9972,55.5359,85.9118,60.5,77.8377,62.0,0.699,88563.0,85253.0,7.6,16.9,2787.0,2281.0,2332.0,979.0,1353.0,396.3,64413.0,21982.0,749.0,3632.0,17521.0,10652.0,6869.0,57394.0,16112.0,3918.9,8952.0,4146.0,14963.0,39.8,3.1,40.2,54.3,1495.0,164.0,374.0,580.0,377.0,1188.0,132.0,307.0,370.0,379.0,58.2,60.6,58.6,52.6,56529.0,93739.0,20828.0,304179.0,536.18,1.337,296.2,1077.6,76.6,28.5399,97732.0,17946.0,17820.0,122018.0,11.4,198154.3,14.59,101.77,114.5,3.75,12.24,5.48,5.704,5.41,5.77,6.52,7.61,7.86,8.62,9.89,0.224,-0.0700002,0.29,1.04,2.13,2.38,3.14,4.41,99.37,2.470112,299.1862,176.4,0.9735961,60.5,60.1,60.8,65.2,207.4,69.5,80.1,56.7,74.9,54.8,51.8,60.4,60.7,51.7,55.7,59.0,56.9,37.75766,64.97557,43.13561,30.43554,5.45,7.1,5.07,81.5
07/01/1976,3899.1,3408.5,30.40208,404124.0,119470.0,49.3535,48.0721,47.7108,59.1085,41.9384,67.4774,27.5685,50.0559,31.585,69.1778,45.3364,55.9064,84.8552,56.7,78.2537,62.0,0.673,89093.0,85735.0,7.8,15.7,2965.0,2181.0,2316.0,1066.0,1250.0,389.8,64553.0,21988.0,756.6,3627.0,17524.0,10651.0,6873.0,57558.0,16157.0,3924.7,8979.0,4155.0,14993.0,39.9,3.2,40.3,55.1,1401.0,143.0,360.0,551.0,347.0,1245.0,151.0,300.0,388.0,406.0,55.9,58.0,54.0,50.5,56938.0,96385.0,24180.0,305322.0,539.08,1.343,297.2,1086.3,77.1,28.62463,98234.0,17846.0,17714.0,121328.0,-8.3,199687.3,14.55,104.2,116.99,3.64,12.29,5.31,5.414,5.23,5.53,6.2,7.49,7.83,8.56,9.82,0.1040001,-0.0799999,0.2200003,0.8899999,2.18,2.52,3.25,4.51,98.96,2.484966,294.6376,178.5,0.9722236,60.7,60.3,61.1,64.8,216.0,71.0,84.2,57.0,75.3,55.1,52.3,60.7,61.1,52.1,56.0,59.3,57.2,37.94984,65.33976,43.31915,30.60769,5.5,7.19,5.11,83.5
08/01/1976,3910.2,3421.8,30.45592,405521.0,118376.0,49.6908,48.268,48.0018,59.2343,42.5351,67.278,28.0421,50.5494,31.9515,69.8059,45.6304,56.1585,84.8918,52.9,78.5873,62.0,0.671,89223.0,85843.0,7.8,15.6,2893.0,2323.0,2378.0,1098.0,1280.0,388.1,64697.0,22038.0,728.1,3632.0,17596.0,10736.0,6860.0,57666.0,16192.0,3926.5,9012.8,4160.0,15007.0,39.7,3.1,40.2,52.1,1550.0,156.0,411.0,574.0,409.0,1309.0,163.0,315.0,395.0,436.0,54.5,57.7,55.2,52.4,57445.0,95389.0,21880.0,303097.0,540.25,1.342,299.0,1098.7,77.6,28.79061,98888.0,18053.0,17953.0,121083.0,-2.9,200609.3,14.51,103.29,115.63,3.74,12.23,5.29,5.234,5.14,5.4,6.0,7.31,7.77,8.45,9.64,-0.0559998,-0.1500001,0.1100001,0.71,2.02,2.48,3.16,4.35,98.58,2.481266,290.6132,178.28,0.9853576,60.9,60.4,61.3,63.6,206.9,71.3,73.3,57.3,75.8,55.4,52.6,61.0,61.5,52.4,56.3,59.6,57.5,38.16174,65.45135,43.51929,30.84493,5.55,7.23,5.16,85.5
09/01/1976,3914.8,3428.5,30.57571,406694.0,117709.0,49.821,48.45,47.9793,59.2298,42.2123,67.4881,28.0103,50.6182,31.8395,69.9892,45.7225,56.1539,84.1032,53.2,78.5692,61.0,0.683,89173.0,85895.0,7.6,15.2,2910.0,2329.0,2296.0,1092.0,1204.0,403.3,64921.0,22142.0,759.7,3634.0,17665.0,10753.0,6912.0,57750.0,16239.0,3939.2,9034.3,4184.0,14971.0,39.9,3.1,40.2,54.2,1720.0,162.0,470.0,632.0,456.0,1481.0,159.0,391.0,469.0,462.0,53.6,55.3,52.6,49.5,57742.0,95560.0,22784.0,303545.0,544.55,1.349,299.6,1110.8,78.1,28.9502,99446.0,18009.0,17948.0,120710.0,-4.5,202355.9,14.56,105.45,118.15,3.71,11.5,5.25,5.204,5.08,5.3,5.84,7.13,7.59,8.38,9.4,-0.046,-0.1700001,0.0500002,0.5900002,1.88,2.34,3.13,4.15,98.17,2.47335,287.3563,172.72,0.975077,61.1,60.5,61.9,63.4,203.1,72.0,70.6,57.6,76.1,56.0,53.0,61.3,61.8,52.8,56.7,59.9,57.8,38.36935,65.91982,43.71064,31.02488,5.59,7.26,5.2,85.6
10/01/1976,3915.2,3433.3,30.62603,401896.0,118811.0,49.8746,48.7767,48.3474,59.728,42.7358,67.9425,28.1946,50.3598,31.5449,70.1064,45.7459,57.8028,84.3111,56.1,78.4291,62.0,0.678,89274.0,85958.0,7.7,15.2,2945.0,2285.0,2292.0,1061.0,1231.0,408.7,64877.0,22037.0,760.0,3645.0,17548.0,10641.0,6907.0,57868.0,16240.0,3944.9,9045.3,4199.0,15028.0,39.7,3.2,40.0,50.2,1629.0,162.0,417.0,574.0,476.0,1425.0,163.0,364.0,421.0,477.0,53.5,57.0,49.0,50.0,57049.0,95057.0,23786.0,305970.0,547.08,1.371,302.0,1125.0,78.6,29.16792,100066.0,18077.0,17983.0,121770.0,12.7,204119.9,14.62,101.89,114.03,3.85,11.15,5.02,4.974,4.92,5.06,5.5,6.75,7.41,8.32,9.29,-0.046,-0.0999999,0.04,0.48,1.73,2.39,3.3,4.27,98.49,2.446423,291.1717,163.77,0.9727153,61.4,60.9,62.0,63.0,196.5,71.5,67.1,57.9,76.2,56.6,53.2,61.6,62.1,53.1,57.0,60.3,58.1,38.56978,66.53136,43.89462,31.17521,5.6,7.33,5.19,85.8
11/01/1976,3951.9,3463.9,30.80263,408578.0,119130.0,50.6214,49.5884,49.3504,60.8079,44.1311,68.7543,29.0972,51.0213,32.0072,70.3213,46.3336,62.1268,85.7975,54.4,79.2491,64.0,0.671,89634.0,86371.0,7.8,15.3,2826.0,2449.0,2354.0,1076.0,1278.0,389.3,65164.0,22207.0,761.8,3678.0,17682.0,10775.0,6907.0,58030.0,16263.0,3950.5,9055.6,4213.0,15073.0,39.8,3.1,40.1,50.5,1641.0,199.0,368.0,591.0,483.0,1531.0,166.0,366.0,449.0,550.0,51.7,55.7,47.2,42.4,59627.0,97280.0,21301.0,306627.0,548.85,1.353,303.6,1138.2,79.1,29.37634,100892.0,18340.0,18268.0,123317.0,18.6,206099.3,14.55,101.19,112.96,4.04,11.02,4.95,4.854,4.75,4.88,5.29,6.52,7.29,8.25,9.23,-0.0959997,-0.1999998,-0.0699997,0.3400002,1.57,2.34,3.3,4.28,99.11,2.441525,295.1681,163.81,0.9855906,61.9,61.4,62.4,63.4,197.2,71.1,69.7,58.1,76.5,57.0,53.9,61.7,62.2,53.4,57.3,60.6,58.3,38.74546,66.63652,44.07059,31.35994,5.65,7.35,5.25,85.9
12/01/1976,3960.7,3472.3,31.20901,419162.0,122147.0,51.1445,50.0556,49.8294,61.4438,45.2214,69.0535,29.4702,51.6,32.4325,70.7992,46.8124,62.7172,87.0753,59.6,79.8747,66.0,0.717,89803.0,86552.0,7.8,15.1,2921.0,2304.0,2375.0,1041.0,1334.0,368.0,65373.0,22261.0,766.1,3688.0,17719.0,10804.0,6915.0,58187.0,16316.0,3958.9,9076.0,4229.0,15075.0,39.6,3.2,39.9,53.8,1804.0,176.0,449.0,649.0,530.0,1511.0,170.0,351.0,462.0,528.0,56.6,58.9,53.3,52.8,61551.0,102183.0,23289.0,307947.0,550.77,1.324,306.2,1152.0,79.5,29.56736,101515.0,18388.0,18335.0,124225.0,10.9,209232.5,14.62,104.66,116.33,3.93,11.02,4.65,4.534,4.35,4.51,4.89,6.1,6.87,7.98,9.12,-0.1160002,-0.3000002,-0.1399999,0.2399998,1.45,2.22,3.33,4.47,99.72,2.449599,294.6984,167.84,1.018288,62.4,61.9,62.8,64.5,200.6,70.2,75.8,58.4,76.8,57.3,54.2,62.0,62.6,53.7,57.6,60.8,58.6,38.96188,66.83543,44.24294,31.60277,5.69,7.36,5.29,85.3
01/01/1977,3942.8,3460.2,31.1246,416429.0,120444.0,50.8497,49.9041,49.753,61.2914,45.0944,68.8922,29.5298,51.1469,32.1647,71.1117,46.6789,62.0396,88.6569,56.9,79.4529,68.0,0.754,89928.0,86743.0,7.5,15.2,2894.0,2206.0,2200.0,989.0,1211.0,407.1,65636.0,22320.0,771.8,3660.0,17803.0,10860.0,6943.0,58372.0,16399.0,3972.7,9129.4,4247.0,15056.0,38.9,3.3,39.4,49.9,1527.0,136.0,249.0,571.0,571.0,1466.0,136.0,326.0,457.0,547.0,54.8,57.2,55.3,51.4,62107.0,99327.0,22977.0,307194.0,552.73,1.338,308.3,1165.2,80.2,29.74471,102237.0,18421.0,18353.0,124450.0,2.7,195049.5,14.61,103.81,115.17,3.99,10.93,4.61,4.594,4.62,4.83,5.29,6.58,7.21,7.96,9.08,-0.0160003,0.0099998,0.2199998,0.6799998,1.97,2.6,3.35,4.47,99.14,2.492088,291.0446,171.24,1.010254,62.5,62.1,63.0,64.3,207.3,70.7,78.4,58.7,77.2,57.8,54.6,62.3,63.0,54.1,58.0,61.2,58.9,39.17336,67.23184,44.46495,31.7819,5.74,7.45,5.35,84.8
02/01/1977,3953.6,3470.9,31.29267,422091.0,122357.0,51.601,50.6529,50.5088,62.0481,45.6385,69.7512,30.1748,51.8897,32.5828,72.846,47.4878,60.7349,91.6893,50.8,80.6207,68.0,0.747,90342.0,87120.0,7.6,14.7,3015.0,2240.0,2174.0,969.0,1205.0,450.3,65931.0,22478.0,775.1,3775.0,17843.0,10873.0,6970.0,58509.0,16447.0,3982.4,9159.5,4260.0,15056.0,40.0,3.3,40.2,51.5,1943.0,146.0,453.0,754.0,590.0,1560.0,140.0,351.0,508.0,561.0,55.0,56.8,65.1,51.9,63058.0,99820.0,22527.0,305639.0,554.03,1.323,311.5,1177.6,80.8,29.82462,102654.0,18299.0,18227.0,125824.0,16.5,197994.3,14.64,100.96,112.14,4.21,10.62,4.68,4.634,4.67,4.9,5.47,6.83,7.39,8.04,9.12,-0.046,-0.0099998,0.2200003,0.79,2.15,2.71,3.36,4.44,99.31,2.52086,285.0058,171.03,1.027802,63.2,62.8,63.3,65.7,213.0,71.9,76.8,59.3,77.6,58.2,54.9,63.0,63.4,54.4,58.3,61.8,59.5,39.48416,67.21221,44.9876,32.01078,5.77,7.45,5.36,84.2
03/01/1977,3973.6,3489.6,31.31626,427197.0,122894.0,52.2502,50.9467,50.695,62.0831,46.881,68.9854,30.6296,52.9315,33.468,73.7864,48.1908,56.5379,89.3208,62.5,81.5969,70.0,0.781,90808.0,87596.0,7.4,14.5,2993.0,2213.0,2057.0,894.0,1163.0,356.9,66341.0,22672.0,787.5,3859.0,17941.0,10956.0,6985.0,58719.0,16524.0,3998.9,9217.8,4285.0,15050.0,39.9,3.3,40.3,54.3,2063.0,221.0,489.0,802.0,551.0,1660.0,212.0,393.0,514.0,541.0,58.4,63.5,49.6,54.7,65955.0,104762.0,22776.0,305871.0,555.63,1.31,313.9,1188.5,81.3,29.95367,103337.0,18405.0,18301.0,126179.0,4.3,201350.3,14.73,100.57,111.88,4.37,10.21,4.69,4.624,4.6,4.88,5.5,6.93,7.46,8.1,9.12,-0.066,-0.0900002,0.1900001,0.8099999,2.24,2.77,3.41,4.43,99.44,2.550461,280.2141,171.7408,1.051248,63.7,63.4,63.9,66.6,218.4,74.3,80.9,59.6,77.5,58.7,55.5,63.2,63.8,54.8,58.6,62.1,59.8,39.67794,67.32817,45.14731,32.23382,5.8,7.46,5.4,84.0
04/01/1977,3991.5,3508.0,31.3646,426680.0,124248.0,52.7382,51.473,51.1238,62.4749,47.2453,69.3755,31.0344,53.369,33.892,74.1443,48.7069,55.7466,89.2736,59.2,82.2478,72.0,0.83,91271.0,87958.0,7.2,14.4,3015.0,1994.0,1936.0,816.0,1120.0,371.3,66655.0,22807.0,792.7,3904.0,18024.0,11010.0,7014.0,58923.0,16591.0,4013.2,9253.9,4304.0,15075.0,40.0,3.3,40.4,51.9,1892.0,188.0,469.0,743.0,492.0,1660.0,177.0,418.0,547.0,518.0,56.9,60.3,54.6,54.4,64457.0,103278.0,23491.0,307483.0,558.17,1.318,316.0,1199.6,82.1,30.06059,104076.0,18479.0,18406.0,126925.0,9.0,203776.4,14.79,99.05,109.89,4.47,10.01,4.73,4.624,4.54,4.8,5.44,6.79,7.37,8.04,9.07,-0.1059999,-0.1900001,0.0700002,0.71,2.06,2.64,3.31,4.34,98.89,2.526414,275.1864,171.9032,1.051489,64.0,63.7,64.4,68.3,220.8,75.9,78.8,60.0,77.6,59.0,56.0,63.7,64.1,55.2,58.9,62.5,60.2,39.90607,67.38428,45.44782,32.4433,5.85,7.48,5.45,83.8
05/01/1977,4006.0,3531.0,31.44666,426949.0,123196.0,53.1286,51.8315,51.4047,62.5113,47.4512,69.2982,31.5218,53.7898,34.1695,75.0422,49.0755,56.3976,87.9493,63.0,82.6405,74.0,0.869,91754.0,88322.0,7.0,14.9,2754.0,2170.0,1928.0,859.0,1069.0,379.6,66957.0,22919.0,796.2,3930.0,18107.0,11079.0,7028.0,59170.0,16663.0,4027.3,9299.1,4318.0,15132.0,40.1,3.5,40.5,54.8,1971.0,214.0,487.0,769.0,501.0,1668.0,181.0,407.0,556.0,524.0,59.7,64.5,55.4,53.2,65514.0,103365.0,23668.0,308048.0,559.98,1.322,317.2,1209.0,82.5,30.13718,104630.0,18585.0,18379.0,127740.0,9.8,206332.8,14.87,98.76,109.11,4.39,9.99,5.35,5.134,4.96,5.2,5.84,6.94,7.46,8.05,9.01,-0.2160001,-0.3899999,-0.1500001,0.4900002,1.59,2.11,2.7,3.66,98.93,2.519291,277.4233,171.8451,1.048609,64.4,64.2,64.9,67.6,218.7,76.2,75.7,60.2,78.1,59.1,56.5,63.9,64.3,55.4,59.1,62.8,60.4,40.11656,67.64845,45.73642,32.60326,5.88,7.48,5.49,83.6
06/01/1977,4012.6,3542.8,31.43339,430801.0,123385.0,53.5106,52.3542,51.9493,62.9733,48.3322,69.462,32.1312,54.0073,34.4591,75.0306,49.4763,58.421,86.8638,62.5,83.0787,75.0,0.842,91959.0,88619.0,7.2,14.4,3138.0,2078.0,1918.0,892.0,1026.0,357.4,67281.0,23046.0,807.2,3962.0,18192.0,11136.0,7056.0,59442.0,16733.0,4044.1,9343.6,4333.0,15207.0,40.0,3.5,40.5,52.5,1893.0,199.0,478.0,732.0,484.0,1752.0,239.0,414.0,571.0,528.0,56.8,58.1,53.3,52.6,66322.0,106580.0,25852.0,310771.0,561.72,1.314,318.8,1217.8,83.1,30.18517,105186.0,18471.0,18208.0,128990.0,15.0,208978.6,14.97,99.29,109.46,4.6,9.86,5.39,5.294,5.02,5.21,5.8,6.76,7.28,7.95,8.91,-0.0959997,-0.3699999,-0.1799998,0.4100003,1.37,1.89,2.56,3.52,98.64,2.489432,272.8364,171.914,1.057653,64.6,64.2,64.9,65.5,208.5,74.8,71.9,60.5,78.5,59.1,57.0,64.2,64.4,55.8,59.4,63.1,60.7,40.34432,67.82001,45.98801,32.81243,5.93,7.53,5.54,82.9
07/01/1977,4034.8,3556.0,31.68658,431974.0,124475.0,53.6209,52.5616,52.186,63.1025,48.3566,69.6531,32.4906,54.0071,34.3042,75.3137,49.5141,60.5492,86.8065,60.6,82.9046,77.0,0.912,92084.0,88837.0,6.9,14.3,2859.0,2060.0,1907.0,934.0,973.0,364.1,67537.0,23106.0,783.5,3981.0,18259.0,11205.0,7054.0,59730.0,16799.0,4062.4,9372.8,4349.0,15299.0,39.9,3.4,40.4,54.5,2058.0,217.0,466.0,811.0,564.0,1687.0,165.0,412.0,571.0,539.0,57.7,58.9,58.3,52.0,66495.0,105389.0,24005.0,312081.0,564.03,1.316,320.2,1226.7,83.9,30.24544,106394.0,18748.0,18425.0,128860.0,-1.6,211514.2,15.0,100.18,110.12,4.59,9.92,5.42,5.264,5.19,5.4,5.94,6.84,7.33,7.94,8.87,-0.1560001,-0.23,-0.02,0.52,1.42,1.91,2.52,3.45,97.73,2.410376,264.86,172.2599,1.061234,64.8,64.5,65.1,64.7,204.1,75.1,69.0,60.8,79.1,59.0,57.3,64.4,64.5,56.3,59.8,63.3,61.0,40.55818,68.17071,46.13734,33.05016,5.96,7.54,5.58,82.2
08/01/1977,4053.5,3568.8,31.67772,432687.0,124061.0,53.6837,52.7746,52.3527,63.1845,48.3721,69.7741,32.7601,53.9006,34.357,75.511,49.7945,59.6948,86.3549,53.9,83.1337,79.0,0.91,92441.0,89181.0,7.0,13.9,2896.0,2207.0,1836.0,938.0,898.0,366.7,67746.0,23124.0,768.6,3995.0,18276.0,11220.0,7056.0,59950.0,16858.0,4079.2,9412.6,4368.0,15328.0,39.9,3.5,40.4,53.6,2020.0,219.0,437.0,838.0,526.0,1780.0,176.0,446.0,613.0,545.0,54.9,58.8,53.5,50.0,67404.0,106275.0,24273.0,314548.0,567.62,1.322,322.3,1237.0,84.5,30.36615,107185.0,18919.0,17858.0,130214.0,16.2,213868.7,15.04,97.75,107.5,4.72,9.72,5.9,5.634,5.49,5.83,6.37,7.03,7.4,7.98,8.82,-0.2660003,-0.4100003,-0.0700002,0.4699998,1.13,1.5,2.08,2.92,98.52,2.408304,266.6738,173.97,1.074945,65.2,64.8,65.4,63.9,200.8,75.3,70.4,61.1,79.2,58.9,57.7,64.6,64.6,56.6,60.0,63.5,61.2,40.73615,68.35254,46.27374,33.25074,5.99,7.56,5.61,81.5
09/01/1977,4081.1,3599.7,31.77713,434276.0,124466.0,53.942,52.9116,52.532,63.2344,48.5931,69.7087,33.0437,54.2916,34.4162,75.1799,49.8772,59.2532,86.6014,54.9,83.0295,78.0,0.933,92702.0,89501.0,6.8,14.0,2883.0,2125.0,1853.0,914.0,939.0,361.5,68129.0,23244.0,802.4,4023.0,18334.0,11265.0,7069.0,60288.0,16946.0,4095.7,9458.1,4394.0,15403.0,39.8,3.4,40.4,50.4,1949.0,173.0,434.0,802.0,540.0,1674.0,171.0,381.0,568.0,554.0,53.9,57.0,56.7,44.8,67923.0,108337.0,26104.0,318273.0,571.62,1.327,324.5,1246.2,85.2,30.47641,107923.0,18873.0,18247.0,130848.0,7.6,215888.0,15.05,96.23,105.94,4.82,9.24,6.14,5.974,5.81,6.04,6.53,7.04,7.34,7.92,8.8,-0.1659999,-0.3299999,-0.0999999,0.3900003,0.9000001,1.2,1.78,2.66,98.68,2.374428,266.7677,174.3139,1.073336,65.5,65.0,65.7,63.7,201.3,74.0,65.4,61.3,79.1,59.1,58.2,64.8,64.8,56.9,60.3,63.7,61.5,40.89064,68.4379,46.34293,33.46471,6.03,7.62,5.65,79.6
10/01/1977,4123.9,3648.4,32.04244,437529.0,126290.0,54.0847,52.9388,52.5562,63.821,48.5803,70.66,32.9354,54.562,34.8119,75.5139,50.0211,61.195,87.0842,57.0,83.0248,82.0,0.976,93052.0,89780.0,6.8,13.7,2883.0,2127.0,1789.0,876.0,913.0,361.5,68331.0,23279.0,805.5,4034.0,18356.0,11276.0,7080.0,60515.0,16984.0,4109.4,9499.4,4416.0,15463.0,40.1,3.5,40.6,56.0,2042.0,220.0,476.0,842.0,504.0,1758.0,204.0,381.0,610.0,563.0,55.4,57.1,53.6,47.9,67759.0,109984.0,25954.0,322237.0,572.22,1.318,326.4,1254.0,85.9,30.52639,108750.0,18963.0,17658.0,132174.0,15.9,218941.9,15.07,93.74,103.18,4.97,8.98,6.47,6.384,6.16,6.43,6.97,7.32,7.52,8.04,8.89,-0.086,-0.3099999,-0.04,0.5,0.8500004,1.05,1.57,2.420001,97.61,2.277422,254.6953,177.1079,1.098785,65.9,65.3,65.8,64.0,203.3,73.4,64.5,61.6,79.3,59.3,58.4,65.0,64.9,57.2,60.6,63.9,61.7,41.0792,68.86785,46.52872,33.6186,6.08,7.66,5.69,77.8
11/01/1977,4150.5,3665.4,32.23322,439528.0,126587.0,54.1086,52.9573,52.5434,63.8027,48.5371,70.6585,32.9666,54.5922,34.7582,75.6071,50.0766,58.4924,85.7394,58.7,82.8716,85.0,1.001,93761.0,90386.0,6.8,13.6,2924.0,2080.0,1804.0,908.0,896.0,353.0,68658.0,23371.0,811.0,4058.0,18419.0,11333.0,7086.0,60802.0,17071.0,4128.0,9555.0,4441.0,15515.0,40.0,3.5,40.5,51.8,2042.0,198.0,490.0,802.0,552.0,1771.0,166.0,414.0,597.0,594.0,56.1,59.2,56.3,48.0,69396.0,108586.0,24753.0,324911.0,575.01,1.318,328.6,1262.4,86.6,30.54942,109560.0,19012.0,18150.0,133272.0,13.2,221793.7,15.08,94.28,103.71,5.02,9.04,6.51,6.414,6.1,6.41,6.95,7.34,7.58,8.08,8.95,-0.0960002,-0.4100003,-0.1000004,0.4399996,0.8299999,1.07,1.57,2.44,96.31,2.197479,244.6663,181.7783,1.109319,66.4,65.8,66.3,65.4,205.9,73.7,62.0,62.0,79.8,59.5,58.6,65.5,65.2,57.6,60.9,64.4,62.2,41.32321,69.1364,46.82526,33.82703,6.11,7.68,5.72,75.9
12/01/1977,4160.3,3676.4,32.29383,445353.0,126403.0,54.21,53.638,53.3075,64.3397,48.792,71.3544,33.6675,54.0502,35.3471,75.5555,50.6387,60.0146,84.0815,64.7,83.5552,88.0,1.103,94105.0,90785.0,6.4,13.6,2729.0,1941.0,1717.0,859.0,858.0,357.4,68870.0,23371.0,670.4,4087.0,18531.0,11424.0,7107.0,61037.0,17161.0,4147.2,9607.8,4461.0,15538.0,39.8,3.4,40.4,59.8,2142.0,181.0,451.0,887.0,623.0,1754.0,182.0,402.0,620.0,550.0,59.8,60.7,57.1,48.9,70353.0,112549.0,26235.0,329465.0,577.83,1.307,330.9,1270.3,87.4,30.5849,110324.0,18990.0,18420.0,134372.0,13.2,223147.9,15.08,93.82,103.13,5.11,8.75,6.56,6.484,6.07,6.4,6.96,7.48,7.69,8.19,8.99,-0.0759997,-0.4899998,-0.1599998,0.4000001,0.9200001,1.13,1.63,2.43,94.52,2.076067,241.0161,185.4575,1.097309,66.7,66.1,66.6,66.4,212.7,74.0,67.2,62.3,80.1,59.8,59.0,65.7,65.5,57.9,61.2,64.7,62.4,41.53357,69.73865,47.02563,33.98682,6.13,7.72,5.75,75.8
01/01/1978,4145.8,3662.2,31.95176,431718.0,123369.0,53.4721,52.7066,52.2135,62.712,46.184,70.4587,33.0863,53.5378,34.8157,75.966,49.9105,59.6986,82.8419,57.7,82.1132,88.0,1.085,94384.0,90950.0,6.4,12.9,2824.0,1989.0,1643.0,830.0,813.0,350.6,68984.0,23374.0,668.3,4029.0,18593.0,11481.0,7112.0,61221.0,17222.0,4161.0,9641.4,4476.0,15611.0,38.7,3.4,39.5,55.1,1718.0,124.0,392.0,704.0,498.0,1740.0,193.0,351.0,649.0,547.0,57.4,60.6,55.6,54.0,67337.0,105194.0,25440.0,330730.0,580.47,1.355,334.4,1279.7,88.0,30.6245,111449.0,19290.0,18806.0,135158.0,9.4,225840.7,15.16,90.25,99.34,5.32,8.48,6.7,6.624,6.44,6.7,7.28,7.77,7.96,8.41,9.17,-0.0759997,-0.2599998,0.0,0.5800004,1.07,1.26,1.71,2.47,93.53,1.985979,241.0742,193.5266,1.101205,67.0,66.4,66.9,67.3,218.0,75.1,71.1,62.7,80.1,60.1,59.3,66.1,65.8,58.3,61.6,64.9,62.8,41.78681,70.0481,47.24487,34.25109,6.19,7.77,5.83,75.7
02/01/1978,4163.7,3680.7,32.42155,441619.0,125867.0,53.7169,53.2928,52.977,63.7707,47.3252,71.4082,33.7521,53.4032,34.8528,76.5319,50.0757,62.544,80.8853,54.6,82.1435,89.0,1.126,94519.0,91199.0,6.3,12.5,2764.0,1942.0,1584.0,917.0,667.0,381.5,69277.0,23453.0,672.2,4058.0,18639.0,11518.0,7121.0,61495.0,17288.0,4183.3,9670.0,4506.0,15671.0,39.3,3.6,39.9,52.8,1738.0,90.0,437.0,688.0,523.0,1736.0,167.0,406.0,620.0,543.0,55.9,56.2,63.4,54.0,69507.0,108770.0,27305.0,334049.0,582.85,1.33,335.3,1285.5,88.7,30.62253,112450.0,19561.0,19155.0,135658.0,6.0,228843.8,15.2,88.98,97.95,5.49,8.34,6.78,6.634,6.45,6.74,7.34,7.83,8.03,8.47,9.2,-0.1460004,-0.3300004,-0.0400004,0.5599999,1.05,1.25,1.69,2.42,93.38,1.907596,240.3655,193.9632,1.112961,67.5,66.9,67.4,68.4,220.3,75.8,74.4,63.0,79.5,60.2,59.9,66.4,66.3,58.7,61.8,65.3,63.1,41.97889,70.21361,47.36997,34.48399,6.23,7.82,5.86,77.2
03/01/1978,4190.5,3706.8,32.74688,446053.0,128265.0,54.69,54.4029,54.1804,64.9928,48.8041,72.3967,34.4707,54.2123,35.4573,76.637,50.896,64.3891,83.5707,57.0,83.2449,91.0,1.146,94755.0,91404.0,6.3,12.4,2871.0,1966.0,1531.0,817.0,714.0,342.9,69730.0,23649.0,686.3,4178.0,18699.0,11556.0,7143.0,61812.0,17377.0,4203.8,9714.1,4527.0,15731.0,40.0,3.6,40.5,52.9,2032.0,168.0,426.0,876.0,562.0,1799.0,174.0,408.0,647.0,570.0,55.0,56.6,58.9,44.0,70832.0,113505.0,26690.0,340845.0,588.03,1.329,337.0,1292.2,89.4,30.58334,112778.0,19286.0,18958.0,138536.0,34.5,232783.6,15.26,88.82,97.65,5.68,8.18,6.79,6.624,6.29,6.63,7.31,7.86,8.04,8.47,9.22,-0.1659999,-0.5,-0.1599998,0.52,1.07,1.25,1.68,2.43,92.48,1.897785,231.7605,190.5467,1.125829,67.8,67.3,67.8,69.8,226.4,76.3,72.3,63.4,79.9,60.3,60.2,66.8,67.0,59.1,62.2,65.7,63.6,42.25176,70.60264,47.73762,34.68407,6.27,7.9,5.88,69.5
04/01/1978,4215.9,3738.3,32.93779,459567.0,130446.0,55.8252,55.0339,54.8503,65.5287,49.7321,72.6443,35.275,55.8844,36.1258,77.6793,51.7163,60.9902,86.1018,60.3,84.3413,97.0,1.248,95394.0,92045.0,6.1,12.3,2750.0,1888.0,1502.0,822.0,680.0,323.7,70366.0,24008.0,841.1,4308.0,18772.0,11624.0,7148.0,62155.0,17478.0,4228.4,9765.6,4547.0,15797.0,40.0,3.5,40.4,53.8,2197.0,250.0,477.0,903.0,567.0,1948.0,204.0,415.0,771.0,558.0,57.7,60.2,57.1,52.4,75118.0,116673.0,28172.0,345526.0,593.32,1.302,339.9,1300.4,90.0,30.54075,113377.0,19408.0,18851.0,140620.0,25.0,235793.9,15.27,92.71,102.07,5.42,8.5,6.89,6.694,6.29,6.73,7.45,7.98,8.15,8.56,9.32,-0.1960001,-0.5999999,-0.1599998,0.5599999,1.09,1.26,1.670001,2.43,92.15,1.904348,221.8082,184.9679,1.141662,68.6,68.2,68.1,72.1,228.0,77.0,78.7,63.9,80.7,60.4,60.7,67.4,67.4,59.6,62.6,66.2,64.1,42.57917,70.97147,48.17466,34.9327,6.35,7.94,5.93,71.1
05/01/1978,4221.9,3741.0,33.07012,459130.0,130149.0,55.9982,54.8864,54.5908,65.0179,49.0111,72.3005,35.2499,56.406,36.4063,77.6683,51.863,61.1336,86.9377,62.3,84.3355,96.0,1.246,95769.0,92444.0,6.0,12.1,2870.0,1827.0,1420.0,728.0,692.0,326.3,70675.0,24082.0,846.8,4302.0,18848.0,11691.0,7157.0,62427.0,17567.0,4252.2,9826.1,4566.0,15834.0,39.9,3.5,40.4,57.0,2075.0,196.0,463.0,876.0,540.0,1766.0,184.0,387.0,644.0,551.0,60.2,63.9,57.4,54.5,74726.0,117118.0,28885.0,351499.0,595.78,1.308,344.9,1310.5,90.8,30.5593,114418.0,19655.0,18443.0,143029.0,28.9,239905.4,15.42,97.41,107.7,5.2,8.93,7.36,6.934,6.41,7.02,7.82,8.18,8.35,8.69,9.49,-0.4260001,-0.9500003,-0.3400002,0.46,0.8200002,0.9900002,1.329999,2.13,93.16,1.96493,226.1676,181.8104,1.118606,69.1,68.6,68.7,72.8,228.1,77.1,81.8,64.5,81.3,60.7,61.1,68.0,68.0,60.0,63.0,66.7,64.6,42.88384,71.3799,48.62341,35.14239,6.39,8.03,5.96,73.0
06/01/1978,4237.6,3762.9,33.18439,461675.0,131440.0,56.4154,55.4481,55.1673,65.4567,49.3269,72.7994,35.9044,56.6602,36.6582,77.8999,52.2978,60.8294,84.396,61.7,84.796,97.0,1.279,96343.0,92860.0,5.9,12.1,2788.0,1946.0,1352.0,712.0,640.0,333.3,71099.0,24238.0,854.9,4379.0,18919.0,11739.0,7180.0,62713.0,17675.0,4274.7,9886.3,4592.0,15852.0,40.2,3.6,40.6,57.2,2070.0,205.0,475.0,845.0,545.0,1983.0,192.0,384.0,648.0,759.0,60.5,63.6,61.1,54.2,75755.0,117894.0,28338.0,356325.0,597.71,1.306,346.9,1318.5,91.5,30.55104,115376.0,19868.0,18774.0,145547.0,30.2,244553.8,15.58,97.66,107.96,5.19,8.9,7.6,7.464,6.73,7.23,8.09,8.36,8.46,8.76,9.6,-0.1359997,-0.8699999,-0.3699999,0.4900002,0.7599998,0.8600001,1.16,2.0,91.5,1.885156,213.9298,183.7244,1.121794,69.7,69.3,69.2,74.6,229.7,77.9,82.3,65.0,81.6,61.1,61.5,68.6,68.5,60.5,63.5,67.3,65.2,43.15728,71.80692,49.00832,35.33177,6.45,8.08,6.01,68.1
07/01/1978,4263.6,3773.9,33.0231,457871.0,129805.0,56.3808,55.3702,55.0793,65.1276,49.4153,72.2101,36.0974,56.6735,36.8824,77.2099,52.2479,60.7572,84.6498,65.1,84.4718,96.0,1.222,96090.0,92649.0,6.2,12.0,3069.0,1867.0,1373.0,715.0,658.0,350.6,71304.0,24300.0,861.5,4403.0,18951.0,11789.0,7162.0,62905.0,17698.0,4289.5,9926.8,4615.0,15901.0,40.2,3.5,40.6,58.8,2092.0,215.0,478.0,835.0,564.0,1786.0,218.0,399.0,656.0,513.0,62.2,64.7,59.4,57.7,74920.0,114956.0,28425.0,360275.0,598.92,1.32,347.6,1324.1,92.0,30.51031,116273.0,20118.0,18801.0,146937.0,16.7,247270.5,15.6,97.19,107.39,5.25,8.83,7.81,7.724,7.01,7.44,8.39,8.54,8.64,8.88,9.6,-0.086,-0.7999997,-0.3699999,0.5800004,0.73,0.8300004,1.07,1.79,89.18,1.803648,199.5968,189.4894,1.124595,70.3,69.9,69.4,74.2,228.9,78.1,83.0,65.5,81.5,61.6,61.9,69.1,68.8,61.0,64.0,67.6,65.7,43.39844,72.14126,49.26012,35.54675,6.5,8.12,6.06,72.0
08/01/1978,4279.4,3787.5,33.32737,463843.0,130791.0,56.5866,55.5984,55.3573,65.0602,49.1798,72.2594,36.6341,56.8521,37.2425,76.8375,52.5009,59.9847,87.5815,64.9,84.6387,98.0,1.28,96431.0,93030.0,5.9,11.4,2858.0,1967.0,1242.0,630.0,612.0,335.3,71590.0,24374.0,863.8,4420.0,19006.0,11839.0,7167.0,63107.0,17762.0,4313.9,9951.0,4633.0,15891.0,40.1,3.5,40.5,55.3,1996.0,198.0,420.0,814.0,564.0,1691.0,202.0,388.0,635.0,466.0,60.3,61.3,60.6,55.4,76426.0,118001.0,29988.0,365128.0,601.68,1.308,349.6,1333.5,92.7,30.57749,116904.0,19912.0,18772.0,147792.0,10.3,250331.3,15.69,103.92,115.0,4.93,9.51,8.04,7.704,7.08,7.37,8.31,8.33,8.41,8.69,9.48,-0.336,-0.96,-0.6700001,0.2700005,0.29,0.3699999,0.6499996,1.44,87.23,1.666306,188.6718,194.0596,1.14038,70.4,69.9,69.9,73.7,236.2,80.1,85.4,65.9,81.7,62.0,62.4,69.4,69.2,61.5,64.4,68.0,66.1,43.61052,72.56633,49.46142,35.73306,6.54,8.18,6.09,67.0
09/01/1978,4290.2,3802.9,33.27311,462784.0,130765.0,56.7311,55.7839,55.554,65.1447,48.8816,72.5945,36.9536,56.9503,37.5283,77.4333,52.7313,61.977,87.9221,65.0,84.7685,99.0,1.295,96670.0,93270.0,6.0,11.4,2941.0,1884.0,1308.0,684.0,624.0,324.3,71799.0,24444.0,868.2,4424.0,19068.0,11901.0,7167.0,63174.0,17818.0,4328.2,9978.1,4650.0,15819.0,40.0,3.7,40.5,57.2,1970.0,237.0,401.0,820.0,512.0,1751.0,203.0,391.0,654.0,503.0,60.5,61.3,60.0,54.5,76360.0,120007.0,31202.0,371832.0,603.1,1.315,352.2,1345.0,93.6,30.66532,118112.0,19994.0,18934.0,148769.0,11.7,252669.0,15.74,103.86,115.11,4.97,9.28,8.45,8.264,7.85,7.99,8.64,8.43,8.42,8.69,9.42,-0.1859999,-0.5999999,-0.46,0.1900005,-0.0199995,-0.0299997,0.2399998,0.9700003,87.46,1.568258,189.9119,195.95,1.16633,71.1,70.6,70.5,75.1,243.0,80.2,86.8,66.5,81.9,62.6,62.8,70.0,69.7,62.1,65.0,68.4,66.6,43.86062,72.93265,49.70304,35.9713,6.59,8.24,6.15,69.8
10/01/1978,4305.2,3818.8,33.33146,466913.0,132052.0,57.2009,56.1135,55.8637,65.133,49.0449,72.4699,37.6558,57.5646,37.98,77.7646,53.1342,61.9465,89.2046,62.0,85.1739,103.0,1.384,97133.0,93724.0,5.8,11.7,2786.0,1833.0,1319.0,723.0,596.0,327.8,72096.0,24548.0,875.1,4447.0,19142.0,11966.0,7176.0,63406.0,17919.0,4354.8,10019.9,4665.0,15858.0,40.1,3.7,40.5,57.9,1981.0,198.0,424.0,847.0,512.0,1781.0,183.0,383.0,683.0,532.0,60.1,58.8,64.7,56.1,77968.0,123589.0,34242.0,381044.0,606.41,1.31,353.3,1352.3,94.4,30.5893,119044.0,20109.0,18832.0,150501.0,20.8,254367.4,15.7,100.58,111.56,5.11,9.02,8.96,8.854,7.99,8.55,9.14,8.61,8.64,8.89,9.59,-0.1059999,-0.9700003,-0.4099998,0.1800003,-0.3500004,-0.3199997,-0.0699997,0.6300001,85.3,1.535693,183.5617,200.7541,1.182787,71.4,71.0,71.3,77.0,251.0,82.4,86.8,67.1,82.4,63.3,63.3,70.6,70.2,62.6,65.6,68.9,67.2,44.20827,73.43442,50.06347,36.29134,6.65,8.26,6.2,71.7
11/01/1978,4320.4,3831.5,33.45433,468936.0,133183.0,57.6211,56.4955,56.2765,65.3026,49.2067,72.6383,38.3699,58.0197,38.44,78.1031,53.6258,60.4394,91.219,61.3,85.7202,102.0,1.33,97485.0,94201.0,5.9,11.1,2903.0,1881.0,1242.0,709.0,533.0,344.9,72497.0,24678.0,883.5,4453.0,19257.0,12051.0,7206.0,63713.0,18012.0,4375.6,10066.1,4697.0,15894.0,40.2,3.7,40.6,60.4,2094.0,186.0,538.0,838.0,532.0,1795.0,201.0,363.0,725.0,506.0,61.3,61.9,64.5,56.7,79177.0,122917.0,31263.0,388676.0,610.31,1.313,355.4,1359.1,95.2,30.57406,119733.0,19872.0,19169.0,152486.0,23.8,257689.5,15.76,94.71,105.23,5.45,8.41,9.76,10.014,8.64,9.24,10.01,8.84,8.81,9.03,9.83,0.2539997,-1.12,-0.5200005,0.25,-0.9200001,-0.9499998,-0.7300005,0.0699997,87.16,1.673203,192.0643,196.0754,1.173102,72.0,71.5,71.9,77.4,252.2,82.8,84.1,67.5,82.6,63.9,63.8,71.1,70.6,63.1,66.1,69.4,67.7,44.45271,73.82629,50.35646,36.48069,6.7,8.31,6.26,62.8
12/01/1978,4343.4,3854.8,33.65062,471446.0,134165.0,57.9654,56.9149,56.6282,65.4763,49.3694,72.8127,38.888,58.278,38.8984,78.5664,54.0692,61.1051,92.7004,60.4,86.1876,103.0,1.309,97581.0,94185.0,6.0,10.6,2978.0,2004.0,1269.0,759.0,510.0,349.7,72763.0,24758.0,887.7,4450.0,19334.0,12110.0,7224.0,63916.0,18075.0,4396.7,10091.2,4717.0,15911.0,40.1,3.6,40.5,56.9,2044.0,229.0,409.0,761.0,645.0,1818.0,212.0,372.0,699.0,535.0,59.4,59.9,63.5,53.9,80540.0,120953.0,27882.0,391651.0,614.35,1.315,357.3,1366.0,96.0,30.58244,120445.0,19753.0,18885.0,152870.0,4.6,260409.4,15.77,96.11,106.92,5.39,8.26,10.03,10.244,9.08,9.36,10.3,9.08,9.01,9.16,9.94,0.2140007,-0.9499998,-0.6700001,0.2700005,-0.9499998,-1.02,-0.8699999,-0.0900002,87.55,1.674955,195.934,198.6109,1.179761,72.8,72.5,72.4,78.0,250.8,83.1,84.5,67.9,82.6,64.5,64.1,71.6,71.2,63.3,66.4,69.8,68.1,44.66615,74.19836,50.63959,36.62832,6.75,8.35,6.31,53.8
01/01/1979,4354.9,3861.1,33.52904,466289.0,132369.0,57.5699,56.8816,56.7444,65.275,49.6776,72.2931,39.273,57.4994,38.0791,77.4295,53.5985,62.6174,90.5123,58.8,85.2022,102.0,1.323,97948.0,94643.0,5.9,11.1,2791.0,2003.0,1250.0,717.0,533.0,357.2,72874.0,24740.0,891.1,4373.0,19388.0,12162.0,7226.0,64071.0,18132.0,4417.5,10120.4,4738.0,15937.0,39.8,3.6,40.4,57.3,1630.0,227.0,237.0,734.0,432.0,1461.0,190.0,213.0,591.0,467.0,58.5,57.3,66.4,52.3,80364.0,120586.0,31004.0,396326.0,618.2,1.337,358.6,1371.6,96.8,30.4787,121272.0,19821.0,18818.0,155975.0,37.3,264315.1,15.81,99.71,111.15,5.29,8.54,10.07,10.124,9.35,9.47,10.41,9.2,9.1,9.25,10.13,0.0539999,-0.7199993,-0.5999994,0.3400002,-0.8699999,-0.9699993,-0.8199997,0.0600004,87.27,1.671123,197.7418,200.53,1.189895,73.7,73.3,73.1,80.1,255.3,84.8,85.8,68.5,83.0,64.6,64.8,72.2,71.9,63.8,66.8,70.4,68.6,45.00192,74.48734,51.22273,36.82191,6.78,8.4,6.36,58.4
02/01/1979,4370.1,3881.0,33.69733,464085.0,132195.0,57.9264,57.1129,56.8888,64.8742,49.081,72.0393,39.9658,57.9841,38.4422,78.0579,53.8684,64.7155,89.3992,59.0,85.3979,100.0,1.285,98329.0,94956.0,5.9,11.2,2899.0,1964.0,1297.0,745.0,552.0,359.8,73107.0,24784.0,898.2,4389.0,19409.0,12196.0,7213.0,64270.0,18182.0,4431.1,10143.0,4757.0,15947.0,40.0,3.6,40.5,55.6,1520.0,211.0,218.0,653.0,438.0,1492.0,164.0,260.0,593.0,475.0,58.2,58.6,64.0,51.4,79626.0,123287.0,34441.0,404677.0,620.96,1.35,359.9,1377.8,97.4,30.45745,121504.0,19396.0,18423.0,158341.0,28.4,267716.7,15.86,98.23,109.49,5.43,8.44,10.06,9.824,9.32,9.41,10.24,9.13,9.1,9.26,10.08,-0.2360001,-0.7400007,-0.6500006,0.1799994,-0.9300003,-0.96,-0.8000002,0.0199995,87.83,1.67507,200.4932,200.42,1.195629,74.4,74.2,73.7,82.1,268.1,90.7,86.5,69.2,83.3,65.2,65.2,72.9,72.8,64.4,67.4,71.1,69.4,45.23689,75.11459,51.68177,36.86274,6.84,8.51,6.4,62.2
03/01/1979,4386.7,3895.8,33.7314,477515.0,133588.0,58.0984,57.3658,57.1009,65.1157,48.9832,72.4895,40.2165,58.0668,38.5529,78.3458,54.1032,64.7223,90.311,57.4,85.5378,100.0,1.298,98480.0,95112.0,5.8,11.7,2843.0,1935.0,1365.0,773.0,592.0,358.6,73524.0,24998.0,904.8,4552.0,19453.0,12233.0,7220.0,64482.0,18241.0,4448.2,10173.3,4776.0,15956.0,40.2,3.5,40.6,54.8,1847.0,181.0,367.0,813.0,486.0,1720.0,157.0,320.0,753.0,490.0,57.7,56.7,66.7,54.1,82995.0,127142.0,37164.0,412800.0,621.67,1.313,362.5,1387.8,98.0,30.44357,122065.0,19429.0,18439.0,160335.0,23.9,270831.0,15.86,100.11,111.66,5.36,8.26,10.09,9.774,9.48,9.47,10.25,9.2,9.12,9.37,10.26,-0.316,-0.6100006,-0.6199999,0.1599998,-0.8900003,-0.9700003,-0.7200003,0.1700001,87.89,1.681435,206.3132,203.78,1.173888,75.0,74.8,74.6,83.8,277.4,93.6,87.7,69.9,83.6,66.4,65.7,73.8,73.6,64.9,68.1,71.8,70.1,45.58598,75.57899,52.24258,37.07278,6.89,8.47,6.45,53.7
04/01/1979,4349.8,3856.0,33.5494,464632.0,131835.0,57.4787,56.4844,56.0973,63.9334,46.5786,72.143,39.4946,57.7337,37.6323,78.7758,53.2758,63.2884,92.3244,55.5,84.0041,104.0,1.356,98103.0,94812.0,5.8,11.0,2938.0,1908.0,1272.0,723.0,549.0,415.2,73441.0,24958.0,904.7,4516.0,19450.0,12241.0,7209.0,64460.0,18170.0,4457.0,10179.3,4796.0,15977.0,38.9,2.6,39.3,46.9,1748.0,176.0,371.0,683.0,518.0,1597.0,159.0,314.0,621.0,503.0,56.2,55.1,75.6,50.9,80929.0,116783.0,30935.0,416043.0,625.28,1.358,368.0,1402.1,98.8,30.44361,122819.0,19504.0,18587.0,165793.0,65.5,273554.9,16.02,102.07,113.95,5.35,8.29,10.01,9.724,9.46,9.49,10.12,9.25,9.18,9.38,10.33,-0.2860003,-0.5500002,-0.5200005,0.1099997,-0.7600002,-0.8299999,-0.6300001,0.3199997,88.63,1.717623,216.2583,207.34,1.146329,75.8,75.6,75.7,84.4,276.3,98.5,86.3,70.6,84.0,67.8,66.1,74.7,74.4,65.5,68.9,72.5,70.8,46.05564,76.17541,52.77412,37.48502,6.9,8.57,6.43,53.3
05/01/1979,4345.9,3856.0,33.64211,474918.0,131910.0,57.9194,57.0571,56.7937,64.3303,47.9471,71.9061,40.4803,58.0271,38.2713,78.8701,53.9236,62.4548,92.0531,52.1,84.7993,103.0,1.396,98331.0,95059.0,5.6,11.1,2773.0,1897.0,1239.0,719.0,520.0,343.3,73800.0,25071.0,908.0,4565.0,19509.0,12289.0,7220.0,64719.0,18265.0,4473.7,10174.2,4821.0,15990.0,39.9,3.4,40.2,54.5,1876.0,165.0,427.0,776.0,508.0,1684.0,177.0,341.0,660.0,506.0,54.4,52.1,63.7,53.3,83104.0,118195.0,31447.0,415050.0,627.38,1.333,369.6,1410.2,99.5,30.30547,123487.0,19553.0,17788.0,168229.0,29.2,276657.0,16.08,99.73,111.24,5.58,8.08,10.24,9.824,9.61,9.54,10.12,9.24,9.25,9.5,10.47,-0.4159994,-0.6300001,-0.6999998,-0.1199999,-1.0,-0.9899998,-0.7399998,0.2300005,89.38,1.727289,218.3549,205.872,1.155612,76.2,75.9,76.6,84.7,277.1,98.0,86.9,71.4,84.5,69.1,66.6,75.6,74.8,66.2,69.8,73.3,71.7,46.53285,76.39114,53.40952,37.89754,6.99,8.65,6.52,54.9
06/01/1979,4346.9,3865.4,33.72972,470070.0,131285.0,57.9377,57.0406,56.8102,64.0639,47.3816,71.8423,40.7318,58.0811,38.564,78.7421,54.0104,60.3419,91.7826,50.2,84.7109,101.0,1.344,98679.0,95348.0,5.7,10.4,2947.0,1816.0,1171.0,650.0,521.0,365.0,74063.0,25161.0,913.7,4604.0,19553.0,12320.0,7233.0,64947.0,18321.0,4492.6,10165.1,4840.0,16045.0,39.9,3.4,40.2,53.8,1913.0,177.0,390.0,829.0,517.0,1640.0,181.0,330.0,639.0,490.0,52.7,49.4,61.4,53.8,83519.0,117856.0,31898.0,416717.0,629.63,1.351,373.4,1423.0,100.3,30.33344,124635.0,19808.0,18390.0,171623.0,40.7,278767.5,16.09,101.73,112.98,5.53,7.67,10.29,9.634,9.06,9.06,9.57,8.85,8.91,9.29,10.38,-0.6560001,-1.23,-1.23,-0.7200003,-1.44,-1.38,-1.0,0.0900002,89.25,1.698254,218.5792,211.19,1.172388,76.6,76.4,77.5,85.6,278.1,98.5,88.7,72.2,84.7,70.5,67.1,76.4,75.3,66.8,70.6,74.0,72.4,46.91192,76.64592,53.9688,38.19668,7.03,8.66,6.56,51.4
07/01/1979,4379.9,3869.4,33.6977,469475.0,129515.0,57.8236,57.0081,56.745,63.5337,46.7875,71.3768,41.0997,57.8812,38.4111,79.7796,54.0498,58.5915,92.5833,49.4,84.5523,101.0,1.323,99006.0,95671.0,5.7,10.3,2890.0,1982.0,1123.0,653.0,470.0,379.1,74064.0,25163.0,922.3,4621.0,19531.0,12312.0,7219.0,65051.0,18292.0,4501.0,10131.7,4856.0,16150.0,39.8,3.3,40.2,50.2,1760.0,167.0,359.0,774.0,460.0,1534.0,161.0,287.0,599.0,487.0,51.3,49.8,57.4,53.6,82315.0,114673.0,31080.0,415015.0,634.92,1.365,377.2,1434.8,101.2,30.35803,125810.0,19992.0,18822.0,175320.0,44.4,281859.4,16.03,102.71,113.63,5.5,7.71,10.47,9.744,9.24,9.24,9.64,8.9,8.95,9.2,10.29,-0.7259998,-1.23,-1.23,-0.8299999,-1.570001,-1.52,-1.27,-0.1800003,87.29,1.648805,216.5018,225.98,1.163873,77.4,77.3,78.7,86.5,281.2,99.5,93.1,73.0,84.8,71.7,67.7,77.2,75.6,67.6,71.5,74.7,73.2,47.26263,76.93237,54.54618,38.41659,7.06,8.73,6.59,44.2
08/01/1979,4386.0,3875.4,34.06613,470290.0,133382.0,57.4252,56.5588,56.1612,62.8397,44.6778,71.607,40.546,57.5411,37.578,79.2949,53.3476,60.8902,91.7878,49.0,83.2412,102.0,1.255,98776.0,95402.0,6.0,10.6,3296.0,1820.0,1203.0,669.0,534.0,387.3,74067.0,25059.0,929.6,4634.0,19406.0,12200.0,7206.0,65237.0,18305.0,4506.5,10136.6,4885.0,16229.0,39.8,3.2,40.1,50.5,1778.0,181.0,374.0,770.0,453.0,1591.0,152.0,297.0,640.0,502.0,49.5,46.9,52.9,51.6,80791.0,111316.0,31366.0,412768.0,634.41,1.361,378.8,1446.6,102.1,30.37667,127079.0,20008.0,18923.0,179017.0,44.4,284514.0,16.07,107.36,118.93,5.3,8.06,10.94,10.294,9.52,9.49,9.98,9.06,9.03,9.23,10.35,-0.6459999,-1.419999,-1.45,-0.96,-1.879999,-1.91,-1.71,-0.5899992,87.71,1.657028,217.9124,223.68,1.170617,78.2,78.3,79.8,85.5,279.5,99.8,85.6,73.7,85.0,72.7,68.2,77.9,76.1,68.5,72.4,75.3,74.0,47.62208,77.2458,54.95196,38.75373,7.11,8.77,6.63,49.3
09/01/1979,4383.5,3876.1,34.15778,467635.0,133633.0,57.4736,56.9926,56.8827,63.2078,46.3089,71.1629,41.5943,57.1839,37.4505,78.588,53.4648,60.4934,90.0257,48.3,83.2143,105.0,1.317,99340.0,95969.0,5.9,10.5,2946.0,2054.0,1172.0,640.0,532.0,384.8,74195.0,25088.0,933.8,4625.0,19442.0,12265.0,7177.0,65235.0,18341.0,4508.4,10169.3,4884.0,16128.0,39.8,3.3,40.1,50.3,1832.0,137.0,379.0,771.0,545.0,1638.0,201.0,303.0,660.0,474.0,49.6,48.7,50.7,52.3,82037.0,114599.0,31623.0,415186.0,631.5,1.363,379.3,1454.1,103.1,30.27052,128309.0,20007.0,18667.0,183790.0,57.3,287373.5,16.12,108.6,121.06,5.31,7.76,11.43,11.504,10.26,10.2,10.84,9.41,9.33,9.44,10.54,0.0739994,-1.17,-1.23,-0.5900002,-2.02,-2.1,-1.990001,-0.8900003,87.63,1.610643,222.4051,219.66,1.165311,79.5,79.8,81.1,87.9,281.1,102.2,85.0,74.4,85.6,73.5,68.7,78.6,76.4,69.2,73.1,75.9,74.8,48.03684,77.62302,55.49392,39.09608,7.16,8.86,6.67,53.6
10/01/1979,4405.3,3897.0,34.04382,466238.0,131899.0,57.7946,57.081,56.8359,63.3263,46.0042,71.5451,41.1409,57.7421,37.6544,79.0957,53.6546,60.8581,89.1695,49.0,83.3017,106.0,1.307,99404.0,96079.0,6.0,10.5,3039.0,2011.0,1219.0,689.0,530.0,401.7,74344.0,25038.0,939.3,4620.0,19390.0,12192.0,7198.0,65442.0,18418.0,4523.9,10225.3,4903.0,16136.0,39.9,3.2,40.2,54.6,1681.0,180.0,295.0,761.0,445.0,1481.0,142.0,263.0,643.0,433.0,49.0,47.3,46.9,46.0,81952.0,112808.0,32564.0,415909.0,633.83,1.372,380.8,1460.4,103.9,30.1551,129458.0,20375.0,18353.0,184399.0,7.3,290070.6,16.09,104.47,116.95,5.56,7.44,13.77,13.104,11.7,11.66,12.44,10.63,10.3,10.13,11.4,-0.6660004,-2.070001,-2.110001,-1.330001,-3.14,-3.47,-3.64,-2.370001,88.79,1.629992,230.3882,214.38,1.175309,80.4,80.6,82.4,88.8,283.8,107.4,85.6,75.2,86.1,74.0,69.2,79.3,76.9,70.1,73.9,76.4,75.5,48.42962,78.09814,55.96172,39.43394,7.19,8.85,6.71,49.5
11/01/1979,4427.4,3917.2,34.13551,466415.0,132748.0,57.7406,57.0955,56.8129,63.1632,45.253,71.7621,41.1991,57.6169,37.3968,79.0568,53.5187,62.8577,87.678,52.6,82.8854,100.0,1.236,99574.0,96138.0,5.9,10.6,3030.0,1883.0,1239.0,688.0,551.0,417.9,74401.0,24947.0,942.1,4617.0,19299.0,12117.0,7182.0,65627.0,18484.0,4539.4,10266.7,4920.0,16173.0,39.8,3.1,40.1,47.3,1524.0,223.0,243.0,692.0,366.0,1276.0,151.0,203.0,554.0,368.0,48.0,46.5,46.8,44.3,81685.0,109595.0,30947.0,415814.0,633.63,1.371,380.8,1465.9,104.3,30.06266,130369.0,20398.0,18492.0,183394.0,-12.1,292474.4,16.04,103.66,116.12,5.71,7.4,13.18,13.444,11.79,11.82,12.39,10.93,10.65,10.76,11.99,0.2639999,-1.39,-1.360001,-0.79,-2.25,-2.530001,-2.42,-1.190001,90.11,1.642845,244.894,213.52,1.179649,81.4,81.8,83.2,90.0,281.0,107.8,89.2,76.0,86.6,74.7,69.8,80.0,77.9,71.1,74.8,77.1,76.3,48.76148,78.62779,56.41267,39.66607,7.23,8.93,6.74,52.0
12/01/1979,4442.9,3931.3,34.03415,465052.0,131914.0,57.8145,57.3088,57.0491,63.2385,45.1009,71.9793,41.4649,57.5453,37.4781,79.6343,53.7051,61.3665,88.0505,48.2,82.9698,99.0,1.207,99933.0,96533.0,6.0,10.8,3013.0,2033.0,1277.0,733.0,544.0,430.8,74489.0,24970.0,949.4,4630.0,19301.0,12126.0,7175.0,65699.0,18466.0,4525.7,10266.9,4933.0,16180.0,39.8,3.1,40.1,44.1,1498.0,150.0,310.0,632.0,406.0,1254.0,152.0,224.0,517.0,361.0,44.8,44.3,42.2,43.5,82118.0,109871.0,31163.0,415768.0,634.3,1.377,381.8,1473.7,104.8,29.97107,131143.0,20720.0,19248.0,186443.0,36.6,294992.7,15.96,107.78,120.78,5.53,7.42,13.78,13.114,12.04,11.84,11.98,10.42,10.39,10.74,12.06,-0.6659994,-1.74,-1.94,-1.8,-3.36,-3.389999,-3.04,-1.719999,88.6,1.598926,240.3095,220.07,1.169987,82.2,82.6,84.0,91.2,286.2,110.7,84.4,76.9,87.3,75.8,70.6,80.8,78.6,72.0,75.7,77.8,77.2,49.17075,79.09895,56.94265,39.98655,7.3,8.98,6.8,51.5
01/01/1980,4455.4,3933.7,34.29921,468990.0,132972.0,58.0865,57.3919,57.2757,62.9493,44.2299,72.0725,42.1606,58.0067,37.5988,79.9504,53.9414,58.1507,89.6958,48.4,83.1306,97.0,1.12,99879.0,96563.0,6.3,10.4,3215.0,2063.0,1353.0,805.0,548.0,416.6,74599.0,24949.0,953.1,4625.0,19282.0,12103.0,7179.0,65851.0,18481.0,4546.9,10268.9,4956.0,16201.0,39.6,3.0,40.0,46.2,1341.0,161.0,199.0,627.0,354.0,1280.0,126.0,232.0,563.0,359.0,46.2,47.1,42.1,44.5,84211.0,114576.0,33999.0,417843.0,637.67,1.372,385.8,1482.7,106.0,29.84249,131998.0,20693.0,19452.0,193068.0,79.5,296725.9,15.83,110.87,124.72,5.41,7.66,13.82,12.914,12.0,11.84,12.06,10.74,10.8,11.09,12.42,-0.9060001,-1.82,-1.98,-1.759999,-3.08,-3.02,-2.73,-1.4,87.8,1.595074,237.863,226.41,1.163982,83.4,83.9,86.0,90.9,287.1,123.8,83.0,78.0,88.1,78.0,71.4,82.0,79.5,73.1,76.9,78.9,78.4,49.68419,79.97363,57.79942,40.24889,7.29,8.88,6.82,54.1
02/01/1980,4436.6,3920.1,34.01231,464578.0,130608.0,58.1155,57.5889,57.6254,63.162,43.8715,72.6393,42.4086,57.8631,37.603,79.0191,53.914,61.3656,87.9097,53.1,82.8827,94.0,1.084,99995.0,96598.0,6.3,10.6,3134.0,2200.0,1358.0,850.0,508.0,419.0,74653.0,24874.0,959.4,4605.0,19219.0,12094.0,7125.0,66005.0,18517.0,4565.7,10293.9,4969.0,16226.0,39.7,3.0,40.1,49.7,1350.0,90.0,239.0,689.0,332.0,1199.0,131.0,191.0,529.0,348.0,50.2,51.6,46.0,46.5,86729.0,113656.0,30552.0,418280.0,638.15,1.387,390.1,1494.5,106.7,29.7578,132785.0,20682.0,19027.0,197288.0,50.6,298927.1,15.85,115.34,130.91,5.24,7.91,14.13,13.654,12.86,12.86,13.92,12.6,12.41,12.38,13.57,-0.4759998,-1.27,-1.27,-0.21,-1.53,-1.72,-1.75,-0.5600004,88.49,1.64025,244.2981,228.9112,1.155459,84.6,85.2,87.6,92.6,294.1,128.1,84.5,79.0,88.7,79.8,72.3,82.8,80.1,74.1,78.0,79.8,79.3,50.22213,80.92234,58.36109,40.70632,7.38,9.06,6.88,54.9
03/01/1980,4412.7,3905.9,33.74092,454000.0,127074.0,57.9281,57.2786,57.3282,62.76,43.1044,72.4876,42.1528,57.8028,37.4061,78.408,53.4973,64.4449,83.8348,46.7,82.0368,93.0,1.069,99713.0,96295.0,6.3,11.0,3097.0,2272.0,1457.0,835.0,622.0,439.5,74695.0,24818.0,965.5,4548.0,19217.0,12093.0,7124.0,66173.0,18523.0,4569.4,10299.5,4987.0,16296.0,39.6,3.0,39.9,43.2,1047.0,115.0,175.0,496.0,261.0,988.0,123.0,131.0,462.0,272.0,43.6,43.8,39.1,43.0,82661.0,108441.0,30421.0,417246.0,639.17,1.421,388.4,1499.8,107.5,29.50854,133607.0,20703.0,17879.0,200406.0,37.4,298903.0,15.74,104.69,118.73,5.87,7.15,17.19,16.684,15.2,15.03,15.82,13.47,12.75,12.96,14.45,-0.5060005,-1.990001,-2.160001,-1.370001,-3.72,-4.440001,-4.23,-2.740001,91.46,1.763373,248.475,220.4511,1.172956,85.5,86.1,88.2,90.8,285.3,121.9,84.0,80.1,89.7,81.8,73.0,83.9,80.8,75.4,79.3,81.0,80.5,50.82597,81.69376,59.26756,41.10358,7.44,9.14,6.95,44.3
04/01/1980,4378.5,3869.0,33.31378,444281.0,124574.0,56.7639,56.354,56.5905,61.7436,41.2645,72.0398,41.6948,56.4115,36.1881,77.0535,52.39,64.0523,80.8483,37.9,80.1356,82.0,0.856,99233.0,95907.0,6.9,11.4,3374.0,2388.0,1694.0,1003.0,691.0,556.3,74263.0,24507.0,974.7,4473.0,18973.0,11874.0,7099.0,66339.0,18421.0,4553.3,10235.6,4993.0,16583.0,39.5,2.8,39.8,41.2,1051.0,122.0,160.0,509.0,260.0,808.0,89.0,125.0,393.0,201.0,37.4,32.0,36.9,45.3,77900.0,100848.0,29921.0,412051.0,643.53,1.463,383.8,1502.2,107.7,29.40611,134740.0,20629.0,18174.0,200583.0,2.1,297327.2,15.7,102.97,115.57,6.05,6.96,17.61,15.654,13.2,12.88,13.3,11.84,11.47,12.04,14.19,-1.956,-4.410001,-4.73,-4.31,-5.77,-6.14,-5.570001,-3.420001,92.34,1.758801,250.1269,220.9359,1.186081,86.2,86.7,88.5,88.3,272.5,113.2,77.5,80.9,90.1,82.2,73.6,84.4,81.1,76.6,80.1,81.5,81.3,51.08463,82.20481,59.52283,41.32608,7.48,9.21,6.97,44.4
05/01/1980,4357.5,3845.1,33.1489,438593.0,123980.0,55.3377,55.1925,55.5533,60.3724,38.6517,71.5189,40.9908,54.7378,34.3884,74.7295,50.7969,61.9218,79.1908,28.1,77.4981,76.0,0.724,98945.0,95563.0,7.5,10.9,3754.0,2608.0,1740.0,1021.0,719.0,626.4,73961.0,24234.0,987.8,4434.0,18726.0,11655.0,7071.0,66181.0,18381.0,4544.6,10218.9,5004.0,16454.0,39.1,2.5,39.3,34.3,927.0,114.0,131.0,470.0,212.0,861.0,105.0,135.0,403.0,218.0,29.4,25.6,29.8,33.3,74388.0,92468.0,25859.0,402930.0,643.28,1.48,384.8,1512.3,108.7,29.37543,134998.0,20440.0,19421.0,198756.0,-21.9,294661.7,15.54,107.69,120.8,5.77,7.3,10.98,9.364,8.58,8.65,9.39,9.95,10.18,10.99,13.17,-1.615999,-2.4,-2.33,-1.589999,-1.03,-0.7999992,0.0100002,2.190001,88.36,1.663047,228.4889,230.202,1.174012,86.6,87.1,89.0,89.5,264.1,109.9,70.8,81.7,90.3,82.8,74.2,84.9,81.8,77.6,80.9,82.1,82.1,51.4818,82.59742,59.86082,41.74514,7.54,9.27,7.02,45.3
06/01/1980,4363.4,3846.8,33.31083,437330.0,125061.0,54.6632,54.7893,55.2684,60.1629,38.0689,71.557,40.4721,53.8002,33.4694,73.8318,50.0439,62.9302,79.2563,31.5,76.1465,77.0,0.723,98682.0,95386.0,7.6,11.3,3409.0,2879.0,1760.0,987.0,773.0,606.2,73654.0,23968.0,997.6,4395.0,18490.0,11465.0,7025.0,66127.0,18331.0,4534.8,10205.0,5016.0,16441.0,39.1,2.4,39.2,32.8,1196.0,133.0,186.0,628.0,249.0,1118.0,120.0,161.0,545.0,292.0,30.3,24.2,32.4,37.3,75435.0,95487.0,27282.0,399793.0,641.67,1.481,389.1,1529.2,109.6,29.52392,135679.0,20575.0,20196.0,202454.0,44.4,292912.8,15.34,114.55,128.81,5.39,7.53,9.47,8.144,7.07,7.3,8.16,9.21,9.78,10.58,12.71,-1.326,-2.4,-2.17,-1.31,-0.2600002,0.3099995,1.11,3.24,86.33,1.633803,217.8939,233.5943,1.151596,87.3,87.9,89.8,90.1,260.3,109.6,63.4,82.5,90.6,82.7,74.7,85.3,82.2,79.0,81.8,82.5,82.9,51.79529,83.08978,60.14877,42.05035,7.63,9.34,7.1,53.0
07/01/1980,4395.3,3832.4,33.59423,442848.0,126771.0,54.2886,54.8794,55.3764,60.2311,38.0337,71.6882,40.4987,52.9673,32.5415,72.3659,49.5661,65.9297,78.1569,35.1,75.2151,77.0,0.7,98796.0,95477.0,7.8,11.8,3458.0,2817.0,1995.0,1111.0,884.0,556.6,73414.0,23698.0,983.2,4351.0,18276.0,11317.0,6959.0,66134.0,18309.0,4531.5,10194.1,5027.0,16418.0,39.0,2.6,39.1,35.0,1269.0,120.0,192.0,669.0,288.0,1259.0,118.0,217.0,584.0,340.0,35.0,36.1,36.3,29.5,78070.0,103020.0,29788.0,404352.0,640.93,1.462,394.0,1545.5,110.5,29.60832,136637.0,20796.0,20401.0,200910.0,-18.5,293019.8,15.13,119.83,135.23,5.2,7.81,9.03,8.284,8.06,8.06,8.65,9.53,10.25,11.07,12.65,-0.7459993,-0.9699993,-0.9699993,-0.3800001,0.5,1.22,2.04,3.62,86.11,1.607652,221.0819,237.315,1.152299,88.7,89.4,90.5,94.6,274.6,111.0,59.3,82.6,90.9,83.1,75.2,85.9,82.4,78.5,81.7,83.1,83.0,52.19816,83.33817,60.57807,42.45052,7.68,9.39,7.16,53.4
08/01/1980,4407.2,3848.6,33.63294,446040.0,126872.0,54.4625,55.0945,55.5301,60.4849,38.3501,71.8907,40.4805,53.0984,32.7913,73.6411,49.9077,67.3436,76.4115,46.9,75.5237,78.0,0.716,98824.0,95590.0,7.7,12.4,3415.0,2658.0,2162.0,1232.0,930.0,517.4,73682.0,23860.0,980.7,4377.0,18414.0,11401.0,7013.0,66232.0,18343.0,4545.9,10213.6,5039.0,16410.0,39.2,2.7,39.5,38.7,1436.0,131.0,213.0,711.0,381.0,1367.0,122.0,221.0,632.0,392.0,45.5,54.1,40.1,37.6,80572.0,100759.0,26782.0,405740.0,638.67,1.446,399.2,1561.5,111.7,29.66929,137977.0,21011.0,20352.0,201732.0,9.9,293131.9,14.98,123.5,140.18,5.06,8.05,9.61,9.444,9.13,9.41,10.24,10.84,11.1,11.64,13.15,-0.1659994,-0.4799995,-0.1999998,0.6300001,1.23,1.490001,2.030001,3.54,87.34,1.652147,223.8834,237.0357,1.159246,89.7,90.5,91.5,99.0,288.7,113.2,67.0,83.2,91.4,83.7,75.6,86.9,83.6,78.5,82.1,83.8,83.5,52.63018,84.10121,61.10212,42.77525,7.76,9.48,7.24,59.6
09/01/1980,4432.6,3868.0,33.63225,455435.0,126107.0,55.3355,55.7666,56.1072,61.0166,40.1861,71.5682,41.1065,54.1581,33.4199,74.9825,50.7002,66.5254,77.407,55.1,76.5072,81.0,0.767,99077.0,95634.0,7.5,12.9,3150.0,2613.0,2309.0,1343.0,966.0,482.0,73875.0,23931.0,997.2,4401.0,18445.0,11442.0,7003.0,66274.0,18368.0,4558.9,10226.1,5051.0,16330.0,39.4,2.7,39.6,47.0,1471.0,159.0,296.0,670.0,346.0,1484.0,136.0,239.0,722.0,387.0,50.1,53.9,41.2,45.3,85110.0,109280.0,28434.0,409395.0,637.3,1.413,404.8,1574.0,112.4,29.6294,139220.0,21232.0,19921.0,203417.0,20.2,293771.9,14.79,126.51,143.73,4.9,8.53,10.87,10.844,10.27,10.57,11.52,11.62,11.51,12.02,13.7,-0.026,-0.5999994,-0.3000002,0.6500006,0.75,0.6400003,1.150001,2.83,86.49,1.639027,214.3908,240.1233,1.164679,90.1,90.8,91.9,100.4,292.8,114.6,68.0,83.9,92.0,84.6,76.3,87.8,84.8,79.0,82.8,84.7,84.3,53.12291,84.93532,61.57962,43.23182,7.82,9.53,7.3,67.2
10/01/1980,4491.3,3933.4,34.04124,464947.0,128312.0,56.0337,56.369,56.766,61.4805,40.8928,71.8566,41.8361,54.9414,34.7123,75.7209,51.6163,65.2045,76.1411,60.7,77.6675,81.0,0.761,99317.0,95945.0,7.5,13.1,3236.0,2544.0,2306.0,1246.0,1060.0,426.5,74099.0,24012.0,1008.1,4411.0,18506.0,11496.0,7010.0,66473.0,18391.0,4566.6,10233.9,5071.0,16386.0,39.6,2.8,39.8,49.4,1523.0,113.0,270.0,791.0,349.0,1366.0,135.0,240.0,631.0,360.0,55.5,63.7,46.5,43.9,89138.0,111673.0,29283.0,411737.0,636.27,1.382,409.0,1584.8,113.4,29.59383,140150.0,21147.0,19837.0,204727.0,15.7,295240.4,14.54,130.22,148.36,4.8,8.73,12.81,12.394,11.62,11.63,12.49,11.86,11.75,12.31,14.23,-0.4160004,-1.190001,-1.18,-0.3200006,-0.9500008,-1.06,-0.5,1.419999,86.82,1.661535,209.3062,241.6443,1.169067,90.8,91.3,92.8,102.2,296.6,117.4,75.2,84.7,92.7,85.3,76.9,88.5,85.7,80.0,83.7,85.2,85.1,53.5517,85.15173,61.97968,43.69128,7.9,9.61,7.38,68.9
11/01/1980,4507.5,3957.4,33.95564,465256.0,128380.0,57.0043,57.0273,57.3789,61.7829,41.9074,71.6916,42.569,56.204,35.987,77.0598,52.5851,64.0939,77.5587,66.8,78.8976,84.0,0.795,99545.0,96149.0,7.5,13.6,3146.0,2498.0,2329.0,1196.0,1133.0,410.6,74350.0,24123.0,1026.1,4409.0,18601.0,11587.0,7014.0,66618.0,18419.0,4577.5,10253.0,5085.0,16391.0,39.7,2.9,39.9,53.3,1510.0,114.0,300.0,727.0,369.0,1383.0,127.0,221.0,654.0,381.0,58.2,65.3,46.8,42.2,88501.0,107320.0,26510.0,410630.0,635.83,1.38,410.7,1595.8,114.9,29.56157,141566.0,22150.0,20091.0,209253.0,54.3,295558.6,14.38,135.65,155.08,4.63,9.12,15.85,15.054,13.73,13.5,14.15,12.83,12.68,12.97,14.64,-0.7960005,-2.120001,-2.35,-1.700001,-3.02,-3.17,-2.88,-1.21,89.06,1.725867,213.0929,239.4087,1.186441,91.4,92.0,93.5,103.5,298.4,114.6,76.7,85.6,93.1,86.1,77.3,89.2,86.6,81.1,84.5,85.9,86.0,53.98225,85.70943,62.40767,44.10017,7.99,9.69,7.47,76.2
12/01/1980,4533.0,3977.0,34.20495,466405.0,127733.0,57.3283,57.1288,57.3832,61.7358,41.3177,71.9916,42.688,56.7403,36.0886,78.1377,52.7303,64.7587,78.8296,57.2,78.8882,81.0,0.788,99634.0,96142.0,7.2,13.7,3097.0,2234.0,2406.0,1259.0,1147.0,409.6,74563.0,24182.0,1041.5,4415.0,18640.0,11621.0,7019.0,66754.0,18456.0,4590.2,10272.0,5100.0,16373.0,39.9,3.1,40.1,53.2,1482.0,132.0,258.0,781.0,311.0,1249.0,114.0,211.0,621.0,303.0,53.0,51.2,50.1,51.4,89980.0,111006.0,29146.0,412331.0,636.65,1.378,408.5,1599.8,115.3,29.44628,142004.0,22015.0,20325.0,211014.0,21.1,296950.0,14.29,133.48,152.19,4.74,9.06,18.9,17.944,15.49,14.64,14.88,13.25,12.84,13.21,15.14,-0.9559994,-3.41,-4.259999,-4.02,-5.65,-6.059999,-5.69,-3.759999,90.14,1.785026,209.4355,234.5937,1.196743,91.8,92.4,94.4,102.7,287.7,111.3,74.6,86.4,93.3,86.8,77.8,89.7,86.9,82.2,85.4,86.5,86.8,54.32944,85.91549,62.84162,44.40908,8.04,9.75,7.52,59.7
01/01/1981,4506.4,3954.2,34.22948,469244.0,129590.0,56.9966,57.178,57.4451,61.7462,41.1525,72.1128,42.8951,56.0461,35.6851,77.4206,52.5361,64.5217,84.7287,51.8,78.3732,80.0,0.753,99955.0,96526.0,7.5,14.3,3318.0,2334.0,2389.0,1126.0,1263.0,413.7,74671.0,24152.0,1055.1,4374.0,18639.0,11629.0,7010.0,66879.0,18489.0,4597.6,10289.3,5116.0,16360.0,40.0,3.0,40.1,48.7,1547.0,153.0,296.0,799.0,299.0,1221.0,111.0,199.0,608.0,303.0,49.2,48.7,49.7,44.6,85871.0,105807.0,30900.0,410744.0,639.22,1.375,411.3,1606.9,115.3,29.2933,141462.0,21673.0,20278.0,213016.0,24.0,297538.1,14.28,132.97,151.06,4.8,9.03,19.08,16.454,15.02,14.08,14.08,12.77,12.57,12.81,15.03,-2.625999,-4.059999,-5.0,-5.0,-6.309999,-6.51,-6.27,-4.05,89.63,1.8214,202.37,240.2881,1.1908,92.8,93.3,95.6,103.4,281.7,110.8,76.3,87.2,93.4,88.5,78.6,90.4,87.2,83.0,86.2,87.4,87.6,54.85555,86.32864,63.41265,44.91579,8.11,9.84,7.58,67.2
02/01/1981,4494.3,3943.0,34.15395,467310.0,129757.0,56.7006,56.7673,57.0933,61.5594,40.9332,71.9544,42.3417,55.8652,35.4189,77.0945,52.2085,62.9429,82.1221,50.9,77.6647,81.0,0.755,100191.0,96846.0,7.4,14.1,3287.0,2412.0,2344.0,1099.0,1245.0,428.3,74752.0,24118.0,1064.7,4357.0,18613.0,11601.0,7012.0,66980.0,18533.0,4607.7,10320.2,5128.0,16346.0,39.4,2.9,39.8,46.3,1246.0,97.0,198.0,683.0,268.0,1199.0,120.0,179.0,603.0,297.0,48.8,51.1,48.5,42.1,89329.0,105568.0,26182.0,408410.0,642.33,1.388,414.8,1618.7,116.2,29.21656,142270.0,21840.0,20536.0,213391.0,4.5,298933.6,14.25,128.4,145.7,5.0,8.78,15.93,15.364,14.79,14.05,14.57,13.41,13.19,13.35,15.37,-0.566,-1.14,-1.88,-1.360001,-2.52,-2.740001,-2.58,-0.5600004,92.97,1.9422,205.72,229.4108,1.1984,93.6,94.1,96.1,104.2,273.4,109.0,70.9,88.0,93.9,90.7,79.2,91.4,87.4,83.7,87.1,88.6,88.5,55.40351,86.82439,64.2992,45.27408,8.14,9.89,7.62,61.4
03/01/1981,4506.9,3952.7,34.2557,462482.0,129651.0,57.0229,57.0326,57.4121,61.5417,41.513,71.5569,42.8114,56.2383,35.5428,77.5141,52.4173,61.6969,79.9866,52.8,77.7586,81.0,0.762,100571.0,97206.0,7.4,14.0,3328.0,2428.0,2276.0,1059.0,1217.0,407.2,74910.0,24203.0,1078.1,4396.0,18647.0,11629.0,7018.0,66999.0,18554.0,4614.1,10330.8,5137.0,16292.0,39.8,2.9,40.0,48.1,1306.0,131.0,231.0,677.0,267.0,1183.0,126.0,196.0,565.0,296.0,49.6,50.2,48.7,44.7,89792.0,107617.0,29153.0,407717.0,643.33,1.406,419.0,1636.6,117.0,29.33274,143029.0,22072.0,21072.0,211676.0,-20.6,300844.9,14.2,133.19,151.03,4.88,9.03,14.7,13.814,13.36,12.81,13.71,13.41,13.12,13.33,15.34,-0.8859997,-1.34,-1.889999,-0.9899998,-1.29,-1.58,-1.37,0.6400003,93.17,1.9219,208.79,223.19,1.1914,94.7,95.3,97.1,103.8,275.1,108.7,72.6,88.6,94.3,91.8,79.9,91.9,87.4,84.4,87.8,89.3,89.1,55.79431,86.97926,64.81728,45.61282,8.21,9.94,7.68,61.4
04/01/1981,4504.0,3954.8,34.13794,462741.0,128357.0,56.7495,57.3343,57.7437,61.7518,42.0462,71.5518,43.1404,55.4222,35.7594,77.6522,52.6682,61.9333,78.7468,55.0,77.9183,81.0,0.773,101056.0,97527.0,7.2,13.9,3185.0,2436.0,2231.0,1099.0,1132.0,408.8,75016.0,24151.0,941.2,4414.0,18711.0,11683.0,7028.0,67125.0,18607.0,4629.9,10367.3,5151.0,16260.0,39.8,2.7,40.1,49.2,1360.0,123.0,202.0,717.0,318.0,1190.0,129.0,164.0,575.0,322.0,51.6,53.1,51.2,44.4,91900.0,109818.0,29902.0,407791.0,641.41,1.4,427.4,1659.2,117.9,29.61527,143917.0,22187.0,20849.0,215581.0,46.9,302007.5,14.23,134.43,152.29,4.86,9.09,15.72,14.434,13.69,13.45,14.32,13.99,13.68,13.88,15.56,-1.286,-2.030001,-2.27,-1.400001,-1.73,-2.04,-1.84,-0.1599998,94.99,1.974,214.98,217.53,1.191,95.7,96.4,98.3,104.2,276.0,109.4,70.2,89.1,94.7,91.7,80.7,92.0,87.5,85.3,88.3,89.7,89.5,56.02514,87.74125,64.82921,45.89196,8.27,9.99,7.76,68.1
05/01/1981,4518.7,3968.5,34.14748,459468.0,126929.0,57.1497,57.7797,58.1772,62.3962,42.7389,72.1368,43.2865,55.7747,35.9851,78.2084,52.9933,63.6676,77.5637,59.0,78.1904,80.0,0.735,101048.0,97679.0,7.5,13.6,3409.0,2594.0,2221.0,1072.0,1149.0,416.8,75088.0,24148.0,953.7,4343.0,18766.0,11718.0,7048.0,67138.0,18620.0,4634.1,10381.2,5160.0,16198.0,39.8,3.0,40.2,48.3,1140.0,120.0,176.0,582.0,262.0,1173.0,111.0,145.0,578.0,339.0,53.5,55.7,50.2,48.7,92797.0,109058.0,27207.0,407091.0,643.01,1.414,424.7,1664.2,118.3,29.57203,144587.0,22442.0,20219.0,221279.0,68.4,303465.6,14.21,131.73,149.06,4.98,8.89,18.52,17.434,16.3,15.29,16.2,14.63,14.1,14.32,15.95,-1.086,-2.220001,-3.23,-2.32,-3.89,-4.42,-4.200001,-2.570001,98.39,2.0662,220.63,208.84,1.201,96.0,96.6,98.7,103.8,270.1,109.1,66.2,89.7,94.8,92.2,81.4,92.4,88.5,86.4,89.1,90.1,90.1,56.27615,88.5188,64.84509,46.21167,8.32,10.06,7.81,72.9
06/01/1981,4546.1,3996.2,34.37623,458256.0,127651.0,57.4321,57.5203,57.8725,61.9648,42.4051,71.6626,43.0773,56.5647,35.8581,77.903,52.742,64.995,75.6899,53.9,77.617,80.0,0.742,100298.0,96964.0,7.5,13.7,3340.0,2403.0,2250.0,1127.0,1123.0,432.4,75323.0,24290.0,1107.4,4311.0,18789.0,11733.0,7056.0,67192.0,18646.0,4641.5,10392.5,5163.0,16159.0,39.6,2.9,40.0,48.8,1045.0,101.0,158.0,543.0,243.0,976.0,109.0,137.0,466.0,264.0,50.7,51.0,47.9,49.4,93390.0,108543.0,27479.0,405179.0,644.91,1.423,425.2,1670.3,118.7,29.56268,145001.0,22326.0,20289.0,225515.0,50.8,304001.4,14.12,132.28,148.7,5.03,9.05,19.1,16.194,14.73,14.09,14.86,13.95,13.47,13.75,15.8,-2.906,-4.370001,-5.01,-4.240001,-5.150001,-5.63,-5.35,-3.3,100.64,2.0742,224.18,197.38,1.2041,96.5,97.0,99.0,104.9,267.7227,107.9,70.8,90.5,95.0,92.7,82.3,92.9,89.3,87.5,89.8,90.6,90.9,56.50029,88.94439,64.94771,46.47004,8.38,10.18,7.85,70.5
07/01/1981,4613.5,4037.8,34.29342,459310.0,127952.0,57.8188,57.9014,58.2996,62.3848,42.6104,72.201,43.2138,56.9521,35.7568,78.0065,52.8558,66.4443,76.1313,47.6,77.5869,80.0,0.764,100693.0,97397.0,7.2,13.8,3307.0,2408.0,2166.0,1080.0,1086.0,434.5,75419.0,24302.0,1136.0,4299.0,18785.0,11720.0,7065.0,67292.0,18667.0,4646.6,10400.4,5174.0,16175.0,39.7,3.0,39.9,46.6,1041.0,150.0,165.0,495.0,231.0,935.0,118.0,121.0,469.0,227.0,46.7,47.6,44.9,44.4,92930.0,107981.0,27826.0,404380.0,647.56,1.425,426.9,1681.9,119.5,29.58502,145839.0,22329.0,20650.0,229664.0,49.8,305633.0,13.9,129.13,145.3,5.18,8.84,19.04,16.874,14.95,14.74,15.72,14.79,14.28,14.38,16.17,-2.166,-4.090001,-4.300001,-3.320001,-4.250001,-4.760001,-4.660001,-2.870001,103.09,2.0981,232.33,187.37,1.2107,96.7,97.1,99.2,105.0,274.45,107.3,66.9,91.5,95.4,93.5,83.4,93.6,90.2,88.9,90.9,91.3,91.9,56.84972,89.33345,65.22039,46.85217,8.44,10.29,7.89,66.4
08/01/1981,4633.3,4059.9,34.50422,457470.0,129326.0,57.8254,57.9195,58.4033,62.4212,42.3222,72.4432,43.2701,56.9483,35.8654,77.5812,52.924,63.329,80.8259,49.5,77.4949,79.0,0.738,100689.0,97310.0,7.4,14.4,3320.0,2487.0,2241.0,1077.0,1164.0,443.5,75448.0,24258.0,1151.9,4278.0,18748.0,11696.0,7052.0,67300.0,18676.0,4649.3,10408.4,5181.0,16110.0,39.7,2.9,40.0,47.8,940.0,105.0,144.0,478.0,213.0,889.0,115.0,114.0,439.0,221.0,48.3,47.2,49.6,47.3,90439.0,104805.0,27456.0,401616.0,648.45,1.433,426.9,1694.3,119.9,29.62031,146467.0,22356.0,20936.0,234814.0,61.8,305855.3,13.78,129.63,145.95,5.16,8.94,17.82,17.104,15.51,15.52,16.72,15.56,14.94,14.89,16.34,-0.7159996,-2.309999,-2.299999,-1.1,-2.259999,-2.88,-2.929999,-1.48,104.86,2.1698,233.33,182.03,1.2232,96.8,97.1,99.7,104.0,272.4429,109.0,65.6,92.2,95.9,93.9,84.3,94.0,91.0,89.9,91.7,91.9,92.6,57.20063,89.68741,65.46544,47.25737,8.52,10.36,7.97,70.1
09/01/1981,4631.1,4060.5,34.26981,454323.0,128190.0,57.4579,57.6744,58.1157,61.8053,41.3174,72.104,43.169,56.4709,35.5245,77.1858,52.6584,61.1086,79.8082,43.8,76.9197,75.0,0.685,100064.0,96703.0,7.6,13.6,3493.0,2524.0,2261.0,1147.0,1114.0,476.9,75440.0,24210.0,1162.2,4254.0,18712.0,11668.0,7044.0,67261.0,18661.0,4646.1,10401.8,5184.0,16031.0,39.4,2.6,39.6,39.2,911.0,113.0,124.0,476.0,198.0,847.0,95.0,110.0,428.0,214.0,42.5,42.2,45.9,41.9,89172.0,103066.0,25963.0,400068.0,650.72,1.448,427.0,1706.0,120.1,29.64616,146941.0,22487.0,21031.0,238847.0,48.4,309401.0,13.87,118.27,132.67,5.69,7.92,15.87,15.964,14.7,14.92,16.52,15.93,15.32,15.49,16.92,0.0939999,-1.17,-0.9499998,0.6500006,0.0600004,-0.5500002,-0.3800001,1.05,101.79,2.0223,229.48,181.46,1.2008,97.2,97.5,99.7,102.7,266.3714,109.8,65.8,93.1,96.1,94.6,85.1,94.6,91.7,91.2,92.7,92.5,93.5,57.54539,90.10429,65.74448,47.61976,8.58,10.42,8.03,68.3
10/01/1981,4623.3,4056.2,34.0845,448149.0,126097.0,57.0184,57.5965,58.2649,62.1933,41.1167,72.8516,42.8921,55.6957,34.7081,75.9884,52.1215,64.4983,79.4053,39.4,75.9549,71.0,0.609,100378.0,96966.0,7.9,13.5,3656.0,2654.0,2303.0,1169.0,1134.0,493.3,75302.0,24051.0,1166.3,4238.0,18566.0,11558.0,7008.0,67320.0,18638.0,4648.5,10388.4,5183.0,16069.0,39.5,2.6,39.6,37.9,873.0,112.0,150.0,389.0,222.0,731.0,105.0,100.0,343.0,183.0,40.0,40.2,37.7,48.9,86882.0,98095.0,25876.0,395479.0,650.73,1.468,428.4,1721.8,120.5,29.79064,147062.0,22296.0,21115.0,241377.0,30.4,309829.4,13.86,119.8,133.98,5.65,7.96,15.08,14.724,13.54,13.82,15.38,15.41,15.15,15.4,17.11,-0.3559999,-1.54,-1.26,0.3000002,0.3299999,0.0699997,0.3199997,2.030001,100.83,1.8844,231.52,184.07,1.2029,97.6,97.8,99.8,101.2,260.2136,108.3,57.5,93.4,96.4,95.5,85.9,94.7,91.4,91.7,93.0,93.0,93.8,57.79668,90.51921,65.86458,47.92513,8.63,10.52,8.06,61.5
11/01/1981,4621.7,4051.4,34.00558,444685.0,125494.0,56.4005,57.3527,58.088,62.1193,40.383,73.2038,42.3096,54.7313,33.7265,74.9994,51.5126,64.5399,80.0102,36.1,74.8931,70.0,0.583,100207.0,96792.0,8.3,13.1,3812.0,2810.0,2345.0,1202.0,1143.0,511.3,75084.0,23875.0,1176.0,4209.0,18409.0,11425.0,6984.0,67287.0,18594.0,4646.7,10351.8,5184.0,16078.0,39.5,2.4,39.4,34.8,837.0,89.0,126.0,459.0,163.0,748.0,87.0,100.0,395.0,166.0,36.1,32.8,40.5,42.3,85267.0,96012.0,25223.0,390827.0,655.06,1.489,431.3,1736.1,121.4,29.87639,147749.0,22338.0,21675.0,244824.0,41.4,311002.6,13.84,122.92,136.76,5.54,8.19,13.31,12.034,10.86,11.3,12.41,13.38,13.39,14.22,16.39,-1.276,-2.450001,-2.01,-0.9000006,0.0699997,0.0799999,0.9099998,3.079999,99.04,1.7859,223.13,190.251,1.1872,97.9,98.0,99.9,99.7,255.015,106.6,58.4,93.8,96.4,96.2,86.8,94.9,91.5,92.5,93.5,93.5,94.2,58.10944,90.932,65.98762,48.33315,8.68,10.63,8.08,55.6
12/01/1981,4612.0,4042.3,34.20243,438928.0,125683.0,55.7763,56.8576,57.5391,61.5078,38.6696,73.326,41.6179,53.9927,32.8404,72.609,50.6547,65.0639,79.775,37.3,73.4788,67.0,0.544,99645.0,96418.0,8.5,13.1,3949.0,2989.0,2374.0,1203.0,1171.0,534.8,74811.0,23656.0,1177.4,4177.0,18223.0,11275.0,6948.0,67228.0,18542.0,4639.2,10326.8,5188.0,16073.0,39.2,2.4,39.2,34.0,910.0,112.0,132.0,485.0,181.0,796.0,90.0,103.0,431.0,172.0,37.8,39.1,41.2,37.2,84402.0,91985.0,22206.0,385085.0,652.42,1.503,436.7,1755.5,122.5,30.11682,149021.0,22443.0,21807.0,247853.0,36.3,310373.4,13.81,123.79,138.35,5.57,8.07,12.37,11.994,10.85,11.52,12.85,13.6,13.72,14.23,16.55,-0.3759995,-1.52,-0.8499994,0.4800005,1.23,1.35,1.86,4.179999,99.11,1.8152,218.95,190.3329,1.1851,98.3,98.4,100.0,98.8,249.1273,105.1,54.7,94.1,96.7,96.4,87.5,95.1,91.9,93.0,93.8,93.9,94.4,58.28968,91.14154,66.11896,48.53304,8.7,10.66,8.09,56.8
01/01/1982,4598.6,4031.0,34.12959,436619.0,123725.0,54.6893,55.6012,56.2302,60.5326,37.6116,72.4499,39.974,53.0818,31.9177,72.4199,49.4585,66.762,78.1315,39.0,71.5853,67.0,0.529,99692.0,96299.0,8.6,13.4,3924.0,3074.0,2409.0,1223.0,1186.0,545.2,74516.0,23362.0,1171.6,4069.0,18047.0,11159.0,6888.0,67195.0,18519.0,4629.1,10324.7,5190.0,16041.0,37.2,2.3,37.3,34.5,843.0,66.0,111.0,503.0,163.0,794.0,72.0,79.0,472.0,171.0,38.2,39.9,40.1,35.8,84275.0,96112.0,25568.0,384115.0,648.59,1.502,442.7,1770.4,123.2,30.19422,149991.0,22669.0,21152.0,254693.0,82.1,313971.3,13.91,117.28,131.08,5.95,7.6,13.22,12.964,12.28,12.83,14.32,14.65,14.59,15.18,17.1,-0.2560005,-0.9400005,-0.3900003,1.099999,1.429999,1.37,1.96,3.88,100.65,1.8442,224.8,188.6,1.1926,98.9,99.0,100.4,99.7,252.165,104.1,48.8,94.4,96.7,96.7,88.2,95.2,92.1,93.5,94.1,94.3,94.7,58.63375,91.5005,66.31982,48.94989,8.89,11.02,8.26,62.9
02/01/1982,4615.1,4042.8,34.43272,443588.0,126757.0,55.7494,57.1246,57.8244,62.0743,38.9756,74.0339,41.3306,53.6844,32.3528,74.5015,50.7799,66.7451,76.6918,40.1,73.337,64.0,0.497,99762.0,96387.0,8.9,14.1,3808.0,3122.0,2758.0,1479.0,1279.0,533.7,74540.0,23361.0,1173.1,4131.0,17981.0,11100.0,6881.0,67190.0,18523.0,4621.2,10345.6,5192.0,16011.0,39.5,2.4,39.6,35.5,866.0,104.0,80.0,534.0,148.0,808.0,87.0,77.0,473.0,171.0,38.3,38.6,40.8,34.7,85192.0,95904.0,25056.0,381051.0,643.21,1.466,441.9,1774.5,123.9,30.17538,150459.0,22551.0,20762.0,259934.0,62.9,314908.3,13.87,114.5,127.56,6.06,7.51,14.78,14.404,13.48,13.61,14.73,14.54,14.43,15.27,17.18,-0.3759995,-1.3,-1.17,-0.0500002,-0.2399998,-0.3499994,0.4900007,2.400001,103.77,1.8909,235.31,184.7,1.214,98.8,99.0,100.3,100.0,252.8105,103.8,45.3,94.7,97.0,96.2,88.8,95.4,92.7,93.9,94.3,94.6,95.0,58.80622,91.61691,66.47311,49.1282,8.82,10.79,8.21,58.7
03/01/1982,4620.5,4047.9,34.40312,443942.0,125608.0,55.3473,56.6635,57.3839,61.6919,38.8237,73.5218,40.7926,53.3439,32.0702,73.7532,50.391,64.9801,77.1346,38.0,72.6211,62.0,0.472,99672.0,96300.0,9.0,14.1,3896.0,3107.0,2965.0,1607.0,1358.0,556.5,74398.0,23214.0,1175.0,4108.0,17857.0,11014.0,6843.0,67208.0,18516.0,4617.7,10351.5,5199.0,16024.0,39.2,2.3,39.1,33.1,931.0,113.0,101.0,527.0,190.0,891.0,95.0,101.0,492.0,203.0,36.8,40.4,36.4,31.2,86801.0,99034.0,25320.0,381032.0,643.72,1.466,442.7,1786.5,124.4,30.30479,150660.0,22452.0,20898.0,261328.0,16.7,315260.2,13.84,110.84,122.85,6.28,7.32,14.68,13.674,12.68,12.77,13.95,13.98,13.86,14.58,16.82,-1.006001,-2.0,-1.91,-0.7300005,-0.7000008,-0.8200006,-0.1000004,2.139999,105.4,1.8886,241.23,180.5,1.2205,98.8,98.8,99.9,99.7,247.4652,101.4,35.4,94.7,97.3,95.8,89.6,95.3,92.8,94.0,94.3,94.7,94.9,58.95108,91.69241,66.39185,49.41001,8.87,10.85,8.24,53.1
04/01/1982,4647.6,4066.3,34.42789,444443.0,126497.0,54.8794,56.4402,57.1651,61.6851,39.5932,73.013,40.4238,52.6468,31.788,73.0036,50.061,66.7256,78.1048,41.3,71.9993,60.0,0.434,99576.0,96225.0,9.3,14.5,3951.0,3227.0,3086.0,1585.0,1501.0,586.7,74131.0,22996.0,1155.3,4083.0,17683.0,10880.0,6803.0,67145.0,18492.0,4603.8,10358.6,5198.0,16010.0,39.0,2.2,39.1,31.7,917.0,100.0,162.0,494.0,161.0,888.0,98.0,108.0,502.0,180.0,37.8,40.9,38.2,31.5,86051.0,96704.0,24731.0,379867.0,645.63,1.469,447.1,1803.9,125.5,30.58533,151606.0,22337.0,20769.0,266688.0,64.3,316379.4,13.81,116.31,129.19,5.99,7.63,14.94,13.934,12.7,12.8,13.98,14.0,13.87,14.46,16.78,-1.006,-2.24,-2.139999,-0.96,-0.9399996,-1.07,-0.4799995,1.840001,106.77,1.9624,244.11,177.2,1.2252,99.0,98.9,99.7,100.2,245.8,100.9,35.7,95.0,97.5,94.5,90.5,95.1,93.3,94.9,94.6,94.7,95.2,58.97925,91.96561,66.03263,49.62866,8.89,10.86,8.28,61.1
05/01/1982,4654.4,4074.3,34.53831,446731.0,127157.0,54.5219,56.3533,57.1069,61.7147,39.6062,73.0519,40.2475,52.0329,31.4562,72.0979,49.9643,63.523,80.8521,37.2,71.7205,59.0,0.423,100116.0,96682.0,9.4,14.9,3885.0,3295.0,3276.0,1659.0,1617.0,585.8,74093.0,22884.0,1129.3,4092.0,17588.0,10804.0,6784.0,67212.0,18522.0,4600.0,10387.5,5202.0,16003.0,39.1,2.3,39.1,27.8,1025.0,123.0,144.0,570.0,188.0,953.0,114.0,145.0,490.0,204.0,35.5,38.1,42.1,28.8,87062.0,93261.0,21143.0,374446.0,639.72,1.449,446.7,1815.4,126.7,30.59645,152868.0,22402.0,21285.0,271022.0,52.0,317589.6,13.77,116.35,129.68,5.97,7.62,14.45,13.294,12.09,12.16,13.34,13.75,13.62,14.26,16.64,-1.156,-2.36,-2.29,-1.11,-0.6999998,-0.8299999,-0.1899996,2.19,104.5,1.95,236.96,181.03,1.2336,99.0,98.8,99.7,101.9,248.48,100.0,41.4,95.9,97.6,95.1,91.3,96.0,94.7,95.7,95.5,95.3,96.1,59.33368,92.42617,66.40021,49.95472,8.96,10.99,8.33,62.0
06/01/1982,4636.8,4055.2,34.36166,440397.0,124100.0,54.3088,56.1213,56.8595,62.0241,39.8942,73.3596,39.4084,51.8403,31.2302,72.2632,49.8468,62.5538,82.0905,39.4,71.4194,56.0,0.394,99543.0,96212.0,9.6,15.7,3606.0,3413.0,3451.0,1667.0,1784.0,596.9,73837.0,22643.0,1107.0,4030.0,17430.0,10682.0,6748.0,67210.0,18502.0,4584.7,10393.2,5209.0,16016.0,39.1,2.3,39.2,30.8,902.0,93.0,152.0,461.0,196.0,913.0,101.0,116.0,492.0,204.0,38.3,42.0,45.2,29.4,86445.0,92926.0,21160.0,370211.0,642.22,1.475,447.5,1826.0,127.4,30.55515,153861.0,22368.0,21164.0,272899.0,22.5,318500.2,13.78,109.7,122.61,5.97,7.41,14.15,13.834,12.47,12.7,14.07,14.43,14.3,14.81,16.92,-0.316,-1.679999,-1.45,-0.0799999,0.2800007,0.1500006,0.6600008,2.77,109.78,2.0789,251.2,175.63,1.2756,99.8,99.8,99.8,101.8,239.4909,96.1,39.6,97.0,97.7,97.2,92.2,97.4,95.9,96.5,96.7,96.3,97.2,59.7608,92.63378,67.09474,50.24496,8.99,11.0,8.37,60.1
07/01/1982,4640.1,4043.1,34.57255,438700.0,125858.0,54.1353,56.1578,56.9171,62.1485,40.1401,73.398,39.3826,51.4657,30.9756,71.9763,49.8008,63.4212,82.1607,41.1,71.2303,53.0,0.369,99493.0,96091.0,9.8,15.4,3929.0,3300.0,3555.0,1739.0,1816.0,569.7,73620.0,22434.0,1078.7,4001.0,17278.0,10579.0,6699.0,67076.0,18482.0,4572.5,10400.1,5211.0,15890.0,39.1,2.4,39.2,30.5,1166.0,107.0,152.0,709.0,198.0,1044.0,97.0,152.0,540.0,255.0,38.4,40.7,45.8,29.5,86821.0,94133.0,22212.0,366949.0,643.99,1.485,448.0,1834.2,128.1,30.51228,154385.0,22182.0,21490.0,273160.0,3.1,318106.4,13.71,109.3757,122.49,6.31,7.39,12.59,12.814,11.35,11.88,13.24,14.07,13.95,14.61,16.8,0.224,-1.24,-0.71,0.6499996,1.48,1.36,2.02,4.209999,111.14,2.096,255.03,173.54,1.2699,100.2,100.1,100.0,100.7,241.1667,97.3,40.8,97.5,98.1,98.1,93.0,97.9,96.3,97.0,97.2,96.8,97.7,60.1135,92.8174,67.40227,50.6417,9.04,11.08,8.4,57.6
08/01/1982,4638.5,4040.8,34.61469,434677.0,125286.0,53.6801,55.7764,56.4036,62.0546,39.6043,73.5924,38.4796,50.9445,30.4049,72.6636,49.3841,63.1699,78.6956,39.9,70.5226,52.0,0.354,99633.0,96225.0,9.8,16.2,3895.0,3354.0,3696.0,1830.0,1866.0,629.6,73422.0,22268.0,1054.6,3977.0,17160.0,10449.0,6711.0,67084.0,18455.0,4561.5,10401.0,5211.0,15930.0,38.9,2.3,39.0,31.8,1046.0,118.0,161.0,572.0,195.0,926.0,109.0,114.0,509.0,194.0,38.3,40.1,45.3,31.6,84910.0,89716.0,20134.0,361608.0,642.36,1.495,451.4,1849.2,129.0,30.67207,155470.0,22348.0,21833.0,273540.0,4.6,318058.3,13.69,109.6505,122.29,6.32,7.33,10.12,10.024,8.68,9.88,11.43,13.0,13.06,13.71,16.32,-0.0959997,-1.44,-0.2399998,1.31,2.88,2.940001,3.59,6.2,111.36,2.1119,259.04,172.5,1.2452,100.6,100.5,99.9,99.8,238.3318,97.0,39.2,97.7,98.1,98.2,93.9,97.9,96.3,97.6,97.5,96.9,97.9,60.28938,92.48973,67.33566,51.01424,9.07,11.11,8.43,60.9
09/01/1982,4636.7,4032.7,34.93786,435517.0,126952.0,53.4694,55.6818,56.2447,61.9673,39.0425,73.8132,38.198,50.6238,29.9836,72.8767,49.2289,63.0541,80.0866,41.3,70.2011,49.0,0.324,99504.0,96119.0,10.1,16.6,3966.0,3494.0,3889.0,1871.0,2018.0,671.7,73248.0,22146.0,1033.5,3962.0,17074.0,10376.0,6698.0,67025.0,18413.0,4543.8,10386.6,5216.0,15923.0,39.0,2.2,39.0,30.6,1144.0,149.0,140.0,627.0,228.0,1042.0,113.0,141.0,558.0,230.0,38.8,40.4,45.9,33.6,86273.0,91967.0,21201.0,359359.0,641.68,1.491,456.9,1863.2,129.9,30.82238,156629.0,22686.0,21752.0,274885.0,16.1,319214.1,13.71,122.4329,137.09,5.63,8.5,10.31,10.234,7.92,9.37,10.85,12.25,12.34,12.94,15.63,-0.0760002,-2.39,-0.9400005,0.54,1.94,2.03,2.629999,5.32,112.2,2.1418,263.29,171.2,1.2348,100.7,100.7,100.0,99.2,238.019,100.6,41.2,97.7,98.1,98.0,94.7,97.8,96.2,97.6,97.5,97.2,97.8,60.44958,92.50217,67.35464,51.26613,9.08,11.07,8.45,66.9
10/01/1982,4632.4,4023.7,35.09153,431034.0,128112.0,53.0175,55.3495,55.9151,62.0661,38.511,74.3104,37.3922,50.0616,29.0351,73.1318,48.6813,64.2303,80.9333,42.0,69.3329,49.0,0.315,99215.0,95726.0,10.4,17.2,3873.0,3471.0,4185.0,1939.0,2246.0,641.8,72938.0,21879.0,1010.6,3940.0,16853.0,10172.0,6681.0,67015.0,18377.0,4530.0,10375.3,5217.0,15956.0,38.7,2.2,38.9,30.6,1173.0,108.0,164.0,642.0,259.0,1149.0,127.0,141.0,615.0,266.0,39.4,41.9,46.5,32.5,82631.0,90566.0,22796.0,359398.0,640.02,1.503,464.5,1874.5,130.9,30.82749,157716.0,22889.0,22412.0,274856.0,-0.3,319521.1,13.66,132.6595,148.11,5.12,9.42,9.71,9.074,7.71,8.29,9.32,10.8,10.91,12.12,14.73,-0.6359997,-2.0,-1.42,-0.3900003,1.09,1.2,2.41,5.02,113.99,2.1736,271.61,169.62,1.2301,101.0,101.0,99.9,98.7,232.9381,99.7,41.0,98.1,98.3,98.2,95.5,98.2,96.6,97.9,97.9,97.7,98.2,60.80612,92.97258,67.52254,51.71257,9.1,11.21,8.44,70.4
11/01/1982,4649.6,4026.0,35.38399,432208.0,129991.0,52.8016,55.1423,55.6836,61.9304,38.5016,74.0968,37.0917,49.8398,28.6316,72.9056,48.3607,65.0649,79.4333,42.6,68.8012,50.0,0.311,99112.0,95602.0,10.8,17.1,3974.0,3518.0,4485.0,2147.0,2338.0,594.4,72793.0,21736.0,991.2,3947.0,16722.0,10067.0,6655.0,67034.0,18338.0,4518.4,10357.4,5224.0,15977.0,38.8,2.3,39.0,28.2,1372.0,152.0,185.0,791.0,244.0,1229.0,133.0,144.0,661.0,291.0,39.2,41.5,46.9,33.6,82730.0,87448.0,20643.0,355740.0,634.39,1.485,471.5,1888.2,131.6,30.95905,158667.0,23354.0,22733.0,270235.0,-55.5,321126.3,13.64,138.1019,153.9,4.92,9.81,9.2,8.564,8.07,8.34,9.16,10.38,10.55,11.68,14.3,-0.6359997,-1.13,-0.8599997,-0.04,1.18,1.35,2.48,5.1,114.33,2.1931,264.09,163.21,1.2262,101.4,101.4,100.1,99.2,228.2381,99.3,37.3,98.0,98.3,98.2,96.5,98.3,96.8,97.7,97.9,97.9,98.1,60.99023,92.77015,67.58858,52.005,9.11,11.16,8.46,71.0
12/01/1982,4665.1,4041.2,35.53851,431020.0,130081.0,52.3978,54.7751,55.2977,61.1112,38.429,72.8341,37.379,49.4055,28.8578,71.9835,48.1703,63.3651,79.1522,44.0,68.4669,51.0,0.314,99032.0,95618.0,10.8,18.1,3939.0,3425.0,4662.0,2098.0,2564.0,517.9,72775.0,21688.0,974.2,3948.0,16690.0,10046.0,6644.0,67068.0,18332.0,4508.0,10368.1,5229.0,15981.0,38.9,2.3,39.0,36.3,1303.0,128.0,155.0,718.0,302.0,1351.0,114.0,163.0,745.0,329.0,42.8,46.0,48.6,34.7,83025.0,94075.0,20922.0,359163.0,631.18,1.482,474.8,1910.1,132.5,31.2707,160127.0,23600.0,22966.0,264699.0,-66.4,323500.4,13.68,139.3659,156.02,4.93,10.17,8.95,8.384,7.94,8.16,8.91,10.22,10.54,11.83,14.14,-0.566,-1.01,-0.79,-0.04,1.27,1.59,2.88,5.190001,110.38,2.0588,241.94,161.6,1.2385,101.8,101.7,100.1,98.8,226.7714,99.8,39.1,97.7,98.2,97.7,97.2,98.3,97.3,96.9,97.5,98.0,97.6,61.08273,92.79802,67.49516,52.21263,9.17,11.32,8.49,67.9
01/01/1983,4658.3,4044.5,35.5705,439245.0,129830.0,53.3936,55.6052,56.0481,62.4151,40.1306,73.8222,37.4317,50.5486,29.8443,74.3737,49.3335,62.2217,76.8495,50.8,70.0662,52.0,0.334,99161.0,95722.0,10.4,19.4,3654.0,3312.0,4668.0,2001.0,2667.0,492.8,72958.0,21757.0,955.1,4021.0,16705.0,10057.0,6648.0,67224.0,18370.0,4502.5,10426.4,5242.0,16023.0,39.3,2.3,39.3,37.7,1586.0,140.0,203.0,948.0,295.0,1426.0,148.0,181.0,765.0,332.0,46.0,50.3,46.7,36.3,87394.0,98220.0,22140.0,362655.0,626.5,1.443,477.2,1963.2,133.6,31.9807,161136.0,23226.0,22697.0,268553.0,46.2,325101.5,13.7,144.2657,162.0176,4.79,10.55,8.68,8.044,7.86,7.93,8.62,10.03,10.46,11.79,13.94,-0.6360006,-0.8200002,-0.7500005,-0.0600004,1.349999,1.78,3.11,5.259999,108.83,1.9679,232.73,157.56,1.2287,101.0,100.8,99.8,98.8,230.5095,101.3,43.7,97.9,98.6,97.6,97.9,98.3,97.7,97.5,97.9,98.2,97.9,61.38703,93.26595,67.5602,52.62672,9.2,11.3,8.52,65.2
02/01/1983,4662.1,4044.9,35.56072,437395.0,130209.0,53.0749,55.1153,55.4405,61.6162,39.9982,72.6319,37.2833,50.4,30.1752,75.1421,49.2839,61.7076,75.8344,61.1,69.9512,52.0,0.334,99089.0,95707.0,10.4,19.2,3717.0,3177.0,4641.0,1925.0,2716.0,488.7,72899.0,21676.0,929.6,3964.0,16706.0,10062.0,6644.0,67227.0,18367.0,4501.2,10435.0,5256.0,16004.0,39.0,2.3,39.3,47.4,1699.0,243.0,253.0,864.0,339.0,1471.0,184.0,164.0,792.0,331.0,54.4,60.6,49.9,40.1,88829.0,91771.0,18624.0,360861.0,625.61,1.448,484.3,2000.3,135.0,32.53198,163170.0,23901.0,23319.0,268582.0,0.3,325604.8,13.68,146.7953,165.1847,4.74,10.73,8.51,8.214,8.11,8.23,8.92,10.26,10.72,12.01,13.95,-0.2960005,-0.4000006,-0.2800007,0.4099998,1.75,2.21,3.5,5.44,110.21,2.018,236.12,153.29,1.2277,101.1,100.8,100.0,100.0,239.0053,104.6,48.7,98.0,99.1,96.9,98.8,98.1,97.9,97.9,97.9,98.2,97.9,61.48719,93.5023,67.40311,52.85163,9.25,11.39,8.59,71.2
03/01/1983,4687.2,4063.6,35.92349,444731.0,133409.0,53.5454,55.5987,55.8133,61.9003,40.5694,72.7188,37.8063,50.8516,30.7335,75.5278,49.7872,63.4101,75.5969,58.4,70.6293,54.0,0.344,99179.0,95819.0,10.3,19.4,3502.0,3150.0,4612.0,1866.0,2746.0,479.3,73071.0,21649.0,920.4,3942.0,16711.0,10059.0,6652.0,67427.0,18411.0,4498.0,10473.8,5267.0,16005.0,39.3,2.6,39.6,45.1,1606.0,207.0,203.0,850.0,346.0,1475.0,143.0,177.0,843.0,312.0,53.9,60.8,50.8,44.2,88843.0,95154.0,20445.0,360824.0,622.15,1.416,490.6,2018.5,136.4,32.77866,165052.0,24414.0,23621.0,269450.0,10.4,328041.5,13.7,151.8757,170.3257,4.59,11.95,8.77,8.394,8.35,8.37,9.04,10.08,10.51,11.73,13.61,-0.3760004,-0.4200001,-0.4000006,0.2699995,1.309999,1.74,2.959999,4.839999,111.14,2.0663,238.25,149.0,1.2263,101.0,100.7,99.7,100.5,243.2522,102.6,47.9,98.1,99.1,96.5,99.0,98.2,98.4,98.1,97.9,98.4,98.0,61.5797,93.74131,67.53107,52.90411,9.24,11.38,8.59,80.9
04/01/1983,4685.1,4064.5,36.13666,444690.0,133024.0,54.2058,56.3091,56.5399,63.1434,41.4522,74.1338,37.9003,51.4547,31.2542,76.5952,50.3735,67.8272,78.6823,58.2,71.4312,55.0,0.362,99560.0,96219.0,10.2,19.5,3539.0,3112.0,4370.0,1660.0,2710.0,497.0,73362.0,21729.0,906.5,3948.0,16794.0,10125.0,6669.0,67623.0,18468.0,4512.0,10504.1,5289.0,15990.0,39.3,2.7,39.7,46.4,1472.0,157.0,199.0,798.0,318.0,1566.0,157.0,176.0,860.0,373.0,54.2,59.4,52.7,46.0,90561.0,98168.0,21960.0,362200.0,622.53,1.417,493.2,2031.7,137.4,32.84501,166549.0,24900.0,23890.0,265604.0,-46.2,330023.4,13.74,157.7105,176.776,4.44,12.52,8.8,8.404,8.21,8.3,8.98,10.02,10.4,11.51,13.29,-0.3959999,-0.5900002,-0.5,0.1799994,1.22,1.599999,2.71,4.49,111.9,2.0587,237.75,153.61,1.2325,101.1,100.7,99.5,101.2,249.26,103.1,55.6,98.8,99.3,97.8,99.4,98.9,98.3,98.7,98.7,99.0,98.7,61.85719,93.81013,68.02031,53.08554,9.25,11.37,8.61,86.9
05/01/1983,4720.1,4094.1,36.34856,451601.0,134790.0,54.5943,56.6649,56.9047,63.4384,42.2743,74.0824,38.3581,51.8699,32.007,77.6225,51.0212,65.2404,80.876,61.5,72.3243,60.0,0.392,99642.0,96314.0,10.1,20.5,3531.0,2979.0,4538.0,1788.0,2750.0,468.1,73624.0,21829.0,901.9,3960.0,16885.0,10198.0,6687.0,67800.0,18522.0,4525.0,10536.7,5302.0,16005.0,39.7,2.8,40.0,49.2,1776.0,168.0,223.0,986.0,399.0,1669.0,155.0,194.0,915.0,405.0,56.1,61.8,51.9,45.7,93194.0,97941.0,21547.0,362330.0,623.56,1.398,500.0,2046.2,138.7,32.98746,167842.0,24860.0,23907.0,261465.0,-49.7,331068.2,13.66,164.0967,184.1029,4.27,13.0,8.63,8.204,8.19,8.22,8.9,10.03,10.38,11.46,13.09,-0.4259996,-0.4400005,-0.4099998,0.2699995,1.4,1.75,2.83,4.46,111.8,2.0572,234.76,157.22,1.2292,101.4,101.0,99.8,100.9,248.7714,105.3,60.3,99.2,99.9,98.6,99.9,99.5,98.5,98.9,99.1,99.4,99.1,62.02963,93.73363,68.3923,53.17879,9.26,11.31,8.64,93.4
06/01/1983,4725.2,4104.2,36.69792,463203.0,137563.0,54.9036,56.932,57.1015,63.6337,43.0089,73.9298,38.6337,52.2162,32.3999,77.7519,51.42,62.3299,81.5208,63.2,72.8661,60.0,0.396,100633.0,97171.0,10.1,20.8,3686.0,2926.0,4470.0,1585.0,2885.0,435.1,73987.0,21949.0,899.0,4006.0,16960.0,10248.0,6712.0,68058.0,18599.0,4543.7,10585.7,5313.0,16020.0,39.8,2.9,40.1,49.7,1733.0,162.0,208.0,939.0,424.0,1769.0,183.0,201.0,945.0,440.0,57.5,62.3,56.8,45.7,96015.0,104772.0,23176.0,366295.0,624.36,1.365,504.0,2056.5,139.6,33.03241,169393.0,25277.0,23641.0,262099.0,7.6,334551.8,13.76,166.39,187.2605,4.26,13.25,8.98,8.874,8.79,8.89,9.66,10.63,10.85,11.74,13.37,-0.1059999,-0.1899996,-0.0899992,0.6800003,1.650001,1.870001,2.76,4.39,113.99,2.1123,240.03,154.8,1.2323,101.6,101.3,100.2,100.5,247.9045,104.6,61.5,99.4,100.3,99.0,100.4,99.8,99.0,99.2,99.4,99.7,99.4,62.25705,93.91438,68.49997,53.47464,9.28,11.32,8.66,89.2
07/01/1983,4737.2,4127.0,36.94788,462957.0,137966.0,55.7655,57.7775,57.9341,64.5426,44.0201,74.7371,39.4508,53.083,33.0524,78.462,52.1876,65.1464,82.6525,71.5,73.9297,64.0,0.45,101208.0,97727.0,9.4,21.2,3459.0,2821.0,4329.0,1735.0,2594.0,404.3,74414.0,22103.0,904.7,4055.0,17059.0,10333.0,6726.0,68322.0,18688.0,4554.9,10655.0,5340.0,16011.0,39.9,3.0,40.3,53.7,1785.0,173.0,233.0,954.0,425.0,1795.0,187.0,188.0,1000.0,420.0,63.6,70.3,58.9,50.8,97537.0,103652.0,21442.0,369216.0,625.69,1.369,507.8,2067.7,140.6,33.0266,170129.0,25356.0,23903.0,261703.0,-4.8,337934.9,13.8,166.956,188.315,4.21,13.45,9.37,9.124,9.08,9.26,10.2,11.21,11.38,12.15,13.39,-0.2460003,-0.29,-0.1099997,0.8299999,1.84,2.01,2.78,4.02,114.9,2.1184,240.52,152.73,1.2323,101.6,101.3,100.5,99.5,251.485,105.6,63.2,99.8,100.9,99.6,100.8,100.2,99.7,99.6,99.9,100.0,99.8,62.6071,94.1442,68.7065,53.91499,9.32,11.32,8.71,91.1
08/01/1983,4723.0,4115.0,37.03937,462200.0,135589.0,56.3818,58.2843,58.4422,65.1369,44.8232,75.1776,39.7371,53.7977,33.4452,79.053,52.5852,68.4894,82.0358,69.9,74.4641,65.0,0.447,101608.0,98106.0,9.5,20.0,3632.0,3035.0,4070.0,1540.0,2530.0,435.9,74101.0,22207.0,902.7,4100.0,17118.0,10378.0,6740.0,67910.0,18720.0,4566.8,10689.3,5362.0,16016.0,39.9,3.1,40.3,56.0,1910.0,194.0,237.0,1043.0,436.0,1713.0,187.0,207.0,917.0,402.0,63.1,68.1,60.2,49.3,99052.0,103959.0,22501.0,371498.0,629.36,1.379,510.5,2076.8,141.4,33.02581,171208.0,25376.0,23830.0,262875.0,14.1,341427.6,13.94,162.4187,183.1622,4.35,13.09,9.56,9.414,9.34,9.51,10.53,11.63,11.85,12.51,13.64,-0.1460009,-0.2200003,-0.0500002,0.9699993,2.07,2.29,2.95,4.08,116.97,2.1632,244.46,150.26,1.2338,101.9,101.6,100.9,102.2,267.3174,106.1,69.4,100.1,101.0,100.4,101.4,100.5,100.2,99.8,100.3,100.4,100.1,62.88415,94.29052,68.84623,54.28214,9.33,11.34,8.71,88.2
09/01/1983,4757.4,4153.1,37.13472,469273.0,137885.0,57.2434,59.265,59.4397,65.9551,45.6304,75.9714,40.9297,54.5329,34.3359,79.9771,53.5772,69.5354,82.9551,67.8,75.8317,67.0,0.469,102016.0,98669.0,9.2,20.2,3768.0,2774.0,3854.0,1413.0,2441.0,409.1,75189.0,22381.0,901.9,4138.0,17255.0,10485.0,6770.0,68850.0,18866.0,4594.1,10756.1,5387.0,16042.0,40.1,3.3,40.6,57.8,1710.0,143.0,225.0,954.0,388.0,1585.0,174.0,189.0,821.0,401.0,62.5,66.9,60.7,48.6,100077.0,108494.0,24525.0,375191.0,632.54,1.365,512.8,2085.9,142.7,33.0541,172411.0,25435.0,23994.0,262747.0,-1.5,344257.1,13.91,167.1614,188.6105,4.24,13.28,9.45,9.114,9.0,9.15,10.16,11.43,11.65,12.37,13.55,-0.3359995,-0.4499998,-0.3000002,0.71,1.98,2.2,2.92,4.1,116.86,2.1623,242.35,149.86,1.2326,102.2,101.8,101.6,103.3,268.9667,107.0,68.0,100.4,100.8,100.7,101.8,100.7,101.1,100.2,100.6,100.6,100.4,63.10563,94.52827,68.85528,54.61356,9.37,11.39,8.76,85.8
10/01/1983,4806.3,4204.9,37.43077,474415.0,139722.0,57.7148,59.4174,59.5101,65.5873,46.2033,75.0365,41.4537,55.3082,35.0572,80.8894,54.1866,65.0989,80.8869,69.6,76.6466,72.0,0.532,102039.0,98736.0,8.8,20.2,3491.0,2736.0,3648.0,1371.0,2277.0,399.5,75516.0,22546.0,913.4,4178.0,17367.0,10575.0,6792.0,68956.0,18928.0,4612.2,10798.3,5397.0,15986.0,40.1,3.3,40.6,57.6,1715.0,157.0,203.0,970.0,385.0,1716.0,171.0,202.0,926.0,417.0,64.4,69.5,62.8,52.1,103267.0,113922.0,26040.0,383396.0,634.01,1.354,517.2,2102.1,144.1,33.25268,173584.0,25454.0,24610.0,261829.0,-11.0,348650.8,13.94,167.6548,188.9962,4.25,13.27,9.48,8.864,8.64,8.83,9.81,11.28,11.54,12.25,13.46,-0.6159992,-0.8399992,-0.6499996,0.3300009,1.8,2.06,2.77,3.98,114.87,2.1122,232.89,149.69,1.232,102.2,101.9,101.7,103.2,265.7048,106.0,69.3,100.8,100.6,101.1,102.3,101.0,101.7,100.7,100.9,101.0,100.7,63.21595,94.72704,68.90942,54.74913,9.41,11.41,8.8,86.1
11/01/1983,4844.1,4231.1,37.51336,479284.0,141364.0,57.8876,59.4833,59.5631,65.5846,46.1751,75.052,41.6862,55.5832,35.3137,80.6631,54.3653,64.1863,82.3396,70.7,76.8392,73.0,0.554,102729.0,99438.0,8.5,19.7,3347.0,2644.0,3535.0,1368.0,2167.0,385.1,75857.0,22698.0,914.1,4217.0,17479.0,10666.0,6813.0,69156.0,18992.0,4635.4,10848.1,5416.0,15997.0,40.1,3.3,40.6,59.7,1785.0,158.0,220.0,979.0,428.0,1668.0,158.0,192.0,910.0,408.0,66.0,69.2,67.5,55.0,104438.0,113880.0,23314.0,388579.0,638.05,1.349,519.0,2115.2,145.3,33.41035,174605.0,25396.0,24491.0,263187.0,16.3,353190.4,14.02,165.23,185.8552,4.31,13.14,9.34,8.974,8.76,8.93,9.94,11.41,11.69,12.41,13.61,-0.3660002,-0.5799999,-0.4099998,0.5999994,2.07,2.349999,3.07,4.27,116.68,2.1701,235.03,147.66,1.2367,102.0,101.5,101.8,102.3,268.1714,104.9,68.1,101.1,100.9,101.5,102.8,101.1,102.5,101.3,101.3,101.3,101.0,63.30971,95.05388,68.8867,54.86736,9.44,11.4,8.84,87.9
12/01/1983,4889.4,4272.4,37.93212,488161.0,141958.0,58.1789,59.8324,59.9877,65.6888,47.2316,74.5682,42.1118,55.8151,35.7085,79.8282,54.5108,65.8701,77.2005,80.6,76.9715,76.0,0.596,102996.0,99664.0,8.3,19.2,3455.0,2521.0,3379.0,1318.0,2061.0,369.8,76202.0,22803.0,917.1,4248.0,17551.0,10727.0,6824.0,69407.0,19075.0,4658.5,10899.2,5436.0,16008.0,40.0,3.4,40.5,60.4,1688.0,151.0,202.0,956.0,379.0,1627.0,179.0,180.0,823.0,445.0,69.9,74.8,62.1,59.6,106076.0,114486.0,23246.0,391082.0,642.46,1.333,521.4,2126.4,146.2,33.56984,175467.0,25367.0,24593.0,267368.0,50.2,358041.6,14.11,164.3605,185.179,4.32,12.41,9.47,9.404,9.0,9.17,10.11,11.54,11.83,12.57,13.75,-0.066,-0.4700003,-0.3000002,0.6399994,2.07,2.36,3.099999,4.28,118.28,2.1983,234.46,143.38,1.2469,102.3,101.9,101.9,103.5,273.1,105.5,71.4,101.4,101.1,101.5,103.4,101.2,103.0,101.6,101.5,101.5,101.2,63.34258,95.07681,68.92751,54.89422,9.48,11.44,8.87,91.0
01/01/1984,4928.8,4312.1,38.17459,491316.0,144628.0,59.3456,61.0013,61.2382,67.0305,48.3524,75.9984,42.9931,56.9651,36.6283,80.981,55.5034,69.7511,78.7517,59.9,78.2837,78.0,0.634,103201.0,99908.0,8.0,20.4,3309.0,2532.0,3254.0,1214.0,2040.0,350.9,76647.0,22942.0,919.9,4305.0,17630.0,10789.0,6841.0,69715.0,19229.0,4686.8,10976.1,5452.0,16010.0,40.2,3.4,40.6,57.6,1897.0,179.0,276.0,903.0,539.0,1816.0,175.0,246.0,890.0,505.0,60.5,63.7,64.4,52.7,107324.0,116721.0,26584.0,396482.0,645.63,1.331,525.1,2141.1,147.4,33.65592,176896.0,25451.0,24736.0,274768.0,88.8,362877.2,14.09,166.3924,187.4957,4.27,12.58,9.56,9.074,8.9,9.01,9.9,11.37,11.67,12.2,13.65,-0.4860001,-0.6600008,-0.5500002,0.3399992,1.809999,2.11,2.639999,4.089999,119.47,2.238,233.8,140.76,1.2484,103.0,102.7,102.1,104.6,279.7571,105.0,64.4,102.1,101.5,102.0,104.0,101.9,103.0,102.1,102.0,102.2,101.8,63.61734,94.90144,69.43982,55.09576,9.53,11.52,8.91,97.0
02/01/1984,4943.7,4330.6,37.67779,491051.0,144144.0,59.6271,61.2062,61.3424,66.8489,48.5042,75.6224,43.345,57.3181,37.4035,81.464,56.1046,66.8125,85.7294,64.0,79.0255,81.0,0.675,103824.0,100471.0,7.8,19.0,3327.0,2485.0,2991.0,1157.0,1834.0,340.5,77111.0,23146.0,920.3,4410.0,17728.0,10867.0,6861.0,69990.0,19316.0,4714.6,11017.8,5472.0,16025.0,40.7,3.4,41.1,56.4,2260.0,263.0,307.0,1187.0,503.0,1987.0,229.0,292.0,952.0,514.0,61.3,64.9,61.5,52.7,107579.0,117961.0,26339.0,402492.0,653.22,1.348,527.5,2161.2,148.0,33.74822,177838.0,25829.0,25262.0,279364.0,55.2,371202.5,14.27,157.2505,177.1345,4.59,11.83,9.59,9.194,9.09,9.18,10.04,11.54,11.84,12.08,13.59,-0.3959999,-0.5,-0.4099998,0.4499998,1.95,2.25,2.49,4.0,117.66,2.205,233.6,144.17,1.248,103.4,103.1,102.5,103.8,277.86,106.3,71.1,102.6,101.2,102.2,105.0,102.4,102.9,102.6,102.5,102.8,102.3,64.03893,94.9257,69.77612,55.6233,9.53,11.45,8.92,93.2
03/01/1984,4973.2,4358.3,37.99544,491471.0,142804.0,59.9003,61.5225,61.6777,67.1231,48.6348,75.9774,43.7747,57.5462,37.5817,81.9194,56.3572,68.1132,83.3013,61.5,79.2582,81.0,0.67,103967.0,100734.0,7.8,19.1,3335.0,2501.0,2881.0,1101.0,1780.0,345.5,77381.0,23209.0,922.8,4393.0,17806.0,10929.0,6877.0,70202.0,19387.0,4731.1,11056.6,5492.0,16030.0,40.2,3.5,40.7,51.1,1663.0,161.0,224.0,839.0,439.0,1725.0,188.0,195.0,831.0,511.0,58.9,60.9,65.5,52.7,106660.0,122935.0,26654.0,412902.0,660.82,1.363,531.4,2178.2,149.1,33.90103,178872.0,25763.0,24811.0,287370.0,96.1,373493.1,14.29,157.4386,177.8459,4.63,11.2,9.91,9.704,9.52,9.66,10.59,12.02,12.32,12.57,13.99,-0.2059994,-0.3899994,-0.25,0.6800003,2.110001,2.41,2.66,4.08,115.35,2.149,225.27,145.57,1.2697,103.8,103.6,103.0,105.7,285.5909,108.6,73.6,102.9,101.3,102.9,105.2,102.6,103.5,103.0,102.8,103.0,102.6,64.25174,94.94903,69.85018,55.92831,9.57,11.5,8.96,97.7
04/01/1984,5012.2,4395.9,38.25726,494194.0,145114.0,60.2713,61.864,62.1037,67.2927,48.5563,76.2949,44.2399,57.9415,37.7856,82.1891,56.6531,68.759,81.6234,62.3,79.5349,85.0,0.711,104336.0,101045.0,7.7,18.9,3362.0,2459.0,2858.0,1094.0,1764.0,369.4,77699.0,23305.0,922.3,4423.0,17872.0,10980.0,6892.0,70469.0,19464.0,4750.1,11101.2,5503.0,16075.0,40.4,3.5,40.8,56.8,1851.0,190.0,234.0,953.0,474.0,1776.0,194.0,231.0,872.0,479.0,61.0,63.2,64.6,54.0,107035.0,113367.0,25575.0,414105.0,667.83,1.37,535.0,2194.8,150.1,34.02789,179898.0,25691.0,24457.0,294220.0,82.2,377814.2,14.29,157.6015,178.573,4.64,11.18,10.29,10.054,9.69,9.84,10.9,12.37,12.63,12.81,14.31,-0.2360001,-0.6000004,-0.4499998,0.6099997,2.08,2.34,2.52,4.02,116.53,2.1913,225.2,142.1,1.2796,103.9,103.5,103.2,105.2,287.005,109.7,71.9,103.3,101.2,103.3,105.8,102.9,104.4,103.5,103.3,103.3,103.0,64.50004,95.52187,69.89497,56.24523,9.59,11.53,8.98,91.4
05/01/1984,5031.6,4416.4,38.48003,498098.0,146052.0,60.5727,62.0579,62.1377,67.0631,48.1139,76.2052,44.4864,58.344,38.0316,82.0726,56.8013,69.6113,82.2295,59.3,79.5868,86.0,0.736,105193.0,101850.0,7.4,18.8,3167.0,2387.0,2884.0,1193.0,1691.0,357.7,77979.0,23389.0,928.4,4456.0,17916.0,11022.0,6894.0,70693.0,19516.0,4762.9,11123.8,5522.0,16103.0,40.3,3.4,40.7,56.2,1774.0,182.0,243.0,893.0,456.0,1741.0,211.0,211.0,849.0,470.0,58.6,59.2,62.5,54.1,106696.0,116081.0,28422.0,417233.0,675.17,1.375,536.7,2207.4,150.7,34.18176,180722.0,25882.0,22894.0,300525.0,75.7,385354.2,14.54,156.5509,177.5986,4.72,11.14,10.32,10.524,9.83,10.31,11.66,13.17,13.41,13.28,14.74,0.2040005,-0.4899998,-0.0099993,1.34,2.85,3.09,2.96,4.42,119.66,2.268,230.48,138.94,1.2944,103.8,103.5,103.4,104.5,291.6818,107.8,62.5,103.5,101.4,103.7,106.2,103.0,105.2,103.9,103.6,103.5,103.2,64.5783,95.54344,69.79945,56.42781,9.61,11.56,8.99,90.6
06/01/1984,5074.0,4458.2,38.7421,502529.0,147972.0,60.7861,62.3363,62.3724,66.9664,48.2571,75.9693,45.0197,58.4917,38.2428,81.6974,57.0514,67.6644,82.1829,62.3,79.7637,87.0,0.775,105591.0,102208.0,7.2,18.1,3261.0,2273.0,2612.0,1036.0,1576.0,362.9,78334.0,23497.0,933.6,4507.0,17967.0,11074.0,6893.0,70964.0,19612.0,4778.6,11181.5,5540.0,16127.0,40.3,3.4,40.6,51.7,1843.0,220.0,280.0,921.0,422.0,1814.0,194.0,221.0,894.0,505.0,58.1,60.5,56.2,56.3,105390.0,112351.0,26721.0,415526.0,677.61,1.368,540.2,2218.3,151.9,34.28791,181995.0,26094.0,22793.0,310036.0,114.1,391575.6,14.65,153.1248,174.1995,4.86,10.08,11.06,10.854,9.87,10.51,12.08,13.48,13.56,13.55,15.05,-0.2060003,-1.190001,-0.5500002,1.02,2.419999,2.5,2.49,3.99,120.22,2.2832,233.57,137.7,1.304,103.8,103.4,103.6,103.3,286.9952,107.3,64.0,103.7,101.3,103.9,106.7,103.1,105.5,104.2,103.8,103.7,103.4,64.69627,95.59878,69.83676,56.59309,9.65,11.57,9.03,89.8
07/01/1984,5105.9,4491.7,38.59021,499845.0,145428.0,60.9479,62.4995,62.5618,66.975,48.8099,75.6519,45.5929,58.6499,38.6152,81.5316,57.3041,66.1012,79.6742,58.2,79.929,89.0,0.764,105435.0,102091.0,7.5,18.0,3392.0,2472.0,2638.0,1048.0,1590.0,360.3,78601.0,23571.0,935.3,4534.0,18013.0,11119.0,6894.0,71202.0,19695.0,4802.8,11236.7,5556.0,16172.0,40.2,3.4,40.6,53.5,1732.0,195.0,235.0,884.0,418.0,1605.0,187.0,215.0,777.0,426.0,56.1,54.1,59.1,57.8,108343.0,116934.0,27439.0,417762.0,682.78,1.386,540.9,2226.7,152.7,34.29399,182991.0,25980.0,20056.0,314375.0,52.1,396763.1,14.69,151.0781,171.6986,4.93,9.92,11.23,11.064,10.12,10.52,12.03,13.27,13.36,13.44,15.15,-0.1659994,-1.11,-0.7099991,0.8000002,2.040001,2.13,2.21,3.92,124.32,2.4115,243.07,132.0,1.3238,104.0,103.6,103.4,104.0,278.9857,105.1,61.3,104.1,101.9,103.7,107.2,103.2,105.7,104.9,104.2,104.0,103.7,64.92974,95.56219,69.93975,56.93615,9.67,11.58,9.05,91.9
08/01/1984,5123.3,4506.2,38.75126,499719.0,144301.0,60.9982,62.66,62.7444,66.5791,49.0942,74.863,46.1318,58.5918,38.5429,81.3044,57.4024,65.2719,79.9694,54.3,79.8655,86.0,0.731,105163.0,101877.0,7.5,17.3,3567.0,2415.0,2604.0,1089.0,1515.0,390.1,78790.0,23608.0,938.4,4547.0,18034.0,11150.0,6884.0,71406.0,19752.0,4817.5,11267.3,5574.0,16224.0,40.2,3.4,40.5,50.4,1586.0,186.0,221.0,776.0,403.0,1530.0,186.0,190.0,741.0,413.0,53.0,54.0,55.2,49.1,107852.0,115901.0,25971.0,417885.0,691.39,1.404,541.0,2233.5,153.5,34.29456,183754.0,26039.0,18023.0,317394.0,36.2,401685.9,14.81,164.4209,186.8552,4.62,10.67,11.64,11.054,10.47,10.61,11.82,12.68,12.72,12.87,14.63,-0.5860004,-1.17,-1.030001,0.1799994,1.04,1.08,1.23,2.99,124.5,2.415,242.26,131.32,1.3035,103.8,103.3,103.2,103.3,273.9957,104.4,58.7,104.4,102.5,103.8,107.7,103.4,106.0,105.4,104.5,104.3,104.1,65.12694,95.73016,70.12307,57.14625,9.71,11.58,9.09,93.7
09/01/1984,5156.5,4542.0,39.02663,499104.0,145961.0,60.8956,62.7494,62.8472,66.4072,48.4291,74.9919,46.398,58.3021,38.1224,81.4849,57.2799,65.5375,80.8393,52.2,79.4847,88.0,0.771,105490.0,102097.0,7.3,17.0,3325.0,2558.0,2538.0,1087.0,1451.0,398.0,79070.0,23617.0,934.6,4576.0,18019.0,11160.0,6859.0,71708.0,19829.0,4834.6,11319.8,5595.0,16255.0,40.2,3.3,40.5,51.1,1698.0,203.0,243.0,814.0,438.0,1523.0,206.0,181.0,734.0,402.0,50.0,47.2,52.8,46.8,103988.0,111986.0,25496.0,417846.0,694.09,1.411,543.1,2247.4,154.4,34.45794,184661.0,26089.0,18847.0,321437.0,48.5,404024.5,14.82,166.1126,188.0979,4.54,10.22,11.3,10.914,10.37,10.47,11.58,12.53,12.52,12.66,14.35,-0.3860006,-0.9300003,-0.8299999,0.2799997,1.23,1.22,1.36,3.05,127.77,2.5049,245.46,125.63,1.3145,103.8,103.2,103.1,102.8,271.8842,103.1,53.4,104.7,102.7,104.1,108.1,103.6,106.4,105.9,104.9,104.6,104.4,65.22155,95.96071,70.18742,57.23694,9.74,11.58,9.12,96.4
10/01/1984,5154.9,4536.4,38.9086,501197.0,146306.0,60.8193,63.1233,63.3025,66.9204,48.0042,76.0466,46.6524,57.7843,38.3753,80.9278,57.5074,66.2145,81.6477,53.4,79.5806,89.0,0.778,105638.0,102444.0,7.4,16.7,3423.0,2392.0,2526.0,1099.0,1427.0,419.3,79337.0,23626.0,925.1,4590.0,18024.0,11165.0,6859.0,71985.0,19920.0,4847.8,11387.1,5620.0,16274.0,40.1,3.2,40.5,48.1,1590.0,211.0,226.0,749.0,404.0,1490.0,192.0,188.0,710.0,400.0,50.8,52.9,49.3,45.6,105461.0,112653.0,26380.0,415469.0,699.37,1.416,543.7,2262.0,154.7,34.60145,185219.0,26259.0,20242.0,325648.0,50.5,408425.5,14.97,164.8187,185.4413,4.62,10.14,9.99,9.994,9.74,9.87,10.9,12.06,12.16,12.63,13.94,0.0040007,-0.25,-0.1199999,0.9099998,2.070001,2.17,2.64,3.95,129.23,2.5245,246.75,121.96,1.3189,103.6,103.1,103.2,101.5,267.1,101.2,51.7,105.1,103.0,104.8,108.7,103.9,106.3,106.3,105.3,105.0,104.7,65.37299,95.87301,70.37018,57.40468,9.75,11.57,9.15,91.6
11/01/1984,5185.4,4565.0,39.46962,505647.0,148904.0,61.0361,63.3518,63.5518,67.1353,48.7566,75.938,47.0476,57.9862,38.6071,80.8476,57.6772,67.4035,82.9305,53.8,79.588,88.0,0.778,105972.0,102578.0,7.2,17.0,3392.0,2356.0,2438.0,1016.0,1422.0,401.3,79649.0,23639.0,920.0,4617.0,18016.0,11165.0,6851.0,72321.0,20041.0,4858.4,11498.2,5641.0,16311.0,40.1,3.3,40.4,47.4,1689.0,255.0,245.0,746.0,443.0,1643.0,227.0,220.0,751.0,445.0,50.3,52.0,48.1,45.7,105953.0,117918.0,26122.0,417575.0,702.48,1.41,547.5,2284.6,155.5,34.89652,186104.0,26518.0,21901.0,328615.0,35.6,412018.2,15.03,166.2729,186.5748,4.61,10.26,9.43,8.904,8.61,8.81,9.82,11.33,11.57,12.29,13.48,-0.526,-0.8200006,-0.6199999,0.3899994,1.9,2.139999,2.86,4.049999,127.2,2.47,243.63,123.92,1.3168,104.0,103.4,103.3,101.9,270.2476,102.2,55.0,105.3,103.0,104.9,109.3,103.9,106.2,106.7,105.5,105.1,104.9,65.46785,96.03137,70.3493,57.55306,9.79,11.57,9.19,91.5
12/01/1984,5221.0,4587.5,39.52829,506252.0,148134.0,61.1145,63.6304,63.9666,67.4998,49.3259,76.1713,47.3467,57.8655,38.5497,80.5091,57.8917,66.2145,80.1517,54.9,79.652,91.0,0.798,106223.0,102838.0,7.3,16.8,3371.0,2578.0,2401.0,1008.0,1393.0,381.7,79805.0,23673.0,910.7,4652.0,18023.0,11177.0,6846.0,72414.0,20058.0,4870.9,11495.0,5661.0,16282.0,40.2,3.3,40.5,45.2,1612.0,233.0,230.0,810.0,339.0,1626.0,237.0,214.0,746.0,429.0,50.6,52.8,48.8,47.3,107092.0,114316.0,24989.0,415753.0,704.65,1.413,551.6,2309.8,156.1,35.17941,187252.0,26913.0,23727.0,329459.0,10.1,416893.3,15.09,164.48,183.621,4.68,9.93,8.38,8.314,8.06,8.28,9.33,11.07,11.5,12.13,13.4,-0.066,-0.3199997,-0.1000004,0.9499998,2.69,3.12,3.75,5.02,130.15,2.5602,247.96,118.61,1.3201,104.0,103.5,103.2,101.4,261.5,100.9,50.7,105.5,103.1,104.7,109.8,103.9,106.1,107.1,105.6,105.2,105.1,65.65773,95.90855,70.44687,57.84079,9.83,11.64,9.22,87.9
01/01/1985,5221.8,4588.8,39.87903,504987.0,148797.0,60.9617,63.2971,63.6072,67.0621,48.6942,75.8596,47.1237,57.8923,38.5264,80.4518,57.6906,65.55,78.0427,54.9,79.1411,89.0,0.775,106302.0,102985.0,7.3,15.9,3667.0,2536.0,2284.0,969.0,1315.0,374.9,80017.0,23672.0,908.6,4668.0,18009.0,11171.0,6838.0,72681.0,20103.0,4882.7,11518.2,5684.0,16336.0,39.9,3.3,40.3,44.4,1711.0,218.0,236.0,760.0,497.0,1660.0,285.0,189.0,723.0,463.0,50.3,51.8,50.4,45.9,108048.0,119496.0,25732.0,420276.0,703.81,1.415,557.0,2335.9,156.8,35.42477,188080.0,27077.0,25682.0,329668.0,2.5,421137.5,15.22,171.6127,191.3105,4.51,10.36,8.35,7.904,7.76,8.0,9.02,10.93,11.38,12.08,13.26,-0.4460006,-0.5900002,-0.3500004,0.6700001,2.58,3.03,3.73,4.91,132.78,2.659,254.18,112.71,1.324,104.0,103.4,103.1,99.9,255.7636,99.9,47.6,105.7,103.2,105.1,110.2,104.1,106.1,107.4,105.9,105.5,105.5,65.93974,96.01429,70.61339,58.20952,9.88,11.7,9.27,90.3
02/01/1985,5226.7,4593.1,40.02787,506707.0,149644.0,61.2357,63.6062,63.8479,67.5455,48.2511,76.8677,46.8713,58.1275,38.2395,80.3069,57.5224,71.5185,79.431,54.2,78.676,90.0,0.784,106555.0,103238.0,7.2,15.9,3471.0,2452.0,2389.0,1045.0,1344.0,388.7,80128.0,23621.0,906.3,4662.0,17966.0,11142.0,6824.0,72856.0,20133.0,4883.5,11539.0,5705.0,16349.0,39.9,3.3,40.1,45.2,1632.0,225.0,157.0,779.0,471.0,1662.0,272.0,191.0,688.0,511.0,49.9,51.8,48.6,44.8,106363.0,115482.0,28918.0,420976.0,706.57,1.416,563.6,2357.4,157.9,35.60198,189636.0,27596.0,26307.0,332412.0,32.9,427108.0,15.38,180.8847,202.1258,4.3,10.97,8.5,8.414,8.27,8.39,9.29,11.13,11.51,12.13,13.23,-0.0860004,-0.2299995,-0.1099997,0.79,2.63,3.01,3.63,4.73,136.95,2.8045,260.48,109.31,1.3547,104.1,103.4,102.8,99.4,254.2737,100.5,44.8,106.3,104.1,105.6,110.8,104.7,106.8,107.9,106.5,105.9,106.1,66.21541,96.58958,70.92253,58.41689,9.92,11.75,9.29,86.5
03/01/1985,5246.4,4611.9,39.97912,511142.0,149846.0,61.3029,63.8557,64.0519,67.4668,48.7633,76.4487,47.3224,58.0122,38.5448,80.5108,57.9522,67.3425,79.1484,51.2,79.0302,92.0,0.809,106989.0,103739.0,7.2,16.1,3519.0,2443.0,2394.0,1045.0,1349.0,382.6,80428.0,23661.0,905.9,4730.0,17939.0,11125.0,6814.0,73162.0,20229.0,4899.0,11628.3,5730.0,16395.0,40.1,3.3,40.4,44.2,1800.0,240.0,274.0,831.0,455.0,1727.0,266.0,235.0,762.0,464.0,47.8,49.1,46.7,44.0,106835.0,114323.0,27352.0,419279.0,705.69,1.402,566.6,2369.4,158.5,35.65046,190320.0,27590.0,25997.0,334670.0,27.1,433806.8,15.54,179.42,200.4524,4.37,10.7,8.58,8.774,8.52,8.9,9.86,11.52,11.86,12.56,13.69,0.1940002,-0.0599995,0.3199997,1.28,2.940001,3.28,3.98,5.11,137.89,2.8033,257.92,112.53,1.384,104.1,103.3,102.7,97.6,253.1857,99.6,46.2,106.8,104.5,106.3,111.4,105.1,107.2,108.4,107.0,106.4,106.5,66.46198,96.75079,71.20026,58.65935,9.94,11.7,9.32,87.3
04/01/1985,5246.7,4613.1,40.08999,510618.0,151482.0,61.1712,63.6051,63.6396,67.0913,48.1187,76.2374,46.8435,57.9999,38.2679,80.4647,57.7436,66.6608,80.3121,51.6,78.5189,91.0,0.786,106936.0,103630.0,7.3,16.4,3499.0,2495.0,2393.0,1015.0,1378.0,398.2,80588.0,23644.0,910.6,4764.0,17886.0,11090.0,6796.0,73374.0,20283.0,4902.0,11664.9,5751.0,16430.0,40.2,3.1,40.5,43.2,1821.0,273.0,237.0,821.0,490.0,1664.0,259.0,228.0,729.0,448.0,48.2,51.3,46.1,43.8,106601.0,113374.0,25012.0,417839.0,707.56,1.407,570.4,2378.7,159.3,35.7326,191353.0,27870.0,26548.0,335158.0,5.9,439280.3,15.73,180.6186,201.1338,4.37,10.79,8.27,8.244,7.95,8.23,9.14,11.01,11.43,12.23,13.51,-0.026,-0.3200006,-0.0400009,0.8699999,2.74,3.16,3.959999,5.24,131.91,2.5948,251.84,123.77,1.3658,104.6,103.9,102.9,96.7,256.181,101.8,44.1,107.0,104.5,106.8,112.0,105.4,107.5,108.7,107.3,106.7,106.8,66.56947,96.91117,71.33366,58.74041,9.97,11.72,9.35,87.0
05/01/1985,5250.6,4617.9,40.55272,516534.0,152518.0,61.2218,63.6991,63.7052,67.1371,48.1355,76.298,46.9271,58.006,38.174,80.778,57.8102,66.6698,81.3532,51.9,78.3897,92.0,0.804,106932.0,103652.0,7.2,15.3,3503.0,2556.0,2292.0,1057.0,1235.0,393.5,80818.0,23632.0,905.3,4787.0,17855.0,11072.0,6783.0,73660.0,20355.0,4908.7,11721.3,5775.0,16474.0,40.1,3.2,40.4,40.4,1680.0,238.0,254.0,741.0,447.0,1709.0,260.0,243.0,759.0,447.0,47.1,49.5,48.0,40.4,108286.0,116815.0,25331.0,418118.0,707.3,1.39,575.1,2393.0,160.4,35.87474,192689.0,28155.0,26821.0,338108.0,35.4,444685.8,15.87,184.8991,204.8323,4.31,11.0,7.97,7.704,7.48,7.65,8.46,10.34,10.85,11.72,13.15,-0.2659998,-0.4899998,-0.3199997,0.4900002,2.37,2.880001,3.75,5.18,132.54,2.615,251.73,124.83,1.3756,104.9,104.2,103.2,95.8,250.6045,101.7,48.7,107.2,104.4,106.5,112.6,105.2,107.1,109.4,107.6,106.7,107.0,66.70432,96.61694,71.32937,59.01917,9.98,11.72,9.37,84.2
06/01/1985,5266.4,4634.3,40.33469,507990.0,151475.0,61.268,63.9075,64.031,67.4557,48.0879,76.8166,47.0411,57.8889,38.3169,80.6645,57.9246,66.8706,80.9888,50.5,78.3342,92.0,0.789,106505.0,103344.0,7.4,15.5,3538.0,2517.0,2310.0,1029.0,1281.0,392.4,80939.0,23592.0,899.3,4789.0,17819.0,11045.0,6774.0,73845.0,20406.0,4914.7,11754.8,5796.0,16498.0,40.1,3.2,40.5,44.5,1676.0,270.0,237.0,734.0,435.0,1716.0,263.0,243.0,752.0,458.0,47.8,50.7,47.1,40.2,107729.0,120354.0,27015.0,422697.0,709.5,1.418,582.3,2416.1,161.7,36.14212,194762.0,28848.0,27644.0,336876.0,-14.8,448811.1,15.94,188.886,208.496,4.21,11.4,7.53,7.224,6.95,7.09,7.8,9.6,10.16,10.94,12.4,-0.3060002,-0.5800004,-0.4400001,0.27,2.07,2.63,3.409999,4.869999,130.98,2.5721,248.84,128.08,1.3676,104.6,103.8,102.6,95.2,244.715,100.0,42.4,107.5,105.1,106.5,113.3,105.3,106.7,109.8,107.9,106.9,107.3,66.84998,96.57281,71.55328,59.14544,10.0,11.71,9.39,91.1
07/01/1985,5262.7,4621.3,40.62566,508965.0,151588.0,60.875,63.5204,63.6543,67.1597,48.1417,76.3287,46.7149,57.4945,37.8495,80.5627,57.6025,65.6403,81.3785,48.2,77.7034,91.0,0.775,106807.0,103664.0,7.4,15.5,3555.0,2554.0,2329.0,1062.0,1267.0,378.1,81006.0,23549.0,889.9,4799.0,17776.0,11006.0,6770.0,74077.0,20421.0,4913.8,11765.1,5818.0,16620.0,40.1,3.3,40.4,45.2,1684.0,217.0,221.0,786.0,460.0,1697.0,240.0,244.0,746.0,467.0,47.9,52.5,45.7,41.8,107808.0,117130.0,25873.0,423483.0,711.84,1.42,589.1,2432.9,162.8,36.33139,195946.0,29141.0,28034.0,339378.0,30.0,453518.7,16.11,192.5445,212.8959,4.14,11.73,7.88,7.434,7.08,7.2,7.86,9.7,10.31,10.97,12.43,-0.4460001,-0.8000002,-0.6800003,-0.02,1.82,2.43,3.09,4.55,126.42,2.406,241.14,138.07,1.3526,104.7,103.8,102.3,94.9,240.5636,99.2,45.6,107.7,105.2,106.6,113.9,105.3,106.4,110.3,108.2,107.1,107.5,66.96413,96.49589,71.61334,59.32554,10.03,11.74,9.42,87.4
08/01/1985,5264.2,4631.1,41.03778,518216.0,153681.0,61.1313,63.9097,64.0043,67.4804,48.6747,76.5208,46.9,57.6136,38.2709,80.532,57.9371,65.7588,80.8613,50.6,77.9736,92.0,0.805,107095.0,103974.0,7.1,15.3,3439.0,2515.0,2258.0,1036.0,1222.0,403.6,81200.0,23546.0,882.9,4823.0,17756.0,10987.0,6769.0,74273.0,20458.0,4925.2,11804.8,5845.0,16619.0,40.2,3.3,40.6,41.1,1743.0,229.0,252.0,758.0,504.0,1808.0,262.0,256.0,780.0,510.0,47.7,51.8,46.6,43.0,108964.0,119998.0,26710.0,424896.0,713.58,1.399,596.2,2447.3,164.2,36.44073,198013.0,29652.0,28580.0,340740.0,16.3,457305.6,16.21,188.3064,209.3959,4.23,11.47,7.9,7.594,7.14,7.32,8.05,9.81,10.33,11.05,12.5,-0.3060002,-0.7600002,-0.5799999,0.1500001,1.91,2.43,3.15,4.6,123.99,2.2962,237.46,138.4,1.3575,104.5,103.6,102.3,92.9,235.0318,99.2,44.0,107.9,105.3,106.2,114.6,105.2,106.5,110.7,108.3,107.1,107.6,67.15836,96.59399,71.58813,59.65076,10.04,11.76,9.43,86.3
09/01/1985,5274.1,4638.7,41.60922,519606.0,157802.0,61.3866,64.1312,64.1931,67.9138,48.6231,77.2181,46.7077,57.9001,38.1365,81.5261,57.9887,68.8254,76.8156,52.8,77.8771,93.0,0.827,107657.0,104593.0,7.1,15.3,3494.0,2570.0,2242.0,1009.0,1233.0,408.2,81385.0,23528.0,874.4,4852.0,17718.0,10952.0,6766.0,74495.0,20495.0,4929.1,11818.4,5874.0,16638.0,40.2,3.3,40.6,41.8,1676.0,244.0,234.0,720.0,478.0,1916.0,241.0,238.0,776.0,661.0,49.9,54.6,49.5,45.5,108842.0,120283.0,28353.0,428154.0,711.77,1.391,603.3,2459.7,165.1,36.55638,199306.0,30030.0,28741.0,339599.0,-13.7,463812.2,16.4,184.0605,205.1525,4.32,11.51,7.92,7.704,7.1,7.27,8.07,9.81,10.37,11.07,12.48,-0.2160001,-0.8200002,-0.6500001,0.1499996,1.89,2.45,3.15,4.559999,125.29,2.3749,236.53,136.42,1.3703,103.8,102.9,102.2,91.8,230.16,98.9,44.3,108.1,105.5,106.2,115.2,105.4,106.6,111.0,108.6,107.3,107.8,67.28511,96.55074,71.70287,59.8091,10.06,11.8,9.44,84.2
10/01/1985,5309.5,4673.6,40.95977,514815.0,152825.0,61.1547,64.0172,64.1643,67.802,48.3804,77.1827,46.6686,57.5508,38.0301,80.6046,57.8386,68.1402,80.9366,54.9,77.5256,92.0,0.804,107847.0,104796.0,7.1,15.3,3424.0,2545.0,2295.0,1096.0,1199.0,404.2,81556.0,23529.0,868.7,4868.0,17708.0,10948.0,6760.0,74681.0,20524.0,4936.6,11832.5,5902.0,16654.0,40.2,3.3,40.7,45.2,1834.0,316.0,254.0,803.0,461.0,1743.0,271.0,242.0,749.0,481.0,50.9,53.4,50.0,45.9,109157.0,118706.0,27801.0,428644.0,714.73,1.41,607.8,2471.5,166.1,36.6478,200739.0,30490.0,29303.0,343857.0,51.1,468071.4,16.43,186.1804,207.65,4.28,11.81,7.99,7.674,7.16,7.33,8.01,9.69,10.24,11.02,12.36,-0.316,-0.8299999,-0.6599998,0.0200005,1.7,2.25,3.030001,4.37,118.8,2.1692,214.68,142.15,1.3667,104.9,103.9,102.3,94.1,229.6087,98.6,46.4,108.5,105.7,106.5,115.8,105.6,106.8,111.5,109.0,107.6,108.2,67.43925,96.78347,71.89722,59.92944,10.07,11.77,9.46,80.8
11/01/1985,5306.2,4670.1,41.07181,518583.0,153018.0,61.3521,64.3186,64.5232,68.109,49.5112,77.0163,47.0791,57.6395,38.3385,81.0381,58.1982,67.4246,79.475,56.5,77.8718,93.0,0.839,108007.0,104945.0,7.0,15.7,3463.0,2456.0,2207.0,910.0,1297.0,392.3,81745.0,23520.0,860.7,4879.0,17697.0,10938.0,6759.0,74899.0,20556.0,4940.4,11860.8,5935.0,16674.0,40.2,3.3,40.7,44.5,1698.0,239.0,215.0,792.0,452.0,1692.0,273.0,209.0,730.0,480.0,52.0,57.2,48.5,45.2,109108.0,114159.0,24744.0,424705.0,717.25,1.404,612.2,2481.1,167.0,36.6729,202120.0,30916.0,29175.0,347028.0,38.1,471931.3,16.56,197.4455,219.442,4.06,12.71,8.05,7.644,7.24,7.3,7.88,9.28,9.78,10.55,11.99,-0.4060001,-0.8100004,-0.75,-0.1700001,1.23,1.73,2.5,3.94,116.67,2.1306,204.07,143.96,1.3765,105.5,104.6,102.5,95.7,233.01,97.8,45.7,109.0,106.0,107.0,116.5,106.1,106.7,112.1,109.6,108.1,108.8,67.65485,96.81596,72.19149,60.13021,10.09,11.75,9.49,84.5
12/01/1985,5346.2,4710.0,41.51838,515812.0,154270.0,61.996,64.8378,65.0007,68.9087,49.6535,78.1684,47.0304,58.4055,38.3937,81.5203,58.4517,71.3379,80.2308,55.3,78.0894,90.0,0.82,108216.0,105075.0,7.0,15.1,3393.0,2544.0,2208.0,1003.0,1205.0,385.1,81893.0,23518.0,855.1,4887.0,17693.0,10928.0,6765.0,75069.0,20586.0,4940.7,11887.2,5959.0,16694.0,40.3,3.6,40.9,42.6,1942.0,284.0,275.0,895.0,488.0,1794.0,247.0,279.0,836.0,432.0,50.7,54.8,49.3,45.2,109016.0,119942.0,29135.0,428496.0,718.6,1.415,619.8,2495.5,167.7,36.75267,203555.0,31569.0,30250.0,348859.0,22.0,475245.4,16.52,207.2576,230.2924,3.88,13.47,8.27,7.624,7.1,7.14,7.67,8.73,9.26,10.16,11.58,-0.6460004,-1.170001,-1.130001,-0.6000004,0.4599991,0.9899998,1.889999,3.309999,115.77,2.1042,202.79,144.47,1.3954,106.0,105.3,102.9,95.5,234.2619,97.6,48.7,109.5,106.1,107.5,117.1,106.6,106.7,112.5,109.9,108.6,109.2,67.89982,96.73863,72.50346,60.38332,10.16,11.85,9.55,88.1
01/01/1986,5334.7,4688.2,41.55241,523565.0,155371.0,62.2864,65.3293,65.4428,69.6543,50.9743,78.5713,47.0682,58.4844,38.8389,82.3814,59.0989,70.136,80.2232,52.9,78.8445,91.0,0.865,108887.0,105600.0,6.7,14.8,3333.0,2414.0,2089.0,1002.0,1087.0,367.1,81995.0,23530.0,851.7,4908.0,17686.0,10921.0,6765.0,75180.0,20598.0,4935.2,11895.4,5977.0,16715.0,40.4,3.4,40.7,45.1,1972.0,322.0,286.0,898.0,466.0,1847.0,277.0,288.0,786.0,496.0,51.2,56.7,50.1,44.9,111845.0,122838.0,26229.0,432237.0,718.68,1.395,621.4,2505.5,168.4,36.74222,204221.0,31563.0,30793.0,351101.0,26.9,478614.7,16.65,208.1941,230.3727,3.9,14.09,8.14,7.584,7.07,7.16,7.73,8.68,9.19,10.05,11.44,-0.5560002,-1.07,-0.9800005,-0.4100003,0.54,1.049999,1.91,3.299999,114.58,2.066,199.89,142.44,1.407,105.5,104.6,102.4,94.2,232.9136,98.5,48.4,109.9,106.1,108.0,118.0,106.9,106.7,113.1,110.4,108.9,109.2,68.19131,96.85301,72.68015,60.7725,10.13,11.77,9.53,85.3
02/01/1986,5361.1,4713.1,41.44773,520587.0,154764.0,61.8194,64.6514,64.7209,69.0005,50.5752,77.7887,46.4904,58.2424,38.7624,82.2497,58.7228,67.9022,77.9286,53.6,78.2442,91.0,0.803,108480.0,105397.0,7.2,15.2,3516.0,2569.0,2308.0,1125.0,1183.0,372.0,82058.0,23485.0,834.4,4904.0,17663.0,10899.0,6764.0,75332.0,20593.0,4933.3,11896.1,6010.0,16759.0,40.0,3.3,40.7,43.0,1848.0,338.0,280.0,747.0,483.0,1767.0,253.0,288.0,754.0,472.0,51.0,57.1,49.8,44.7,110606.0,120428.0,27306.0,434133.0,722.14,1.411,625.2,2516.0,169.4,36.89258,205314.0,31658.0,30775.0,349392.0,-20.5,481880.7,16.7,219.3653,241.9074,3.72,14.27,7.86,7.504,7.06,7.11,7.61,8.34,8.7,9.67,11.11,-0.3559999,-0.8000002,-0.75,-0.25,0.48,0.8399997,1.81,3.25,110.39,1.9547,184.85,142.97,1.4043,104.1,102.8,101.2,90.5,227.6842,98.6,49.7,109.7,105.4,107.0,118.8,106.0,106.3,113.5,110.1,108.6,108.9,68.198,96.67233,72.18393,61.07217,10.14,11.8,9.56,87.8
03/01/1986,5409.6,4755.7,41.58202,521095.0,155578.0,61.4278,64.4867,64.5492,68.7773,50.6087,77.4255,46.545,57.6172,38.5427,82.0163,58.5634,68.0749,76.1701,56.0,77.9422,91.0,0.796,108837.0,105637.0,7.2,14.6,3540.0,2586.0,2261.0,1088.0,1173.0,382.9,82155.0,23428.0,807.9,4914.0,17624.0,10867.0,6757.0,75482.0,20640.0,4923.5,11960.0,6036.0,16755.0,40.0,3.4,40.7,43.4,1876.0,285.0,316.0,782.0,493.0,1780.0,265.0,272.0,717.0,526.0,51.0,54.5,50.5,43.7,107873.0,119233.0,26158.0,438171.0,725.27,1.416,633.5,2536.0,170.7,37.25345,206929.0,32090.0,31330.0,347888.0,-18.0,483198.6,16.66,232.327,256.0363,3.5,15.36,7.48,7.074,6.56,6.57,7.03,7.46,7.78,9.0,10.5,-0.4060001,-0.9200001,-0.9099998,-0.4499998,-0.02,0.3000002,1.52,3.02,108.07,1.915,178.69,146.74,1.4009,102.8,101.0,99.9,88.2,217.425,99.3,49.0,109.1,105.0,103.6,119.7,104.5,106.3,114.1,109.4,107.7,108.3,68.07423,96.78499,71.1833,61.38916,10.15,11.73,9.58,86.9
04/01/1986,5415.0,4759.0,41.83526,531588.0,157779.0,61.4725,64.6738,64.6114,69.1993,50.4369,78.1718,46.2304,57.5116,38.6415,82.1308,58.7892,67.6182,77.6056,52.5,78.1594,91.0,0.798,108952.0,105799.0,7.1,14.7,3598.0,2666.0,2162.0,988.0,1174.0,388.7,82333.0,23427.0,779.2,4950.0,17616.0,10863.0,6753.0,75671.0,20682.0,4934.5,11991.0,6066.0,16765.0,40.0,3.3,40.5,42.2,1933.0,310.0,349.0,761.0,513.0,1858.0,299.0,314.0,728.0,517.0,49.7,54.4,50.7,42.5,110978.0,116857.0,24858.0,435533.0,728.42,1.394,641.0,2560.9,171.4,37.67291,208125.0,32517.0,31625.0,342642.0,-63.0,487617.4,16.83,237.9677,263.8896,3.43,15.93,6.99,6.474,6.06,6.08,6.44,7.05,7.3,8.79,10.19,-0.5159998,-0.9299998,-0.9099998,-0.5499997,0.0600004,0.3100004,1.8,3.2,107.43,1.9016,175.09,149.85,1.3879,102.3,100.3,98.9,85.6,213.8136,98.5,42.8,108.7,105.0,101.0,120.4,103.3,106.2,114.6,108.9,107.0,107.8,67.97723,96.90591,70.53012,61.56683,10.16,11.81,9.56,88.5
05/01/1986,5424.6,4766.3,42.07993,526490.0,159584.0,61.5639,64.8679,64.7118,69.544,50.5699,78.6274,46.1156,57.4935,38.4452,82.5314,58.8756,68.2393,80.5767,55.1,78.1917,90.0,0.782,109089.0,105939.0,7.2,14.7,3586.0,2670.0,2232.0,1064.0,1168.0,384.6,82433.0,23349.0,750.2,4924.0,17593.0,10840.0,6753.0,75874.0,20742.0,4939.6,12035.8,6091.0,16790.0,40.1,3.4,40.7,45.4,1854.0,274.0,252.0,799.0,529.0,1797.0,285.0,296.0,698.0,518.0,53.4,61.1,50.2,46.9,108748.0,115480.0,24986.0,434093.0,727.22,1.406,652.0,2588.3,172.7,37.97874,210154.0,33265.0,32389.0,345052.0,28.9,492220.8,16.93,238.459,266.3795,3.42,16.33,6.85,6.494,6.15,6.19,6.65,7.52,7.71,9.09,10.29,-0.3559999,-0.6999998,-0.6599998,-0.1999998,0.6700001,0.8600001,2.24,3.44,105.09,1.8538,167.03,152.11,1.3757,102.8,101.0,98.7,86.5,215.5619,97.9,49.5,109.0,104.9,101.4,121.2,103.5,106.3,114.8,109.1,107.2,108.0,68.15128,97.23364,70.71777,61.70332,10.19,11.86,9.59,87.5
06/01/1986,5427.3,4768.8,41.98727,529867.0,159221.0,61.3836,64.7995,64.5403,69.6608,51.1934,78.4561,45.6141,57.1954,38.1092,83.0355,58.6855,69.5856,78.1784,53.5,77.8538,92.0,0.793,109576.0,106383.0,7.2,15.2,3489.0,2705.0,2320.0,1040.0,1280.0,370.6,82351.0,23263.0,733.2,4917.0,17530.0,10778.0,6752.0,75867.0,20729.0,4908.7,12051.8,6118.0,16779.0,40.1,3.3,40.7,43.3,1847.0,286.0,294.0,768.0,499.0,1790.0,284.0,289.0,724.0,493.0,50.5,55.3,49.9,44.4,111241.0,116238.0,25236.0,431464.0,728.38,1.399,660.6,2608.5,173.6,38.10551,211794.0,33947.0,33144.0,345978.0,11.1,495646.4,16.96,245.2957,274.5533,3.36,16.75,6.92,6.584,6.21,6.27,6.73,7.64,7.8,9.13,10.34,-0.336,-0.71,-0.6500001,-0.1900001,0.7199998,0.8800001,2.21,3.42,105.92,1.8406,167.54,150.85,1.3899,103.1,101.2,98.6,86.2,216.8667,98.2,51.3,109.4,104.9,102.3,121.8,103.8,106.6,115.5,109.6,107.7,108.5,68.45467,97.61705,70.97074,62.01917,10.18,11.89,9.58,90.3
07/01/1986,5445.2,4777.4,42.25528,532998.0,159977.0,61.768,65.1334,64.9502,70.1264,51.8238,78.8179,45.9181,57.6308,38.5269,83.0044,59.0228,71.7126,77.6519,49.3,78.2095,91.0,0.802,109810.0,106669.0,7.0,15.2,3446.0,2548.0,2269.0,1056.0,1213.0,373.1,82669.0,23235.0,726.6,4930.0,17497.0,10755.0,6742.0,76213.0,20836.0,4948.0,12103.2,6149.0,16779.0,40.0,3.4,40.6,41.9,1782.0,272.0,325.0,712.0,473.0,1780.0,302.0,297.0,701.0,480.0,48.0,51.2,49.9,43.9,109859.0,118117.0,24751.0,430471.0,729.98,1.394,670.3,2630.3,174.7,38.37967,213406.0,34657.0,33916.0,347464.0,17.8,499489.9,17.02,240.18,266.17,3.41,16.48,6.56,6.204,5.83,5.86,6.27,7.06,7.3,8.88,10.16,-0.3559999,-0.73,-0.6999998,-0.29,0.5,0.7400002,2.32,3.6,103.12,1.7445,158.61,150.71,1.3808,102.3,100.2,98.0,86.4,220.6,97.6,49.3,109.5,105.5,101.1,122.5,103.7,106.5,115.7,109.4,107.7,108.5,68.53368,97.84941,70.94271,62.13338,10.2,11.89,9.6,88.5
08/01/1986,5454.3,4794.1,42.44868,533755.0,161368.0,61.6565,65.1757,64.9358,70.0436,52.0094,78.5855,46.0305,57.3546,38.4744,83.8335,59.1646,70.5432,80.051,56.0,78.2956,92.0,0.82,110015.0,106933.0,6.9,15.5,3439.0,2398.0,2276.0,1084.0,1192.0,405.1,82761.0,23225.0,707.6,4943.0,17489.0,10755.0,6734.0,76336.0,20881.0,4939.2,12150.4,6173.0,16800.0,40.2,3.4,40.7,44.5,1807.0,330.0,311.0,708.0,458.0,1726.0,284.0,304.0,662.0,476.0,52.6,58.4,50.8,45.9,110998.0,114292.0,24454.0,427687.0,729.4,1.392,678.7,2650.2,175.9,38.59577,215273.0,35191.0,34319.0,351931.0,53.6,502045.8,17.06,245.0009,270.2248,3.36,16.99,6.17,5.794,5.53,5.55,5.93,6.8,7.17,8.72,10.18,-0.3759999,-0.6399999,-0.6199999,-0.2400002,0.6300001,1.0,2.55,4.01,101.48,1.6616,154.18,148.61,1.3885,102.7,100.7,98.0,86.7,209.7762,98.2,51.5,109.6,106.4,100.1,123.2,103.6,106.7,116.1,109.4,107.8,108.6,68.66556,98.04336,71.00199,62.29217,10.22,11.94,9.61,85.9
09/01/1986,5456.4,4795.9,43.38139,546418.0,170261.0,61.7722,65.2279,64.9604,70.1229,52.4989,78.4318,45.985,57.5373,38.8349,83.3519,59.2922,70.0132,78.7204,56.5,78.3504,93.0,0.821,110085.0,106914.0,7.0,15.4,3405.0,2642.0,2318.0,1081.0,1237.0,395.5,82997.0,23216.0,692.5,4939.0,17498.0,10741.0,6757.0,76691.0,20929.0,4938.5,12193.7,6197.0,16910.0,40.2,3.4,40.7,43.9,1687.0,295.0,269.0,698.0,425.0,1686.0,304.0,273.0,631.0,478.0,52.4,57.3,49.6,48.2,113341.0,120003.0,25503.0,430049.0,727.19,1.355,687.4,2671.8,176.8,38.76778,216763.0,35621.0,34613.0,351008.0,-11.1,508775.8,17.18,238.269,263.6209,3.43,16.44,5.89,5.554,5.21,5.35,5.77,6.92,7.45,8.89,10.2,-0.336,-0.6799998,-0.54,-0.1199999,1.03,1.56,3.0,4.31,101.31,1.6537,154.73,146.98,1.3872,102.9,100.9,98.5,86.6,213.219,98.7,57.1,110.0,106.9,100.6,124.0,104.0,106.9,116.5,109.9,108.1,109.0,68.91805,98.1823,71.22203,62.5794,10.21,11.96,9.6,81.3
10/01/1986,5456.7,4795.7,42.74451,538701.0,163310.0,62.0512,65.4455,65.1437,70.4453,52.5429,78.9029,45.854,57.88,38.8939,84.4455,59.5219,70.2025,77.6825,54.2,78.526,93.0,0.809,110273.0,107145.0,7.0,15.2,3416.0,2599.0,2188.0,974.0,1214.0,376.6,83125.0,23208.0,690.3,4954.0,17477.0,10713.0,6764.0,76886.0,20947.0,4937.6,12207.7,6215.0,16969.0,40.0,3.4,40.6,43.7,1681.0,281.0,263.0,683.0,454.0,1675.0,273.0,264.0,633.0,505.0,51.2,54.5,51.3,48.2,112682.0,117162.0,26279.0,428593.0,728.68,1.377,694.9,2691.7,178.2,38.98121,218635.0,36262.0,35420.0,352769.0,21.1,514880.8,17.35,237.3561,263.0878,3.49,16.12,5.85,5.554,5.18,5.26,5.72,6.83,7.43,8.86,10.24,-0.296,-0.6700001,-0.5899997,-0.1300001,0.98,1.58,3.01,4.39,101.1,1.6433,156.47,142.64,1.3885,103.5,101.5,98.3,87.4,222.5565,99.0,56.9,110.2,106.6,100.5,124.7,104.0,106.8,116.9,110.0,108.1,109.1,69.05122,98.28554,71.13475,62.83364,10.25,12.04,9.62,87.1
11/01/1986,5476.3,4816.6,42.60471,537050.0,162254.0,62.3425,65.7418,65.5141,70.9407,53.2035,79.2934,45.9689,58.163,39.1053,84.6879,59.8106,70.0277,79.0473,54.7,78.7641,97.0,0.863,110475.0,107255.0,6.9,15.0,3343.0,2630.0,2202.0,1037.0,1165.0,363.1,83275.0,23204.0,685.4,4960.0,17472.0,10705.0,6767.0,77076.0,20974.0,4939.9,12223.0,6236.0,17005.0,40.0,3.4,40.7,42.2,1623.0,271.0,271.0,610.0,471.0,1644.0,265.0,295.0,607.0,477.0,51.2,57.0,52.0,42.2,111305.0,117087.0,25570.0,429155.0,729.07,1.383,705.4,2705.4,179.2,39.09219,220714.0,37270.0,36519.0,353255.0,5.8,513804.2,17.25,245.0926,272.7895,3.4,16.63,6.04,5.634,5.35,5.41,5.8,6.76,7.25,8.68,10.07,-0.4060001,-0.6900001,-0.6300001,-0.2399998,0.7200003,1.21,2.64,4.03,102.55,1.6858,162.85,142.38,1.3863,103.4,101.4,98.3,87.6,227.2316,98.9,57.1,110.4,106.9,100.8,125.5,104.2,106.8,117.2,110.2,108.4,109.3,69.20564,98.54472,71.23541,63.00227,10.28,12.13,9.64,81.6
12/01/1986,5480.4,4818.9,43.549,548293.0,168902.0,62.8974,66.3839,66.1081,71.5985,54.1906,79.7501,46.4514,58.6181,39.4109,85.6244,60.338,71.2549,79.2897,53.0,79.3023,92.0,0.856,110728.0,107580.0,6.6,15.0,3297.0,2397.0,2161.0,1011.0,1150.0,358.4,83463.0,23237.0,679.8,4993.0,17478.0,10701.0,6777.0,77247.0,20994.0,4944.0,12234.7,6264.0,17021.0,40.1,3.5,40.8,44.5,1833.0,312.0,365.0,615.0,541.0,1903.0,292.0,313.0,591.0,707.0,50.5,55.4,52.8,38.4,115681.0,121199.0,26956.0,429687.0,725.4,1.346,724.7,2732.2,180.4,39.40547,223416.0,38840.0,38014.0,358781.0,66.3,513682.1,17.23,248.6055,276.6873,3.38,16.77,6.91,5.974,5.53,5.55,5.87,6.67,7.11,8.49,9.97,-0.9359999,-1.38,-1.36,-1.04,-0.2399998,0.2000003,1.58,3.06,101.67,1.6647,162.05,143.93,1.3801,103.6,101.5,98.5,86.9,227.9318,98.5,57.0,110.8,107.2,101.1,126.2,104.5,106.8,117.5,110.5,108.7,109.6,69.33555,98.82247,71.4944,63.03839,10.3,12.15,9.66,78.3
01/01/1987,5482.0,4821.5,42.43915,530984.0,156367.0,62.6915,66.0801,65.748,70.882,53.9184,78.7996,46.5526,58.5196,39.3279,85.1768,60.1708,68.3568,79.9331,60.7,78.9152,91.0,0.855,110953.0,107810.0,6.6,14.9,3390.0,2399.0,2168.0,1028.0,1140.0,351.4,83610.0,23232.0,675.9,5007.0,17465.0,10688.0,6777.0,77423.0,20999.0,4954.5,12222.7,6282.0,17045.0,40.4,3.5,40.8,47.3,1774.0,302.0,423.0,609.0,440.0,1690.0,286.0,351.0,570.0,483.0,54.9,59.8,51.5,46.3,112691.0,115634.0,25939.0,427187.0,728.76,1.397,730.2,2747.9,181.9,39.40149,225346.0,39244.0,38664.0,366490.0,92.5,512159.6,17.08,264.5114,296.0957,3.17,17.89,6.43,5.714,5.43,5.44,5.78,6.64,7.08,8.36,9.72,-0.7159996,-1.0,-0.9899998,-0.6499996,0.21,0.6500001,1.93,3.29,97.32,1.5616,154.83,150.54,1.3605,104.1,102.1,99.0,89.3,229.9905,99.1,61.1,111.4,108.0,102.6,126.7,105.5,106.9,117.9,111.3,109.5,110.4,69.74101,99.22618,72.25906,63.25434,10.29,12.03,9.67,80.9
02/01/1987,5498.2,4836.6,43.23366,550137.0,163320.0,63.4964,66.9611,66.6842,71.738,54.6912,79.6814,47.667,59.2345,40.173,86.0397,61.0377,69.9512,79.7096,57.3,79.8703,95.0,0.895,111257.0,108049.0,6.6,14.7,3323.0,2415.0,2117.0,1004.0,1113.0,348.7,83851.0,23296.0,674.6,5038.0,17499.0,10714.0,6785.0,77591.0,21044.0,4965.8,12248.1,6303.0,17036.0,40.7,3.7,41.2,46.6,1784.0,262.0,360.0,661.0,501.0,1689.0,306.0,371.0,603.0,409.0,52.6,55.4,51.2,46.7,118710.0,120452.0,25546.0,425504.0,730.85,1.352,730.7,2751.6,183.3,39.30352,226567.0,39006.0,38450.0,364936.0,-18.6,510108.3,16.95,280.9342,318.1774,3.02,18.94,6.1,5.924,5.59,5.59,5.96,6.79,7.25,8.38,9.65,-0.1760001,-0.5099998,-0.5099998,-0.1399999,0.6900001,1.15,2.28,3.55,95.98,1.5403,153.41,152.8,1.334,104.4,102.5,99.8,90.2,226.1632,99.1,62.5,111.8,108.6,103.5,127.2,106.1,106.7,118.3,111.8,110.0,110.9,70.009,99.36231,72.83168,63.37523,10.29,11.99,9.69,81.6
03/01/1987,5512.0,4851.3,43.28533,550665.0,164060.0,63.6002,67.0405,66.7254,71.9555,54.4466,80.1566,47.4554,59.3635,40.3018,85.9281,61.091,70.7007,81.1444,57.6,79.7489,99.0,0.934,111408.0,108194.0,6.6,14.9,3386.0,2393.0,2070.0,949.0,1121.0,333.3,84072.0,23307.0,675.8,5039.0,17507.0,10713.0,6794.0,77829.0,21111.0,4970.2,12304.9,6327.0,17064.0,40.4,3.7,41.0,48.3,1726.0,292.0,333.0,628.0,473.0,1704.0,317.0,319.0,625.0,443.0,55.0,61.6,51.9,46.5,119166.0,123929.0,24760.0,427650.0,735.19,1.359,733.8,2757.6,184.0,39.2956,227083.0,38827.0,38300.0,363447.0,-17.9,508095.9,16.83,292.4714,334.65,2.9,19.71,6.13,6.034,5.59,5.6,6.03,6.79,7.25,8.36,9.61,-0.0960002,-0.54,-0.5300002,-0.0999999,0.6599998,1.12,2.23,3.48,95.09,1.5391,151.43,159.23,1.3194,104.5,102.6,99.9,90.5,226.8045,100.2,62.7,112.2,109.2,103.8,127.8,106.5,107.1,118.6,112.1,110.4,111.2,70.17579,99.61249,73.02675,63.50915,10.33,12.12,9.71,83.3
04/01/1987,5507.2,4846.9,43.50054,549084.0,164962.0,63.9572,67.273,66.8311,71.8817,54.0567,80.2639,47.8141,59.8535,40.5167,86.9869,61.3967,71.4681,82.371,59.3,79.9506,97.0,0.953,111794.0,108548.0,6.3,14.8,3162.0,2236.0,2091.0,1012.0,1079.0,336.2,84365.0,23342.0,678.6,5053.0,17525.0,10715.0,6810.0,78132.0,21192.0,4981.9,12353.5,6358.0,17109.0,40.2,3.3,40.8,51.3,1614.0,258.0,290.0,662.0,404.0,1601.0,287.0,298.0,604.0,412.0,55.5,59.8,52.8,45.9,118220.0,125245.0,26220.0,432916.0,737.83,1.368,743.9,2771.8,185.3,39.38811,228964.0,39533.0,38540.0,363216.0,-2.8,510909.6,16.94,289.3224,335.429,2.99,19.97,6.37,6.324,5.64,5.9,6.5,7.57,8.02,8.85,10.04,-0.046,-0.73,-0.4699998,0.1300001,1.2,1.650001,2.48,3.67,93.09,1.4968,143.0,162.99,1.3183,105.1,103.3,100.3,92.5,232.8733,101.8,65.6,112.7,109.8,104.3,128.6,106.9,107.7,119.2,112.7,110.8,111.7,70.3715,99.97178,73.22383,63.67669,10.33,12.1,9.71,84.7
05/01/1987,5537.2,4869.5,43.51884,548168.0,164695.0,64.4064,67.8407,67.335,72.4253,54.4064,80.9037,48.3222,60.1687,40.809,87.6051,61.8704,71.8358,82.6229,60.6,80.3664,99.0,0.969,112434.0,109089.0,6.3,14.9,3315.0,2100.0,2104.0,992.0,1112.0,331.1,84589.0,23390.0,681.6,5080.0,17542.0,10724.0,6818.0,78311.0,21219.0,4985.4,12372.9,6376.0,17112.0,40.5,3.7,41.0,50.9,1628.0,302.0,306.0,629.0,391.0,1500.0,267.0,278.0,576.0,379.0,57.2,63.4,54.0,47.5,118504.0,126015.0,28262.0,439662.0,741.44,1.377,745.8,2777.1,186.5,39.36609,230521.0,39812.0,38776.0,362718.0,-6.0,511163.5,16.86,289.1155,336.1045,3.02,19.06,6.85,6.804,5.66,6.05,7.0,8.26,8.61,9.33,10.51,-0.046,-1.19,-0.7999997,0.1500001,1.41,1.76,2.48,3.66,92.52,1.4705,140.48,166.66,1.3411,105.2,103.4,100.8,93.8,247.75,104.6,67.6,113.0,110.3,104.4,129.2,107.2,107.9,119.6,113.0,111.1,112.0,70.54549,100.1226,73.3796,63.85905,10.36,12.14,9.73,80.6
06/01/1987,5533.6,4874.3,43.69963,550903.0,166293.0,64.734,68.1196,67.6092,72.5249,53.8733,81.359,48.892,60.547,40.9941,87.949,62.113,72.8407,83.3317,60.1,80.4816,100.0,1.002,112246.0,109030.0,6.2,14.9,3167.0,2173.0,2087.0,1012.0,1075.0,322.0,84748.0,23390.0,682.1,5086.0,17537.0,10721.0,6816.0,78482.0,21275.0,4990.7,12410.3,6388.0,17124.0,40.3,3.6,40.9,51.4,1594.0,259.0,293.0,602.0,440.0,1522.0,272.0,268.0,587.0,395.0,57.4,61.2,56.8,52.4,120583.0,127574.0,28215.0,445645.0,743.0,1.373,743.2,2778.7,187.6,39.23657,231302.0,39462.0,38685.0,363766.0,12.6,513063.7,16.91,301.3841,349.5759,2.92,19.87,6.73,6.794,5.67,5.99,6.8,8.02,8.4,9.32,10.52,0.0640001,-1.06,-0.7400002,0.0700002,1.29,1.67,2.59,3.79,93.88,1.5085,144.55,162.88,1.3387,105.5,103.8,101.4,94.5,250.2818,106.0,72.6,113.5,110.3,105.1,130.0,107.7,108.2,120.0,113.4,111.6,112.5,70.81914,100.4189,73.71865,64.09605,10.37,12.19,9.74,80.8
07/01/1987,5550.7,4890.9,43.90821,555681.0,167010.0,65.1356,68.4801,67.9646,72.9459,53.714,82.0973,49.0816,60.9905,41.3017,89.237,62.5448,73.2881,84.1998,62.5,80.848,100.0,1.02,112634.0,109399.0,6.1,14.2,3217.0,2146.0,1921.0,938.0,983.0,324.8,85058.0,23455.0,684.2,5092.0,17593.0,10725.0,6868.0,78763.0,21329.0,4999.4,12448.7,6408.0,17160.0,40.4,3.7,41.0,46.6,1575.0,267.0,244.0,636.0,428.0,1516.0,279.0,266.0,553.0,418.0,57.5,64.0,58.9,44.7,122108.0,130111.0,29735.0,451631.0,742.28,1.36,743.0,2783.2,188.7,39.19106,231973.0,39080.0,38408.0,362668.0,-13.2,515262.4,16.94,310.0873,362.3568,2.83,20.47,6.58,6.524,5.69,5.76,6.68,8.01,8.45,9.42,10.61,-0.0559998,-0.8899999,-0.8199997,0.0999999,1.43,1.87,2.84,4.03,95.15,1.5365,150.29,160.9,1.3262,105.7,104.0,101.9,95.6,253.5364,109.1,74.3,113.8,110.3,105.9,130.6,108.0,108.6,120.3,113.7,111.9,112.7,71.01619,100.6984,73.86774,64.30365,10.36,12.13,9.74,83.3
08/01/1987,5580.5,4923.7,44.24457,553231.0,169512.0,65.5944,68.9957,68.5539,73.4272,54.2301,82.5469,49.6747,61.3831,41.6629,88.9959,62.8407,75.9937,83.3439,64.2,81.0502,104.0,1.062,113057.0,109945.0,6.0,14.4,3191.0,2155.0,1878.0,833.0,1045.0,320.2,85216.0,23506.0,688.5,5102.0,17630.0,10781.0,6849.0,78882.0,21365.0,5012.8,12458.7,6419.0,17172.0,40.3,3.7,40.9,52.4,1605.0,264.0,290.0,632.0,419.0,1511.0,259.0,252.0,598.0,402.0,59.3,62.7,60.3,49.3,120008.0,124054.0,26708.0,454994.0,741.48,1.365,744.9,2792.2,190.0,39.15374,233529.0,39208.0,38561.0,359989.0,-32.1,518353.9,16.89,329.3581,384.9414,2.69,22.33,6.73,6.584,6.04,6.15,7.03,8.32,8.76,9.67,10.8,-0.1459999,-0.6900001,-0.5799999,0.3000002,1.59,2.03,2.94,4.07,95.04,1.5364,147.33,159.96,1.3256,105.9,104.2,102.4,96.5,252.8157,112.0,77.4,114.3,111.0,106.6,131.2,108.5,108.9,120.9,114.3,112.4,113.3,71.31375,100.9067,74.18871,64.60619,10.41,12.17,9.8,85.8
09/01/1987,5584.0,4928.7,44.03548,559328.0,166845.0,65.7843,69.1267,68.663,73.0668,54.7728,81.6866,50.4517,61.6363,41.8717,89.455,63.2219,70.927,84.7222,65.5,81.3752,103.0,1.075,112909.0,109720.0,5.9,14.2,3224.0,2031.0,1866.0,877.0,989.0,305.8,85482.0,23566.0,693.6,5096.0,17691.0,10815.0,6876.0,79051.0,21430.0,5024.2,12489.4,6427.0,17135.0,40.1,3.6,40.8,54.5,1695.0,263.0,310.0,706.0,416.0,1514.0,248.0,284.0,577.0,405.0,60.1,62.1,61.5,49.2,122973.0,126103.0,26754.0,455770.0,744.37,1.355,747.6,2803.5,191.4,39.17558,234708.0,39118.0,38178.0,363258.0,39.2,519750.3,16.92,318.6609,372.4862,2.78,22.1,7.22,7.244,6.4,6.64,7.67,8.94,9.42,10.18,11.31,0.0240002,-0.8199997,-0.5799999,0.4500003,1.72,2.2,2.960001,4.090001,92.96,1.5029,143.29,164.46,1.3154,106.2,104.5,102.6,96.0,255.7238,114.2,77.3,114.7,111.6,106.9,131.9,108.8,108.9,121.4,114.7,112.7,113.6,71.56243,101.1671,74.35732,64.89131,10.44,12.16,9.85,84.2
10/01/1987,5623.2,4966.5,44.03132,558683.0,166020.0,66.7698,70.1907,69.8486,74.3728,56.5832,82.6809,51.5913,62.5284,43.0598,89.7197,64.2417,72.9966,85.214,63.2,82.5353,104.0,1.067,113282.0,110063.0,6.0,14.0,3241.0,2162.0,1794.0,838.0,956.0,299.9,85840.0,23655.0,699.8,5142.0,17729.0,10843.0,6886.0,79454.0,21519.0,5038.4,12555.8,6442.0,17269.0,40.5,3.8,41.1,54.6,1515.0,264.0,248.0,612.0,391.0,1447.0,244.0,279.0,554.0,370.0,60.7,65.3,62.2,50.7,124126.0,128622.0,28089.0,458771.0,750.44,1.368,756.2,2819.1,193.1,39.28588,237110.0,39826.0,38883.0,366003.0,32.9,523110.1,16.88,280.1641,323.1259,3.25,19.34,7.29,7.764,6.13,6.69,7.59,9.08,9.52,10.52,11.62,0.474,-1.16,-0.5999999,0.3000002,1.79,2.23,3.23,4.33,92.63,1.494,143.32,166.2,1.3097,106.0,104.4,103.1,95.8,255.9273,116.7,78.1,115.0,112.3,107.0,132.4,109.0,109.0,121.8,115.1,112.9,114.0,71.75861,101.3374,74.51043,65.11343,10.45,12.19,9.84,80.4
11/01/1987,5646.7,4991.9,44.07371,557135.0,166356.0,67.1335,70.3784,70.1045,74.436,56.5057,82.82,52.1276,63.0826,43.4799,90.6261,64.643,71.4473,86.1819,61.9,82.915,106.0,1.117,113505.0,110360.0,5.8,14.0,3172.0,2083.0,1797.0,871.0,926.0,306.9,86041.0,23711.0,697.0,5152.0,17775.0,10867.0,6908.0,79629.0,21560.0,5049.1,12579.6,6441.0,17299.0,40.4,3.8,41.0,53.7,1656.0,263.0,333.0,639.0,421.0,1457.0,270.0,267.0,542.0,378.0,58.8,59.3,64.9,51.2,124701.0,128557.0,28354.0,460608.0,755.15,1.381,753.2,2823.8,195.2,39.26877,238807.0,39334.0,38709.0,364818.0,-14.2,526691.1,16.86,245.0085,280.1075,3.66,15.81,6.69,7.044,5.69,6.19,6.96,8.35,8.86,10.01,11.23,0.3540001,-1.0,-0.5,0.27,1.66,2.17,3.32,4.539999,88.88,1.3825,135.4,177.54,1.3167,106.0,104.3,103.5,95.1,253.5,118.5,79.2,115.4,113.0,107.3,133.0,109.3,109.3,122.2,115.5,113.3,114.3,71.90956,101.3899,74.64127,65.28928,10.5,12.3,9.87,72.7
12/01/1987,5703.4,5047.2,44.40732,561856.0,168449.0,67.4453,70.6961,70.4368,74.5598,56.0851,83.242,52.6641,63.3858,43.8522,91.2658,65.0161,71.4075,86.9134,65.1,83.2751,101.0,1.08,113793.0,110580.0,5.7,14.2,3178.0,1979.0,1767.0,867.0,900.0,317.7,86287.0,23772.0,696.1,5180.0,17809.0,10895.0,6914.0,79862.0,21592.0,5064.4,12589.7,6451.0,17347.0,40.5,3.9,41.0,59.1,1400.0,234.0,269.0,577.0,320.0,1345.0,254.0,232.0,479.0,380.0,61.0,61.5,62.7,50.8,125073.0,129492.0,30761.0,462671.0,760.66,1.379,750.2,2831.3,196.7,39.30278,239829.0,38913.0,38135.0,367421.0,31.2,525464.9,16.7,240.955,277.6777,3.71,15.41,6.77,7.484,5.77,6.36,7.17,8.45,8.99,10.11,11.29,0.7140002,-1.0,-0.4099998,0.4000001,1.68,2.22,3.34,4.52,86.42,1.3304,128.24,182.88,1.3075,105.8,104.1,103.8,94.9,255.5759,124.1,80.2,115.6,112.7,107.2,133.5,109.3,109.1,122.6,115.7,113.4,114.5,72.03817,101.1646,74.70381,65.51441,10.5,12.2,9.89,76.7
01/01/1988,5685.5,5014.2,44.75763,560574.0,168772.0,67.457,70.9272,70.7894,74.9077,55.8432,83.9075,52.7188,63.1573,43.7864,90.2903,64.8918,75.4703,87.012,59.3,83.0159,102.0,1.088,114016.0,110769.0,5.7,14.2,3086.0,2151.0,1714.0,845.0,869.0,340.5,86363.0,23668.0,692.4,5094.0,17790.0,10867.0,6923.0,80060.0,21601.0,5058.1,12578.7,6466.0,17365.0,40.3,3.9,41.1,51.2,1271.0,263.0,205.0,437.0,366.0,1244.0,255.0,221.0,422.0,346.0,57.5,60.3,62.0,50.7,124047.0,131203.0,32529.0,467509.0,760.82,1.383,756.2,2852.3,197.9,39.41879,241825.0,39464.0,38383.0,507417.0,48.75,527589.1,16.83,250.4765,288.3565,3.66,15.71,6.83,6.744,5.81,6.25,6.99,8.18,8.67,9.88,11.07,-0.086,-1.02,-0.5799999,0.1599998,1.35,1.84,3.05,4.24,86.3,1.3466,127.69,180.09,1.2855,106.4,104.6,104.1,94.2,260.745,127.5,78.7,116.0,113.2,107.0,134.4,109.5,108.9,123.0,116.0,113.6,114.8,72.35889,100.9583,74.97204,65.94385,10.54,12.44,9.91,80.9
02/01/1988,5708.5,5037.7,44.78765,566909.0,170035.0,67.7182,71.2198,71.0094,75.2637,55.8365,84.455,52.9288,63.3825,43.687,90.8336,65.0026,77.3359,88.295,58.6,83.0735,102.0,1.091,114227.0,111026.0,5.7,14.4,3057.0,2110.0,1738.0,850.0,888.0,318.9,86791.0,23769.0,691.6,5162.0,17823.0,10890.0,6933.0,80411.0,21720.0,5081.8,12669.7,6472.0,17389.0,40.4,3.7,41.1,52.5,1473.0,278.0,253.0,580.0,362.0,1438.0,248.0,256.0,568.0,366.0,56.2,57.0,61.2,48.1,126935.0,132259.0,31767.0,472046.0,764.63,1.374,757.7,2875.2,198.9,39.6685,242804.0,39406.0,39010.0,512944.0,66.3,530429.9,16.83,258.128,296.4555,3.56,15.86,6.58,6.454,5.66,5.93,6.64,7.71,8.21,9.4,10.62,-0.1259999,-0.9200001,-0.6500001,0.0599999,1.13,1.63,2.82,4.04,87.38,1.3916,129.17,175.82,1.2682,106.3,104.4,104.4,95.2,258.915,124.8,81.2,116.2,112.1,107.0,135.2,109.5,109.1,123.5,116.2,113.7,115.0,72.48067,100.9206,74.86134,66.2143,10.53,12.32,9.92,81.9
03/01/1988,5727.1,5046.9,45.1739,575990.0,172487.0,67.8954,71.3202,71.1294,75.2439,56.3621,84.1359,53.4039,63.6425,43.9338,91.0844,65.2145,75.5695,88.4236,57.7,83.2738,104.0,1.121,114037.0,110868.0,5.7,13.7,3042.0,2087.0,1744.0,896.0,848.0,306.0,87009.0,23824.0,690.6,5201.0,17844.0,10906.0,6938.0,80632.0,21780.0,5099.2,12703.8,6483.0,17447.0,40.4,3.7,40.9,50.2,1532.0,294.0,247.0,580.0,411.0,1525.0,298.0,277.0,551.0,399.0,54.6,57.9,57.3,41.9,128358.0,131006.0,29772.0,472227.0,766.43,1.355,761.8,2895.5,200.2,39.81106,243750.0,39266.0,37514.0,515971.0,36.3,533175.3,16.82,265.7374,308.0352,3.48,15.22,6.58,6.494,5.7,5.91,6.71,7.83,8.37,9.39,10.57,-0.086,-0.8800001,-0.6700001,0.1300001,1.25,1.79,2.81,3.99,86.01,1.3863,127.11,183.3,1.2492,106.6,104.7,104.8,94.1,258.4913,125.7,74.5,116.5,113.4,107.0,135.8,109.8,109.5,123.9,116.7,114.1,115.3,72.73105,101.2132,75.06173,66.48558,10.56,12.31,9.94,85.2
04/01/1988,5727.6,5055.3,44.99023,572901.0,170904.0,68.2707,71.6759,71.6057,75.7439,57.6952,84.1709,54.0308,64.0366,44.4448,91.6771,65.7815,73.4709,88.8516,59.1,83.9383,102.0,1.146,114650.0,111426.0,5.4,13.3,3107.0,1930.0,1563.0,753.0,810.0,313.2,87249.0,23880.0,690.0,5227.0,17874.0,10936.0,6938.0,80821.0,21837.0,5116.3,12735.3,6489.0,17452.0,40.4,3.9,41.0,49.2,1573.0,255.0,327.0,602.0,389.0,1429.0,244.0,268.0,518.0,399.0,55.8,57.6,58.6,51.0,128460.0,130961.0,30785.0,472953.0,768.57,1.366,768.1,2915.6,201.8,39.89439,245760.0,39622.0,36628.0,523015.0,84.5,536777.3,16.86,262.6125,305.7815,3.57,15.1,6.87,6.734,5.91,6.21,7.01,8.19,8.72,9.67,10.9,-0.1359997,-0.96,-0.6599998,0.1400003,1.32,1.85,2.8,4.03,85.07,1.3823,124.9,187.82,1.2353,107.0,105.2,105.5,95.4,262.195,128.9,81.0,117.2,115.1,107.5,136.7,110.5,109.7,124.4,117.3,114.8,116.0,73.08296,101.3804,75.56799,66.78071,10.62,12.43,9.99,82.4
05/01/1988,5735.0,5063.3,45.27901,574699.0,172117.0,68.2084,71.5062,71.5052,75.4647,57.7311,83.7245,54.1961,64.0921,44.7766,90.7189,65.6947,73.5678,87.1777,58.0,83.774,105.0,1.148,114292.0,111171.0,5.6,13.8,3095.0,2036.0,1647.0,801.0,846.0,314.1,87447.0,23896.0,688.3,5228.0,17892.0,10946.0,6946.0,81032.0,21903.0,5132.4,12776.1,6490.0,17481.0,40.4,3.9,41.0,50.4,1421.0,205.0,275.0,570.0,371.0,1444.0,241.0,268.0,533.0,402.0,55.5,57.7,56.9,51.2,130407.0,132441.0,28760.0,474230.0,769.98,1.364,771.7,2931.0,203.2,39.99127,247434.0,39958.0,37380.0,523732.0,8.6,539296.3,16.89,256.1238,297.3852,3.8,14.13,7.09,7.064,6.26,6.56,7.4,8.58,9.09,9.9,11.04,-0.026,-0.8299999,-0.5300002,0.3099999,1.49,2.0,2.809999,3.95,85.39,1.4111,124.79,186.95,1.2373,107.2,105.4,106.2,95.8,268.3524,129.3,81.5,117.5,115.1,107.9,137.6,110.7,109.9,124.8,117.6,115.1,116.3,73.291,101.4948,75.71442,67.03803,10.65,12.45,10.02,87.3
06/01/1988,5751.7,5080.5,45.41351,580333.0,172479.0,68.3702,71.6049,71.6181,75.475,57.9874,83.6005,54.6375,64.3218,44.7337,91.2949,65.7821,73.7643,85.7406,61.7,83.8331,102.0,1.166,114927.0,111816.0,5.4,13.1,3101.0,1924.0,1531.0,726.0,805.0,307.0,87776.0,23951.0,686.0,5261.0,17916.0,10969.0,6947.0,81340.0,21985.0,5154.2,12825.8,6499.0,17515.0,40.5,3.9,41.1,50.5,1478.0,249.0,268.0,576.0,385.0,1485.0,235.0,278.0,564.0,408.0,59.3,63.6,65.6,48.2,132275.0,135591.0,31522.0,477197.0,775.03,1.36,778.3,2943.2,204.6,39.98627,249160.0,40277.0,37195.0,526544.0,33.7,540226.0,16.84,270.6827,312.7755,3.58,14.61,7.51,7.364,6.46,6.71,7.49,8.49,8.92,9.86,11.0,-0.1460004,-1.05,-0.8000002,-0.0200005,0.9799995,1.41,2.349999,3.49,86.86,1.4629,127.47,177.68,1.2176,107.5,105.7,107.4,97.0,280.9273,131.7,80.7,118.0,115.5,108.3,138.3,111.2,110.2,125.4,118.0,115.6,116.7,73.60526,101.7564,75.98484,67.37981,10.68,12.49,10.04,85.7
07/01/1988,5778.6,5107.6,45.50986,577980.0,172080.0,68.4896,71.6384,71.5671,75.4492,56.6319,84.2919,54.3825,64.5339,44.9519,91.6646,65.8594,75.5972,86.6813,61.2,83.8771,104.0,1.167,115060.0,112000.0,5.4,13.4,2998.0,2067.0,1601.0,805.0,796.0,325.9,88020.0,23966.0,683.4,5270.0,17926.0,10988.0,6938.0,81548.0,22048.0,5166.6,12864.0,6507.0,17494.0,40.5,3.8,41.1,52.5,1467.0,255.0,283.0,562.0,367.0,1439.0,229.0,257.0,552.0,401.0,58.2,60.6,58.4,54.5,131905.0,134534.0,32897.0,479348.0,775.6,1.367,781.4,2953.0,206.1,39.931,251001.0,40514.0,37075.0,527381.0,10.0,542093.8,16.76,269.0495,310.871,3.65,14.44,7.75,7.694,6.73,6.99,7.75,8.66,9.06,9.96,11.11,-0.0560002,-1.02,-0.7600002,0.0,0.9099998,1.31,2.21,3.36,89.7,1.5343,133.02,170.51,1.2075,108.4,106.6,108.3,96.7,281.605,132.8,81.0,118.5,115.9,108.8,139.1,111.9,110.5,125.8,118.5,116.2,117.3,73.95258,101.9276,76.55034,67.64259,10.71,12.56,10.05,82.3
08/01/1988,5783.9,5111.0,45.71412,578314.0,172848.0,68.8182,72.0239,71.9724,76.0242,57.1737,84.8736,54.6232,64.798,44.9079,91.8487,65.9231,80.5002,87.4339,57.8,83.8963,104.0,1.127,115282.0,112163.0,5.6,13.6,3172.0,1973.0,1639.0,844.0,795.0,314.9,88091.0,23926.0,680.8,5268.0,17891.0,10975.0,6916.0,81709.0,22094.0,5178.4,12895.0,6505.0,17544.0,40.3,3.7,40.9,51.2,1493.0,230.0,251.0,580.0,432.0,1460.0,216.0,248.0,556.0,440.0,56.0,59.2,57.4,49.4,131840.0,135498.0,35272.0,483225.0,779.99,1.374,783.3,2958.1,207.1,39.89024,252064.0,40470.0,37229.0,526556.0,-9.9,545666.7,16.82,263.7265,303.1157,3.75,13.78,8.01,8.134,7.06,7.39,8.17,8.94,9.26,10.11,11.21,0.1239996,-0.9500003,-0.6200004,0.1599998,0.9299994,1.25,2.099999,3.2,91.03,1.5837,133.77,169.65,1.2237,108.8,107.1,108.5,97.0,279.4913,132.9,78.2,119.0,114.5,109.7,139.8,112.2,110.8,126.4,118.8,116.6,117.7,74.15598,102.1895,76.5855,67.9227,10.72,12.56,10.07,88.8
09/01/1988,5789.8,5117.6,45.58876,580602.0,171580.0,68.6025,71.8624,71.8679,75.51,58.3603,83.4465,55.1762,64.5251,45.2474,91.7056,66.1456,74.5082,85.7119,54.8,84.107,100.0,1.123,115356.0,112191.0,5.4,13.6,3152.0,1880.0,1569.0,756.0,813.0,300.9,88341.0,23942.0,675.0,5270.0,17914.0,10992.0,6922.0,82033.0,22128.0,5191.5,12908.8,6509.0,17634.0,40.3,3.8,41.0,50.2,1492.0,216.0,263.0,591.0,422.0,1436.0,190.0,259.0,542.0,445.0,54.6,58.6,55.2,49.5,133910.0,134980.0,32413.0,483902.0,782.84,1.374,783.7,2963.0,208.6,39.76933,253358.0,40343.0,37503.0,525031.0,-18.3,545467.6,16.76,267.97,307.4014,3.69,12.38,8.19,8.044,7.24,7.43,8.09,8.69,8.98,9.82,10.9,-0.1459999,-0.9499998,-0.7599998,-0.0999994,0.5,0.79,1.63,2.71,91.02,1.5763,134.32,168.4,1.2267,109.0,107.3,108.7,97.0,275.3714,134.8,72.8,119.5,116.3,109.9,140.5,112.8,111.2,126.9,119.4,117.2,118.3,74.50465,102.5604,77.01097,68.22717,10.76,12.61,10.12,89.5
10/01/1988,5818.5,5145.2,45.9837,585109.0,174761.0,68.9896,72.3873,72.4597,76.1673,58.9439,84.1308,55.693,64.7592,45.5666,92.1227,66.5424,76.3075,86.9099,58.7,84.5261,104.0,1.174,115638.0,112407.0,5.4,13.4,3106.0,1864.0,1562.0,794.0,768.0,291.4,88573.0,23987.0,671.9,5262.0,17966.0,11026.0,6940.0,82256.0,22148.0,5204.6,12903.6,6517.0,17670.0,40.5,3.9,41.1,52.4,1522.0,192.0,270.0,585.0,475.0,1516.0,218.0,260.0,568.0,470.0,55.5,57.2,54.8,49.2,134385.0,136109.0,30987.0,486433.0,783.54,1.364,783.3,2971.4,209.7,39.76222,254579.0,40422.0,38123.0,529209.0,50.1,546273.2,16.7,277.3957,319.0452,3.61,12.74,8.3,8.114,7.35,7.5,8.11,8.51,8.8,9.51,10.41,-0.1859999,-0.9500003,-0.8000002,-0.1900005,0.21,0.5,1.21,2.11,88.6,1.5372,128.68,173.88,1.2055,109.2,107.5,108.6,96.6,274.1619,137.8,71.5,119.9,117.5,110.0,141.4,113.0,111.3,127.5,119.8,117.6,118.6,74.72923,102.7507,77.1897,68.48043,10.81,12.63,10.16,87.0
11/01/1988,5825.3,5149.6,46.09105,587368.0,175896.0,69.1283,72.4732,72.5415,76.242,59.6185,83.8767,55.8476,64.9541,45.9152,92.1258,66.7329,76.2538,86.4104,57.5,84.6682,102.0,1.168,116100.0,112859.0,5.3,12.6,3097.0,1967.0,1468.0,765.0,703.0,293.5,88836.0,24030.0,665.7,5273.0,18003.0,11052.0,6951.0,82552.0,22183.0,5215.6,12910.8,6526.0,17746.0,40.5,3.9,41.1,53.8,1569.0,211.0,274.0,624.0,460.0,1508.0,199.0,249.0,575.0,485.0,55.6,58.4,52.1,51.6,136042.0,134524.0,31973.0,486591.0,786.12,1.363,784.9,2986.3,210.7,39.86794,255675.0,40548.0,37687.0,534271.0,60.7,546649.0,16.72,271.0243,311.8381,3.7,12.07,8.35,8.534,7.76,7.86,8.48,8.79,8.96,9.45,10.48,0.184,-0.5900002,-0.4900002,0.1299992,0.4399996,0.6099997,1.099999,2.129999,86.11,1.4675,123.2,180.85,1.2186,109.6,107.9,108.8,95.2,273.4571,144.0,70.9,120.3,117.7,110.2,142.0,113.3,111.5,127.9,120.2,117.9,119.0,74.9048,102.8719,77.28477,68.7059,10.83,12.64,10.19,86.3
12/01/1988,5868.5,5191.5,46.34587,595024.0,176668.0,69.4393,72.7532,72.8502,76.6331,60.3399,84.0793,56.0128,65.2967,46.0096,92.825,67.0277,75.8412,86.8589,57.6,84.9278,104.0,1.194,116104.0,112910.0,5.3,12.9,2972.0,2023.0,1490.0,751.0,739.0,291.9,89135.0,24054.0,663.3,5277.0,18025.0,11071.0,6954.0,82817.0,22249.0,5233.8,12927.5,6533.0,17736.0,40.3,3.8,40.9,54.8,1563.0,214.0,343.0,597.0,409.0,1501.0,201.0,347.0,545.0,408.0,56.0,59.0,53.0,49.9,141482.0,147131.0,35125.0,495843.0,792.25,1.356,786.7,2994.3,212.0,39.84484,256897.0,40453.0,38738.0,541656.0,88.6,547324.6,16.59,276.5138,319.07,3.68,12.19,8.76,8.984,8.07,8.22,8.99,9.09,9.11,9.57,10.65,0.224,-0.6900005,-0.54,0.2299995,0.3299999,0.3499994,0.8099995,1.889999,85.75,1.4799,123.61,182.58,1.1962,110.0,108.3,109.4,98.1,280.7143,148.3,69.8,120.7,118.2,110.4,142.7,113.5,111.9,128.4,120.6,118.3,119.3,75.14901,102.9902,77.53489,68.96706,10.85,12.68,10.2,85.5
01/01/1989,5930.4,5235.9,46.39325,595703.0,176915.0,69.6017,72.9541,73.0069,76.5993,61.6454,83.3124,56.5499,65.4158,46.4855,93.1084,67.5219,70.755,87.3751,57.9,85.4244,104.0,1.154,116708.0,113421.0,5.4,12.6,3146.0,2010.0,1480.0,748.0,732.0,289.9,89359.0,24097.0,663.1,5289.0,18057.0,11092.0,6965.0,83036.0,22290.0,5258.2,12962.7,6529.0,17774.0,40.4,3.9,41.1,51.4,1621.0,266.0,288.0,647.0,420.0,1466.0,234.0,280.0,556.0,396.0,54.7,57.3,53.9,46.7,141211.0,142297.0,34928.0,500091.0,796.82,1.363,785.7,2997.5,212.9,39.67231,257915.0,40422.0,38773.0,545677.0,48.3,563300.0,16.71,285.4133,330.1733,3.64,13.07,9.12,8.914,8.27,8.36,9.05,9.15,9.09,9.62,10.65,-0.2060003,-0.8499994,-0.7600002,-0.0699997,0.0299997,-0.0299997,0.5,1.53,87.8,1.5619,127.36,177.37,1.1913,111.1,109.5,110.8,102.0,283.481,149.9,70.5,121.2,118.4,110.9,143.8,114.1,112.0,128.9,121.1,118.9,119.8,75.55649,103.4758,77.96473,69.34978,10.88,12.77,10.23,89.9
02/01/1989,5937.1,5240.4,46.29156,589193.0,173913.0,69.2803,72.8123,72.9165,76.6082,60.9305,83.7182,56.341,64.9007,45.4853,92.4826,66.8648,75.9818,86.716,55.6,84.4513,103.0,1.201,116776.0,113542.0,5.2,12.4,3194.0,1877.0,1304.0,669.0,635.0,313.1,89579.0,24080.0,658.4,5278.0,18055.0,11083.0,6972.0,83311.0,22372.0,5278.3,13000.5,6542.0,17812.0,40.4,3.9,41.2,50.0,1425.0,215.0,261.0,551.0,398.0,1383.0,198.0,268.0,518.0,399.0,54.1,57.3,54.0,49.0,140201.0,137491.0,32731.0,501798.0,800.66,1.384,783.8,2997.9,213.5,39.54544,258304.0,40339.0,38852.0,556197.0,126.2,565278.2,16.73,294.011,339.701,3.59,12.99,9.36,9.244,8.53,8.55,9.25,9.27,9.17,9.64,10.61,-0.1159992,-0.8299999,-0.8099995,-0.1099997,-0.0899992,-0.1899996,0.2800007,1.25,88.35,1.574,127.74,175.34,1.1891,111.9,110.5,111.3,101.7,285.6632,147.1,67.9,121.6,117.1,111.7,144.9,114.5,112.2,129.4,121.4,119.3,120.2,75.809,103.563,78.24886,69.61479,10.91,12.79,10.26,88.8
03/01/1989,5960.8,5254.2,46.249,585686.0,174286.0,69.4441,72.8871,72.8312,76.7674,60.0521,84.4447,55.9548,65.1603,45.4095,93.4028,66.7725,81.1815,85.5085,52.7,84.1793,99.0,1.183,117022.0,113824.0,5.0,12.3,3042.0,1850.0,1353.0,683.0,670.0,321.3,89761.0,24069.0,662.4,5260.0,18060.0,11077.0,6983.0,83514.0,22453.0,5299.2,13078.0,6547.0,17822.0,40.5,4.0,41.1,50.2,1422.0,163.0,308.0,557.0,394.0,1214.0,178.0,243.0,441.0,352.0,51.5,52.0,52.5,48.3,136942.0,136830.0,32409.0,504668.0,803.15,1.397,783.0,3005.5,214.7,39.49735,259139.0,39844.0,38032.0,558317.0,25.4,569094.3,16.75,292.7132,337.7373,3.68,12.28,9.85,9.824,8.82,8.85,9.57,9.51,9.36,9.8,10.67,-0.026,-1.030001,-1.0,-0.2800007,-0.3400002,-0.4900007,-0.0500002,0.8199997,89.39,1.611,130.55,171.34,1.1954,112.3,110.9,111.9,102.9,287.6091,148.2,67.9,122.2,118.1,112.4,145.8,115.1,111.9,130.0,122.0,119.9,120.8,76.0937,103.2515,78.7104,69.89695,10.95,12.85,10.29,87.6
04/01/1989,5943.8,5244.3,46.53432,591028.0,175736.0,69.4352,72.9475,73.0477,76.679,60.4754,84.0753,56.4946,65.0758,45.4618,92.9497,66.8411,77.9705,85.2811,54.9,84.101,103.0,1.181,117097.0,113935.0,5.2,12.5,3110.0,1984.0,1397.0,680.0,717.0,308.7,89916.0,24100.0,663.7,5295.0,18055.0,11075.0,6980.0,83656.0,22473.0,5291.9,13092.4,6549.0,17840.0,40.5,3.9,41.1,50.0,1339.0,211.0,255.0,528.0,345.0,1376.0,202.0,253.0,525.0,396.0,52.2,53.1,52.2,47.4,139919.0,137818.0,33969.0,506973.0,805.05,1.388,779.2,3011.7,215.3,39.33158,259568.0,39533.0,37244.0,562245.0,47.1,571570.9,16.8,302.251,348.4705,3.59,12.73,9.84,9.684,8.65,8.65,9.36,9.3,9.18,9.79,10.61,-0.1560001,-1.190001,-1.190001,-0.4800005,-0.54,-0.6599998,-0.0500002,0.7699995,89.69,1.6469,132.04,170.08,1.1888,113.1,111.9,112.5,104.1,284.615,147.2,65.4,123.1,118.6,115.0,146.6,116.5,111.9,130.5,122.9,121.0,121.7,76.57204,103.4022,79.79337,70.10954,10.97,12.92,10.28,83.2
05/01/1989,5920.2,5222.0,46.4851,588393.0,176169.0,68.9744,72.2643,72.2699,75.8627,59.1618,83.5501,55.6545,64.8614,45.008,92.694,66.2891,76.5353,84.2138,50.7,83.2325,98.0,1.14,117099.0,113974.0,5.2,12.0,3052.0,1987.0,1348.0,714.0,634.0,324.3,89998.0,24089.0,663.4,5299.0,18040.0,11055.0,6985.0,83785.0,22516.0,5291.0,13128.3,6554.0,17876.0,40.3,3.7,41.0,47.6,1331.0,172.0,252.0,535.0,372.0,1381.0,175.0,250.0,536.0,420.0,49.3,50.7,49.1,44.9,137636.0,130761.0,31570.0,504039.0,808.92,1.401,775.0,3017.4,216.2,39.26958,260259.0,39301.0,37580.0,573048.0,129.6,574119.8,16.91,313.93,360.8782,3.52,12.85,9.81,9.344,8.43,8.41,8.98,8.91,8.86,9.57,10.46,-0.4660006,-1.38,-1.400001,-0.8300009,-0.9000006,-0.9500008,-0.2400007,0.6499996,92.61,1.729,137.86,157.15,1.1925,114.0,112.9,112.6,104.5,283.0682,144.6,59.3,123.7,118.9,115.8,147.5,117.1,111.9,131.1,123.5,121.6,122.3,76.83809,103.4688,80.21934,70.32321,10.97,12.91,10.3,80.1
06/01/1989,5939.2,5237.4,46.57126,586578.0,176024.0,68.9824,72.5226,72.525,75.9115,58.425,84.0325,56.275,64.5955,44.924,92.7085,66.3862,76.2412,85.3146,49.5,83.1713,96.0,1.082,117418.0,114350.0,5.3,11.1,3303.0,2020.0,1300.0,687.0,613.0,338.7,90079.0,24052.0,653.7,5298.0,18013.0,11027.0,6986.0,83939.0,22542.0,5286.8,13154.5,6560.0,17912.0,40.2,3.7,40.9,47.4,1397.0,171.0,238.0,526.0,462.0,1322.0,176.0,241.0,507.0,398.0,47.3,45.6,46.5,47.5,137981.0,133930.0,33644.0,506822.0,812.51,1.412,773.5,3033.4,217.2,39.38677,261093.0,39085.0,37595.0,574263.0,14.6,575543.2,16.9,323.7277,370.3573,3.44,13.01,9.53,8.984,8.15,7.93,8.44,8.29,8.28,9.1,10.03,-0.5459995,-1.38,-1.6,-1.09,-1.24,-1.25,-0.4299994,0.5,94.58,1.7089,143.98,155.3,1.1986,114.0,112.7,112.5,103.2,281.0909,140.1,50.0,124.1,118.7,115.7,148.6,117.2,112.1,131.6,123.8,121.9,122.6,77.0157,103.6789,80.28812,70.55433,11.0,12.93,10.33,82.0
07/01/1989,5953.6,5250.6,46.69868,580562.0,176691.0,68.3431,71.5931,71.4242,74.2548,56.5074,82.5536,55.8525,64.2783,44.6294,91.9803,65.6662,74.7484,85.8702,46.9,82.0836,96.0,1.107,117472.0,114245.0,5.2,11.8,3173.0,1961.0,1435.0,814.0,621.0,339.7,90125.0,24027.0,643.5,5317.0,17980.0,10989.0,6991.0,84003.0,22558.0,5285.5,13159.0,6567.0,17905.0,40.4,3.8,40.9,44.5,1427.0,194.0,288.0,524.0,421.0,1283.0,165.0,234.0,483.0,401.0,45.9,45.8,46.1,46.2,132796.0,131268.0,35494.0,510303.0,815.91,1.432,777.8,3058.2,218.0,39.60046,262246.0,39438.0,38744.0,576844.0,31.0,576731.3,16.88,331.9265,379.451,3.38,13.27,9.24,8.554,7.88,7.61,7.89,7.83,8.02,8.93,9.87,-0.6859999,-1.36,-1.63,-1.35,-1.41,-1.219999,-0.3099995,0.6300001,91.9,1.6281,140.42,162.68,1.1891,113.8,112.4,112.2,103.5,280.103,136.3,48.1,124.5,118.3,115.4,149.6,117.3,112.0,132.3,124.2,122.1,123.0,77.22638,103.8001,80.42004,70.81767,11.05,13.01,10.36,85.5
08/01/1989,5963.2,5255.8,47.1572,595299.0,180007.0,68.9804,72.5118,72.5868,75.5058,58.7011,83.2595,56.8853,64.6029,44.7439,91.9974,66.2606,75.3745,84.8241,46.7,82.6365,95.0,1.082,117655.0,114371.0,5.2,11.4,3090.0,2038.0,1302.0,742.0,560.0,332.3,90088.0,24048.0,667.6,5330.0,17964.0,10983.0,6981.0,84029.0,22607.0,5293.1,13185.5,6571.0,17989.0,40.4,3.7,40.9,44.6,1332.0,144.0,239.0,568.0,381.0,1334.0,179.0,261.0,514.0,380.0,45.1,45.2,44.0,43.5,137334.0,129648.0,29666.0,506349.0,816.35,1.397,779.4,3080.3,218.5,39.88158,262852.0,39397.0,38722.0,581684.0,58.1,577013.9,16.91,346.6078,396.6339,3.28,13.75,8.99,8.444,7.9,7.74,8.18,8.09,8.11,8.96,9.88,-0.5459995,-1.09,-1.25,-0.8099995,-0.8999996,-0.8800001,-0.0299997,0.8900003,92.3,1.6605,141.49,159.47,1.1758,113.4,111.7,111.8,101.2,276.5304,136.9,43.3,124.5,117.1,114.5,150.6,117.0,111.9,132.8,124.3,122.1,123.0,77.23615,103.7548,80.0452,71.03912,11.08,13.0,10.39,80.3
09/01/1989,5968.8,5252.5,47.06162,591128.0,179589.0,68.7839,72.3233,72.2927,75.2117,58.6325,82.847,56.7084,64.3991,44.6708,91.6129,66.1003,76.6724,85.5039,48.0,82.2456,95.0,1.08,117354.0,114135.0,5.3,11.5,3214.0,1981.0,1360.0,761.0,599.0,337.7,90299.0,24000.0,669.0,5323.0,17922.0,10945.0,6977.0,84326.0,22585.0,5279.6,13171.9,6577.0,18027.0,40.3,3.7,40.8,45.4,1279.0,165.0,247.0,494.0,373.0,1314.0,171.0,248.0,504.0,391.0,46.0,46.0,43.9,44.8,137989.0,132718.0,29355.0,506802.0,815.83,1.407,781.0,3098.6,219.1,40.01571,263746.0,39673.0,38980.0,579906.0,-21.3,578645.1,16.91,347.3295,397.0795,3.29,13.73,9.02,8.574,7.75,7.74,8.22,8.17,8.19,9.01,9.91,-0.4460001,-1.27,-1.280001,-0.8000002,-0.8500004,-0.8300009,-0.0100002,0.8899994,93.67,1.6865,145.07,157.15,1.1828,114.0,112.5,112.1,102.5,274.94,139.5,42.4,124.8,118.7,113.9,151.8,117.2,111.9,133.1,124.5,122.4,123.2,77.4346,103.8516,80.20338,71.27524,11.1,13.03,10.41,88.6
10/01/1989,5980.3,5265.3,47.04012,585421.0,176811.0,68.7067,72.0496,71.8945,75.4388,57.5865,83.7577,55.7654,64.5373,44.5941,92.0564,65.9802,76.1904,84.4991,48.5,81.905,97.0,1.085,117581.0,114366.0,5.3,11.9,3218.0,1992.0,1392.0,746.0,646.0,363.4,90404.0,23997.0,669.1,5347.0,17895.0,10917.0,6978.0,84440.0,22566.0,5278.4,13139.2,6576.0,18033.0,40.4,3.7,40.8,45.0,1410.0,169.0,280.0,554.0,407.0,1365.0,167.0,277.0,500.0,421.0,46.8,49.3,43.3,43.8,135259.0,127755.0,29011.0,505980.0,818.68,1.426,786.6,3120.5,219.8,40.13907,264886.0,40163.0,39607.0,582827.0,35.1,580619.8,16.9,347.3973,396.34,3.29,13.86,8.84,8.404,7.64,7.62,7.99,7.97,8.01,8.92,9.81,-0.4359999,-1.2,-1.22,-0.8500004,-0.8700004,-0.8299999,0.0799999,0.9700003,91.53,1.6302,142.21,158.74,1.1749,114.6,113.1,112.2,102.7,274.3636,140.2,41.0,125.4,119.6,114.5,152.8,117.8,112.3,133.7,125.2,122.9,123.8,77.74221,103.9989,80.62381,71.54401,11.14,13.09,10.43,87.2
11/01/1989,6008.6,5290.9,47.06577,590657.0,178079.0,68.9065,72.3038,72.132,75.6871,57.9478,83.94,56.2123,64.6762,44.5016,91.9769,66.0905,76.5883,84.9087,49.2,81.8506,94.0,1.047,117912.0,114780.0,5.4,11.7,3247.0,2035.0,1418.0,763.0,655.0,339.4,90657.0,24009.0,671.9,5364.0,17886.0,10902.0,6984.0,84705.0,22585.0,5279.7,13139.7,6584.0,18057.0,40.4,3.6,40.7,45.9,1351.0,178.0,311.0,507.0,355.0,1344.0,169.0,269.0,489.0,417.0,46.8,49.3,42.5,41.4,137394.0,135964.0,31912.0,511146.0,823.13,1.421,788.0,3139.2,220.5,40.2854,265666.0,40170.0,39820.0,585802.0,35.7,582671.9,16.88,340.2191,386.8219,3.39,14.21,8.55,8.224,7.69,7.49,7.77,7.81,7.87,8.89,9.81,-0.3260002,-0.8600001,-1.06,-0.7800002,-0.7400002,-0.6800003,0.3400002,1.26,91.07,1.6189,143.53,157.26,1.1697,114.8,113.2,112.0,103.5,269.2,136.5,40.9,125.9,120.0,114.4,154.1,118.1,112.7,134.3,125.5,123.3,124.2,77.92401,104.2677,80.66835,71.78474,11.17,13.16,10.44,84.3
12/01/1989,6015.3,5300.6,47.45761,592609.0,178319.0,69.4069,73.3847,73.5539,77.0501,58.6087,85.654,57.5215,64.5377,44.3557,91.0501,66.2429,85.591,82.7324,49.7,81.8498,96.0,1.067,117830.0,114642.0,5.4,11.6,3275.0,1987.0,1375.0,740.0,635.0,357.9,90734.0,23949.0,672.1,5309.0,17881.0,10893.0,6988.0,84860.0,22549.0,5277.7,13072.0,6585.0,18075.0,40.0,3.5,40.5,44.6,1251.0,126.0,258.0,437.0,430.0,1422.0,169.0,233.0,526.0,494.0,47.4,50.4,43.5,43.9,137592.0,139037.0,37013.0,518679.0,822.65,1.415,792.9,3158.3,222.3,40.41204,267754.0,40486.0,40221.0,587979.0,26.1,583382.3,16.9,348.572,398.433,3.33,14.7,8.45,8.164,7.63,7.42,7.72,7.75,7.84,8.86,9.82,-0.2860003,-0.8199997,-1.03,-0.73,-0.6999998,-0.6099997,0.4099998,1.37,89.22,1.5686,143.69,159.65,1.1613,115.5,114.1,112.2,105.1,261.875,131.9,41.0,126.3,119.8,114.7,154.9,118.4,113.1,134.9,126.0,123.7,124.6,78.15244,104.0659,80.84216,72.10845,11.21,13.25,10.49,85.5
01/01/1990,6025.9,5295.4,47.68756,587980.0,181790.0,69.0314,72.7725,72.4391,75.2986,55.2149,84.7927,57.3516,64.424,44.1293,92.498,66.1663,77.9387,86.0358,47.4,81.5669,97.0,1.065,119081.0,115871.0,5.4,11.8,3189.0,2091.0,1412.0,766.0,646.0,360.8,91000.0,23984.0,675.9,5422.0,17799.0,10786.0,7013.0,85167.0,22729.0,5287.7,13255.8,6588.0,18151.0,40.2,3.9,40.5,45.4,1551.0,156.0,333.0,575.0,487.0,1748.0,193.0,462.0,656.0,437.0,47.2,49.1,48.2,42.7,133031.0,128463.0,32774.0,521431.0,820.36,1.423,795.4,3172.4,223.9,40.2942,269557.0,40731.0,40291.0,588261.0,3.4,584067.4,16.81,339.9718,390.5791,3.41,14.37,8.23,7.974,7.64,7.55,7.92,8.12,8.21,8.99,9.94,-0.2559996,-0.5899997,-0.6799994,-0.3099995,-0.1099997,-0.0199995,0.7600002,1.71,88.35,1.5175,144.98,165.12,1.172,117.7,116.9,113.7,106.7,260.3727,130.9,50.8,127.5,119.9,117.0,156.0,120.2,113.3,135.4,127.0,125.1,125.8,78.73093,104.3766,82.10383,72.36485,11.25,13.29,10.51,83.4
02/01/1990,6048.1,5318.0,47.43613,596717.0,179523.0,69.6427,73.3603,73.2458,76.2149,58.8165,84.2901,58.0508,65.0562,44.68,93.278,67.093,70.8147,87.3813,52.8,82.521,92.0,1.025,119059.0,115871.0,5.3,11.6,3223.0,2066.0,1350.0,726.0,624.0,354.0,91219.0,24074.0,677.3,5416.0,17896.0,10900.0,6996.0,85322.0,22707.0,5279.7,13223.7,6597.0,18177.0,40.1,3.9,40.6,46.5,1437.0,216.0,272.0,559.0,390.0,1329.0,183.0,281.0,455.0,410.0,49.1,52.5,44.4,41.4,138028.0,131941.0,30272.0,521100.0,820.72,1.403,798.1,3184.9,225.5,40.26382,271136.0,40743.0,39295.0,592900.0,55.7,582268.6,16.7,330.4526,381.1095,3.54,14.21,8.24,8.014,7.74,7.7,8.11,8.42,8.47,9.222631,10.14421,-0.2259998,-0.5,-0.54,-0.1300001,0.1800003,0.2300005,0.9826317,1.904211,88.36,1.4879,145.69,169.61,1.1965,117.6,116.7,112.8,106.8,261.3579,127.9,44.6,128.0,122.0,117.2,157.1,120.7,113.4,136.0,127.4,125.7,126.3,79.10079,104.7026,82.65942,72.64248,11.35,13.35,10.64,81.3
03/01/1990,6051.2,5320.3,47.58948,600194.0,179603.0,69.9586,73.7945,73.7228,76.7753,59.8907,84.5764,58.484,65.2403,45.2794,92.6078,67.3468,75.0042,83.0302,54.7,82.6479,90.0,1.011,119203.0,115943.0,5.2,11.7,3206.0,2101.0,1331.0,694.0,637.0,343.9,91317.0,24025.0,677.2,5392.0,17870.0,10877.0,6993.0,85586.0,22711.0,5273.1,13226.2,6601.0,18294.0,40.3,4.0,40.7,46.5,1289.0,140.0,266.0,510.0,373.0,1246.0,150.0,250.0,459.0,387.0,49.9,52.3,47.2,41.2,141245.0,140003.0,34461.0,528155.0,824.48,1.401,801.6,3195.9,227.6,40.22501,273071.0,40650.0,38526.0,602702.0,117.6,581158.8,16.61,338.465,391.7073,3.49,14.77,8.28,8.154,7.9,7.85,8.35,8.6,8.59,9.368636,10.20682,-0.1259995,-0.3799996,-0.4299998,0.0700006,0.3200006,0.3100004,1.088636,1.926819,89.86,1.5133,153.31,162.45,1.18,117.5,116.3,112.9,105.1,266.4682,131.8,50.1,128.6,123.8,117.3,158.3,120.9,113.3,136.8,128.1,126.1,126.8,79.45057,104.6469,82.87564,73.12624,11.4,13.37,10.7,81.3
04/01/1990,6084.4,5349.3,47.69609,593277.0,178788.0,69.8708,73.5647,73.4792,76.4912,58.5711,84.8292,58.3852,65.3086,45.2766,92.8466,67.1765,76.0071,83.3149,53.5,82.2589,90.0,0.982,118852.0,115621.0,5.4,11.8,3269.0,2171.0,1376.0,727.0,649.0,361.6,91274.0,23968.0,679.2,5355.0,17847.0,10855.0,6992.0,85683.0,22722.0,5273.4,13237.4,6611.0,18377.0,40.1,4.0,40.6,46.6,1248.0,128.0,288.0,475.0,357.0,1136.0,119.0,241.0,428.0,348.0,50.0,53.7,47.2,41.3,138825.0,132236.0,30927.0,530760.0,827.21,1.422,806.2,3207.4,229.5,40.25306,275230.0,40845.0,39236.0,603969.0,15.2,578977.4,16.48,338.178,393.1715,3.51,14.82,8.26,8.174,7.77,7.84,8.4,8.77,8.79,9.4635,10.3015,-0.0860004,-0.4900002,-0.4200001,0.1399994,0.5100002,0.5299997,1.2035,2.0415,89.73,1.4866,158.46,163.72,1.1641,117.4,116.1,113.1,102.7,273.195,134.5,50.9,128.9,124.1,117.7,159.6,121.0,113.2,137.4,128.5,126.4,127.1,79.68091,104.5897,82.93755,73.49211,11.38,13.33,10.68,83.9
05/01/1990,6071.6,5336.2,47.66785,598098.0,178271.0,69.9929,73.6814,73.583,76.4091,59.043,84.4655,58.9291,65.4356,45.5244,92.6061,67.2768,76.879,80.968,53.9,82.205,86.0,0.957,119151.0,115885.0,5.4,11.7,3117.0,2269.0,1415.0,771.0,644.0,358.8,91201.0,23887.0,682.9,5321.0,17796.0,10824.0,6972.0,85913.0,22704.0,5268.8,13211.2,6615.0,18599.0,40.1,4.0,40.6,46.2,1212.0,129.0,259.0,489.0,335.0,1067.0,126.0,219.0,410.0,312.0,49.5,51.7,48.2,40.0,141582.0,136337.0,30162.0,532991.0,832.73,1.42,804.3,3206.1,231.2,40.12734,276754.0,40750.0,39419.0,601619.0,-28.2,576474.8,16.49,350.25,408.1041,3.44,15.84,8.18,8.124,7.74,7.76,8.32,8.74,8.76,9.465,10.41136,-0.0560007,-0.4400005,-0.4200001,0.1399994,0.5599995,0.5799999,1.285,2.231363,88.52,1.4198,154.04,167.74,1.1747,117.5,116.3,113.1,103.1,276.6182,134.0,50.1,129.1,124.0,117.5,160.8,121.0,113.2,137.9,128.7,126.6,127.3,79.89815,104.5496,83.02284,73.81753,11.43,13.39,10.74,79.3
06/01/1990,6083.9,5344.9,47.82563,599644.0,179034.0,70.1935,73.9766,73.9989,77.1838,59.8225,85.2317,58.9131,65.5312,45.763,92.1222,67.4336,78.2943,83.6389,51.3,82.2231,86.0,0.967,118983.0,115738.0,5.2,11.6,3151.0,2118.0,1436.0,796.0,640.0,360.9,91261.0,23848.0,683.7,5303.0,17775.0,10806.0,6969.0,85969.0,22693.0,5273.4,13197.2,6623.0,18556.0,40.2,4.0,40.7,45.4,1177.0,109.0,234.0,538.0,296.0,1108.0,122.0,227.0,421.0,338.0,49.2,52.0,49.8,42.6,141205.0,133412.0,30079.0,531916.0,832.88,1.417,808.9,3218.8,233.4,40.10416,278957.0,40666.0,39785.0,601771.0,1.8,577227.9,16.44,360.3867,421.4919,3.36,16.66,8.29,8.014,7.73,7.63,8.1,8.43,8.48,9.256666,10.22048,-0.276,-0.5599999,-0.6599998,-0.1899996,0.1400003,0.1899996,0.9666662,1.930476,88.75,1.425,153.7,171.03,1.173,117.6,116.3,112.9,100.6,276.9162,132.1,53.2,129.9,124.2,118.0,162.0,121.6,113.0,138.8,129.4,127.2,128.0,80.261,104.2377,83.50004,74.22646,11.46,13.42,10.77,76.6
07/01/1990,6104.9,5366.0,47.91458,596431.0,179725.0,70.0933,73.8052,73.7555,76.621,58.2539,85.1842,59.1038,65.5095,45.5612,92.7849,67.3052,77.664,84.2169,49.8,81.8984,85.0,0.921,118810.0,115618.0,5.5,11.9,3221.0,2240.0,1534.0,846.0,688.0,367.0,91215.0,23745.0,682.7,5274.0,17703.0,10760.0,6943.0,86030.0,22683.0,5272.9,13193.1,6629.0,18560.0,40.1,3.9,40.6,46.3,1171.0,121.0,234.0,487.0,329.0,1078.0,115.0,225.0,416.0,322.0,46.6,46.7,46.4,39.6,139835.0,136012.0,34002.0,533956.0,836.8,1.431,810.1,3229.3,235.5,40.13681,280996.0,40575.0,39818.0,602485.0,8.6,577301.3,16.43,360.0309,425.7576,3.37,16.65,8.15,7.864,7.62,7.52,7.94,8.33,8.47,9.242381,10.19571,-0.2859998,-0.5299997,-0.6299996,-0.2099996,0.1800003,0.3200006,1.092381,2.045714,86.43,1.3924,149.04,180.98,1.157,117.9,116.6,112.8,101.0,277.0952,133.2,51.4,130.5,124.2,118.5,163.4,122.0,113.2,139.6,130.0,127.7,128.6,80.45731,104.4036,83.79144,74.37598,11.49,13.43,10.81,77.3
08/01/1990,6072.1,5335.8,47.93745,602430.0,179186.0,70.2669,73.8122,73.7967,76.7424,58.0922,85.4512,59.2649,65.8649,45.8868,92.7098,67.4806,76.9134,86.5922,47.9,81.9473,82.0,0.846,118802.0,115605.0,5.7,12.2,3320.0,2254.0,1607.0,877.0,730.0,389.8,91110.0,23647.0,680.1,5234.0,17648.0,10706.0,6942.0,85920.0,22645.0,5276.7,13157.9,6632.0,18457.0,40.1,3.9,40.5,43.1,1115.0,122.0,243.0,430.0,320.0,1069.0,115.0,222.0,410.0,322.0,46.1,45.5,50.1,43.0,142436.0,132022.0,29442.0,531724.0,836.63,1.416,815.6,3246.8,238.3,40.10362,284079.0,40873.0,39946.0,604114.0,19.5,576343.7,16.45,330.7465,390.7848,3.65,15.57,8.13,7.754,7.45,7.38,7.78,8.44,8.75,9.408261,10.41217,-0.3759999,-0.6800003,-0.75,-0.3499999,0.3099995,0.6199999,1.278261,2.282174,84.11,1.3076,147.46,190.13,1.1448,119.2,118.2,114.0,110.5,273.0348,137.3,53.1,131.6,124.5,120.7,164.8,123.2,113.4,140.6,131.2,128.8,129.6,80.96027,104.449,84.63147,74.77276,11.48,13.4,10.8,62.9
09/01/1990,6073.4,5330.9,47.92662,591354.0,178449.0,70.4039,74.1231,74.2147,77.5102,58.4389,86.4299,59.2052,65.809,45.8347,92.5448,67.472,81.0666,86.0633,45.5,81.7773,81.0,0.815,118524.0,115318.0,5.9,12.4,3280.0,2374.0,1695.0,914.0,781.0,394.7,91048.0,23572.0,681.1,5197.0,17610.0,10669.0,6941.0,85913.0,22631.0,5266.4,13146.9,6628.0,18437.0,40.1,3.9,40.5,41.3,1110.0,106.0,243.0,436.0,325.0,976.0,113.0,217.0,373.0,273.0,44.5,44.9,48.9,40.8,139653.0,132817.0,32058.0,533912.0,838.55,1.446,820.1,3259.6,241.3,40.02885,287287.0,41090.0,40466.0,607607.0,41.9,575711.2,16.39,315.4068,372.8137,3.85,14.9,8.2,7.834,7.36,7.32,7.76,8.51,8.89,9.563684,10.63579,-0.3659997,-0.8399997,-0.8799996,-0.4399996,0.3100004,0.6900005,1.363685,2.43579,83.32,1.3069,138.44,187.94,1.1583,120.7,120.0,115.8,115.8,271.7579,139.0,70.2,132.5,125.4,123.2,165.9,124.5,113.4,141.1,132.3,129.9,130.5,81.43127,104.553,85.62837,75.0266,11.55,13.49,10.86,58.8
10/01/1990,6031.4,5284.8,47.66982,588818.0,177149.0,69.8922,73.4339,73.4171,76.2893,56.4658,85.6137,59.0194,65.4973,45.2782,92.437,66.9443,78.5476,83.7231,43.6,80.9839,75.0,0.755,118536.0,115266.0,5.9,12.2,3347.0,2416.0,1689.0,911.0,778.0,425.4,90881.0,23471.0,679.0,5134.0,17575.0,10644.0,6931.0,85853.0,22610.0,5255.7,13132.9,6624.0,18443.0,39.8,3.8,40.4,40.2,1014.0,141.0,231.0,387.0,255.0,925.0,113.0,194.0,361.0,257.0,43.2,43.1,48.1,41.2,140341.0,134983.0,34624.0,536691.0,838.94,1.453,819.8,3264.3,243.4,39.87032,289184.0,40808.0,40398.0,606486.0,-13.5,576484.5,16.46,307.1248,361.0022,4.01,14.36,8.11,7.854,7.17,7.16,7.55,8.33,8.72,9.532174,10.73826,-0.2559996,-0.9399996,-0.9499998,-0.5599995,0.2200003,0.6100006,1.422174,2.628262,80.95,1.2818,129.59,194.56,1.16,121.9,121.5,117.4,125.8,268.5609,139.2,73.4,133.4,125.4,125.6,167.3,125.8,113.8,141.6,133.2,131.0,131.4,81.87293,104.9168,86.42977,75.28412,11.58,13.49,10.92,50.9
11/01/1990,6031.3,5282.1,47.63359,581857.0,177203.0,69.0512,72.5826,72.3551,75.4056,53.4269,85.8609,57.8256,64.6732,44.379,92.4038,66.1818,76.0163,82.1885,42.1,79.912,71.0,0.687,118306.0,115117.0,6.2,12.4,3442.0,2465.0,1831.0,998.0,833.0,452.1,90730.0,23283.0,679.5,5095.0,17428.0,10523.0,6905.0,85897.0,22589.0,5247.9,13119.6,6615.0,18450.0,39.9,3.7,40.2,36.2,1145.0,156.0,250.0,479.0,260.0,941.0,108.0,202.0,378.0,253.0,41.3,40.4,48.6,40.9,136164.0,122318.0,28242.0,531879.0,841.06,1.474,822.1,3268.5,245.0,39.863,291127.0,40970.0,40740.0,600228.0,-75.1,574368.6,16.45,315.291,369.2605,3.91,14.59,7.81,7.784,7.06,7.03,7.31,8.02,8.39,9.298572,10.62333,-0.026,-0.75,-0.7799997,-0.5,0.2100005,0.5800004,1.488572,2.813333,80.21,1.2569,129.22,196.42,1.1635,122.6,122.3,117.7,117.8,261.4471,134.8,64.2,133.7,125.4,126.1,168.7,126.0,113.8,142.2,133.6,131.4,131.7,81.99332,104.7848,86.48192,75.48114,11.58,13.52,10.89,52.8
12/01/1990,6048.1,5289.9,47.44475,575801.0,174296.0,68.5847,72.1741,71.9593,74.9211,52.5755,85.5805,57.4445,64.1449,43.7298,91.8631,65.703,75.6601,80.1268,41.8,79.1909,71.0,0.666,118241.0,114996.0,6.3,12.5,3462.0,2565.0,1804.0,973.0,831.0,456.2,90652.0,23202.0,681.3,5047.0,17394.0,10503.0,6891.0,85918.0,22584.0,5245.3,13088.9,6603.0,18468.0,40.2,3.7,40.3,38.8,969.0,97.0,236.0,402.0,234.0,861.0,101.0,187.0,340.0,233.0,40.8,38.5,47.2,39.6,131599.0,127353.0,35535.0,535132.0,837.35,1.483,824.7,3277.7,246.5,39.90937,293300.0,41766.0,41440.0,599214.0,-12.2,569587.9,16.27,328.7495,384.749,3.74,15.19,7.31,7.674,6.74,6.7,7.05,7.73,8.08,9.054,10.4345,0.3639998,-0.5700002,-0.6100001,-0.2599998,0.4200001,0.77,1.744,3.1245,81.26,1.2814,133.89,192.19,1.1603,122.0,121.4,116.9,110.8,259.455,130.6,58.9,134.2,126.2,126.9,169.8,126.3,114.1,142.7,134.1,131.8,132.1,82.12858,104.5479,86.66848,75.64528,11.6,13.52,10.93,53.7
01/01/1991,6004.5,5235.6,46.99674,572006.0,171067.0,68.2644,71.9306,71.9393,75.269,52.6274,86.0857,56.9732,63.7403,43.1441,91.0579,65.1759,79.0137,82.0275,38.9,78.4182,67.0,0.629,117940.0,114732.0,6.4,12.2,3470.0,2630.0,1866.0,998.0,868.0,456.8,90527.0,23062.0,679.9,4972.0,17331.0,10444.0,6887.0,85939.0,22519.0,5222.7,13070.8,6613.0,18474.0,39.7,3.7,40.2,37.3,798.0,76.0,138.0,345.0,239.0,786.0,92.0,180.0,297.0,217.0,39.2,38.1,44.4,39.6,133529.0,123534.0,30873.0,534278.0,840.1,1.498,827.2,3293.7,250.6,39.90252,297776.0,42293.0,41759.0,597705.0,-18.1,567885.7,16.27,325.4854,382.7818,3.82,14.95,6.91,6.974,6.22,6.28,6.64,7.7,8.09,9.042273,10.45136,0.0640001,-0.6900001,-0.6299996,-0.27,0.79,1.18,2.132273,3.541364,81.4,1.2714,133.7,193.46,1.156,122.6,122.0,116.9,113.3,257.3591,129.6,51.6,134.7,126.9,125.5,171.0,126.3,114.5,143.7,134.6,132.2,132.6,82.54366,105.4025,86.67699,76.20451,11.64,13.65,10.97,55.2
02/01/1991,6008.1,5233.8,47.28744,575392.0,174058.0,67.8173,71.3638,71.348,74.5699,51.433,85.664,56.6872,63.4305,42.898,90.6243,64.7719,75.9909,84.5885,39.1,77.8008,64.0,0.583,117755.0,114485.0,6.6,12.7,3585.0,2729.0,1955.0,1051.0,904.0,485.5,90213.0,22903.0,680.3,4929.0,17214.0,10350.0,6864.0,85792.0,22421.0,5212.3,12995.2,6600.0,18482.0,39.8,3.6,40.1,35.6,965.0,85.0,266.0,386.0,228.0,853.0,96.0,196.0,341.0,220.0,39.4,39.2,44.7,39.9,132986.0,124151.0,30651.0,535607.0,838.95,1.487,832.7,3310.5,253.6,40.06065,300908.0,42071.0,41819.0,592762.0,-59.3,564742.3,16.25,362.2632,427.9447,3.35,16.82,6.25,6.364,5.94,5.93,6.27,7.47,7.85,8.829473,10.06842,0.1139998,-0.3099999,-0.3200002,0.02,1.22,1.6,2.579473,3.818421,80.16,1.2685,130.54,196.41,1.1549,121.8,120.8,115.9,104.1,255.2579,128.1,44.5,134.8,127.3,123.9,172.1,125.9,115.1,144.4,134.7,132.2,132.6,82.63721,105.8525,86.36585,76.44794,11.66,13.62,10.98,62.0
03/01/1991,6019.6,5238.9,47.8574,572065.0,175728.0,67.4653,71.1522,71.3763,74.6163,51.7158,85.5917,56.7766,62.9221,42.3861,89.6181,64.3306,77.3467,85.2173,41.2,77.1448,63.0,0.553,117652.0,114475.0,6.8,12.9,3539.0,2930.0,2137.0,1186.0,951.0,501.3,90047.0,22780.0,679.9,4881.0,17141.0,10292.0,6849.0,85755.0,22368.0,5200.5,12963.9,6602.0,18488.0,39.7,3.6,40.0,33.6,921.0,110.0,224.0,397.0,190.0,911.0,103.0,203.0,353.0,252.0,40.7,42.4,43.9,43.6,128925.0,116571.0,28872.0,533923.0,833.02,1.485,838.7,3327.9,255.7,40.26265,302750.0,41804.0,41563.0,594343.0,19.0,561511.1,16.25,372.279,441.8735,3.26,17.48,6.12,6.284,5.91,5.92,6.4,7.77,8.11,8.927999,10.09,0.164,-0.21,-0.1999998,0.2800002,1.65,1.99,2.808,3.97,84.26,1.3918,137.39,182.14,1.1572,121.3,120.2,114.7,100.5,256.05,127.2,41.2,134.8,127.0,122.7,173.2,125.5,115.3,144.7,134.7,132.1,132.6,82.65476,105.8192,86.09626,76.62356,11.67,13.59,11.0,84.5
04/01/1991,6040.2,5248.5,47.71559,583337.0,175939.0,67.6098,71.1907,71.2698,74.6282,52.7551,85.0637,56.7757,63.1859,42.8266,90.0434,64.5419,77.2628,83.414,44.5,77.2766,63.0,0.553,118109.0,114868.0,6.7,13.5,3400.0,2801.0,2206.0,1227.0,979.0,467.1,89839.0,22689.0,675.0,4842.0,17095.0,10270.0,6825.0,85635.0,22296.0,5191.7,12905.7,6584.0,18485.0,39.8,3.6,40.1,35.8,1001.0,96.0,244.0,403.0,258.0,916.0,108.0,208.0,364.0,236.0,42.8,46.1,45.0,39.6,135934.0,121506.0,26224.0,529716.0,832.26,1.455,843.2,3339.0,255.8,40.33005,303019.0,41862.0,41630.0,586962.0,-88.6,559075.1,16.15,379.6791,450.1714,3.19,17.85,5.91,5.944,5.65,5.71,6.24,7.7,8.04,8.858182,9.942273,0.0339999,-0.2599998,-0.1999998,0.3299999,1.79,2.13,2.948182,4.032273,86.38,1.4399,137.11,174.97,1.1535,121.3,120.2,114.2,100.2,256.15,126.5,38.8,135.1,127.5,122.5,174.3,126.0,115.5,144.9,134.9,132.4,132.9,82.79187,105.9704,86.38879,76.67551,11.7,13.66,11.04,74.7
05/01/1991,6037.9,5243.7,47.83237,588122.0,176461.0,68.2752,71.9548,72.1149,75.8934,53.7562,86.454,57.2624,63.7356,42.9175,90.9428,64.9967,80.4731,85.3002,46.9,77.7026,61.0,0.526,117440.0,114165.0,6.9,12.9,3621.0,2864.0,2252.0,1208.0,1044.0,442.1,89698.0,22617.0,670.3,4800.0,17069.0,10247.0,6822.0,85579.0,22262.0,5186.4,12879.6,6566.0,18498.0,39.8,3.5,40.1,37.4,996.0,117.0,217.0,367.0,295.0,991.0,107.0,218.0,391.0,275.0,44.5,48.9,46.0,37.3,138478.0,124626.0,25570.0,526823.0,828.38,1.437,848.8,3349.6,256.5,40.28872,304184.0,42411.0,42108.0,580517.0,-77.3,556901.1,16.09,377.9927,450.0482,3.23,17.92,5.78,5.794,5.46,5.61,6.13,7.7,8.07,8.855909,9.863636,0.0139999,-0.3200002,-0.1700001,0.3499999,1.92,2.289999,3.075909,4.083636,86.86,1.4574,138.22,172.38,1.1499,121.6,120.4,114.1,100.9,251.25,124.2,38.2,135.6,128.0,123.2,175.2,126.4,115.9,145.4,135.4,133.0,133.3,83.1399,106.0388,86.70976,77.07819,11.73,13.63,11.08,71.5
06/01/1991,6070.5,5273.9,47.83449,585488.0,176216.0,68.956,72.8447,73.0625,77.0323,55.2074,87.4094,57.9584,64.1742,43.6915,90.9846,65.7282,83.5555,85.9383,53.7,78.4607,64.0,0.546,117639.0,114339.0,6.9,13.7,3428.0,2862.0,2533.0,1424.0,1109.0,427.7,89722.0,22569.0,666.6,4782.0,17042.0,10211.0,6831.0,85714.0,22250.0,5184.0,12879.3,6557.0,18561.0,40.1,3.8,40.5,43.0,1036.0,136.0,246.0,407.0,247.0,964.0,109.0,218.0,378.0,259.0,50.3,58.4,47.1,37.1,135405.0,120610.0,25404.0,521651.0,827.67,1.442,856.8,3358.5,257.7,40.32795,305516.0,42712.0,42372.0,576032.0,-53.8,553748.3,15.94,378.293,450.871,3.23,17.96,5.9,5.984,5.57,5.75,6.36,7.94,8.28,9.007,9.962,0.0840001,-0.3299999,-0.1500001,0.46,2.04,2.38,3.107,4.062,88.8,1.5297,139.75,164.97,1.1439,121.4,120.1,113.9,99.2,247.131,121.6,39.6,136.0,127.9,123.4,176.4,126.7,116.1,145.9,135.7,133.3,133.6,83.27971,105.6527,86.80364,77.31579,11.76,13.62,11.13,75.9
07/01/1991,6053.3,5257.9,48.0477,593130.0,176947.0,68.9478,72.4215,72.6635,76.6224,56.112,86.3017,57.79,64.6418,44.1083,92.1358,65.8888,80.4312,85.3809,57.2,78.5406,61.0,0.527,117568.0,114249.0,6.8,13.8,3422.0,2803.0,2388.0,1280.0,1108.0,418.6,89638.0,22508.0,661.2,4752.0,17016.0,10195.0,6821.0,85728.0,22253.0,5180.8,12871.4,6546.0,18598.0,40.1,3.9,40.5,41.3,1063.0,106.0,240.0,439.0,278.0,973.0,111.0,225.0,391.0,246.0,50.6,55.6,49.6,39.1,141606.0,137351.0,33941.0,529461.0,826.96,1.423,861.5,3362.0,259.0,40.29939,307234.0,42984.0,42377.0,572327.0,-44.5,550307.3,15.92,380.2268,453.3764,3.2,18.07,5.82,5.924,5.58,5.7,6.31,7.91,8.27,8.998636,9.894546,0.1039996,-0.2400002,-0.1200004,0.4899998,2.09,2.45,3.178636,4.074545,88.76,1.5481,137.83,165.13,1.1493,121.1,119.6,113.6,99.4,243.3032,120.9,38.4,136.2,128.7,123.3,177.4,126.6,116.5,146.5,136.1,133.5,133.8,83.42558,106.3298,86.62334,77.54604,11.79,13.64,11.17,74.4
08/01/1991,6058.8,5259.0,47.96752,590631.0,175575.0,69.0396,72.5643,72.6563,76.6435,55.3154,86.764,57.7883,64.6746,44.295,92.2221,66.0549,80.0079,85.4084,59.8,78.6306,60.0,0.522,117484.0,114171.0,6.9,13.9,3446.0,2752.0,2460.0,1292.0,1168.0,430.1,89684.0,22493.0,655.8,4733.0,17025.0,10178.0,6847.0,85758.0,22251.0,5177.5,12869.6,6540.0,18567.0,40.2,3.9,40.6,44.0,1049.0,120.0,238.0,429.0,262.0,944.0,114.0,217.0,375.0,238.0,52.9,60.1,48.3,39.0,140436.0,129838.0,27962.0,530170.0,826.28,1.428,866.7,3360.8,260.9,40.18926,309308.0,43392.0,42628.0,561339.0,-131.9,546129.2,15.83,389.4032,463.2577,3.1,19.72,5.66,5.594,5.33,5.39,5.78,7.43,7.9,8.751364,9.645454,-0.066,-0.3299999,-0.27,0.1200004,1.77,2.24,3.091364,3.985455,87.5,1.5201,136.82,168.41,1.1452,121.3,119.9,113.8,99.1,243.9891,121.2,41.8,136.6,129.9,124.0,178.8,126.8,116.4,146.9,136.6,133.9,134.1,83.62434,106.1336,86.8654,77.77771,11.79,13.64,11.18,75.3
09/01/1991,6074.6,5270.4,47.98867,593157.0,176152.0,69.6186,73.3331,73.5701,77.8049,57.5788,87.3197,58.4374,65.0327,44.8808,92.5701,66.7235,81.2149,85.1004,61.2,79.3192,62.0,0.527,117928.0,114609.0,6.9,14.0,3478.0,2734.0,2497.0,1306.0,1191.0,424.6,89743.0,22467.0,649.2,4728.0,17011.0,10161.0,6850.0,85819.0,22227.0,5177.0,12855.9,6529.0,18543.0,40.1,4.0,40.6,47.3,1015.0,104.0,243.0,425.0,243.0,974.0,109.0,213.0,409.0,243.0,54.9,60.7,48.8,45.9,142184.0,126414.0,27158.0,526538.0,830.18,1.428,870.2,3360.6,262.1,40.04408,310675.0,43558.0,42912.0,556131.0,-62.5,542077.1,15.71,387.1985,459.112,3.15,19.88,5.45,5.444,5.22,5.25,5.57,7.14,7.65,8.608,9.5145,-0.006,-0.23,-0.1999998,0.1200004,1.69,2.2,3.158,4.0645,85.88,1.4803,134.3,172.65,1.137,121.5,120.1,114.0,98.4,243.3684,121.3,45.5,137.0,130.0,124.1,179.9,127.0,116.5,147.6,137.1,134.3,134.5,83.92252,106.3403,87.03877,78.15957,11.83,13.67,11.22,76.4
10/01/1991,6074.3,5251.2,47.80465,593756.0,174871.0,69.4723,72.9743,73.2131,77.5334,57.3197,87.0472,57.8363,65.1322,44.7505,93.1681,66.5931,79.3401,83.3489,60.7,79.0576,59.0,0.495,117800.0,114511.0,7.0,14.4,3473.0,2779.0,2638.0,1403.0,1235.0,428.4,89705.0,22417.0,643.1,4698.0,16998.0,10141.0,6857.0,85881.0,22196.0,5170.7,12833.5,6526.0,18593.0,40.2,3.9,40.6,44.7,1079.0,122.0,232.0,462.0,263.0,991.0,122.0,229.0,384.0,256.0,53.1,58.0,50.2,40.5,141691.0,127630.0,27583.0,522517.0,831.92,1.43,878.0,3366.0,263.7,40.02678,312688.0,44007.0,43746.0,551194.0,-59.2,537268.8,15.63,386.8835,457.3874,3.14,19.92,5.21,5.224,4.99,5.04,5.33,6.87,7.53,8.546956,9.488261,0.0139999,-0.2200003,-0.1700001,0.1199999,1.66,2.32,3.336956,4.278261,85.02,1.4781,130.77,172.31,1.1279,121.9,120.5,114.0,100.8,244.3174,121.1,50.0,137.2,130.1,123.9,180.9,127.0,116.5,148.0,137.4,134.4,134.7,84.09371,106.5494,86.97228,78.44165,11.85,13.65,11.25,70.5
11/01/1991,6086.3,5266.2,48.01806,591834.0,174565.0,69.3605,72.9971,73.1606,77.569,57.3819,87.069,57.7864,64.8656,44.8477,92.2137,66.4111,83.3514,83.8907,52.1,78.7346,60.0,0.506,117770.0,114474.0,7.0,14.8,3460.0,2781.0,2718.0,1342.0,1376.0,445.0,89613.0,22315.0,636.2,4640.0,16960.0,10101.0,6859.0,85925.0,22178.0,5165.8,12818.3,6524.0,18627.0,40.2,4.0,40.6,43.0,1103.0,121.0,228.0,472.0,282.0,984.0,122.0,221.0,398.0,243.0,49.5,53.5,50.1,42.8,141817.0,129735.0,31131.0,521179.0,832.87,1.437,887.6,3371.4,265.5,39.99006,314948.0,44614.0,44506.0,550338.0,-10.3,535497.7,15.56,385.9195,454.967,3.15,21.02,4.81,4.854,4.56,4.61,4.89,6.62,7.42,8.48,9.4535,0.0440001,-0.25,-0.1999998,0.0799999,1.81,2.61,3.67,4.6435,83.46,1.4348,129.63,177.96,1.1302,122.4,121.0,114.1,100.7,241.89,120.2,47.6,137.8,131.0,124.5,181.9,127.6,116.7,148.5,138.0,135.0,135.3,84.30595,106.6515,87.31195,78.60249,11.85,13.67,11.26,61.9
12/01/1991,6128.4,5292.4,48.05513,584300.0,174925.0,69.1393,72.5594,72.5711,76.6287,56.9422,85.88,57.9365,64.8956,44.8493,92.8909,66.3596,78.7316,85.0798,50.6,78.5654,60.0,0.492,117466.0,114320.0,7.3,15.4,3473.0,2813.0,2892.0,1388.0,1504.0,456.6,89622.0,22274.0,632.3,4647.0,16916.0,10059.0,6857.0,85989.0,22176.0,5163.3,12821.6,6520.0,18641.0,40.3,4.0,40.7,39.8,1079.0,141.0,246.0,447.0,245.0,1061.0,113.0,240.0,432.0,276.0,46.8,49.5,49.4,38.8,137568.0,121116.0,24905.0,518235.0,835.59,1.46,897.0,3378.1,267.1,39.94456,317544.0,45516.0,45324.0,543770.0,-78.8,534260.4,15.4,388.5105,458.0038,3.11,21.85,4.43,4.484,4.07,4.1,4.38,6.19,7.09,8.308572,9.259048,0.0540004,-0.3599997,-0.3299999,-0.0499997,1.76,2.66,3.878572,4.829048,82.18,1.3855,128.04,182.72,1.1467,122.3,120.8,114.0,98.2,240.6476,118.9,48.9,138.2,130.7,125.1,183.1,127.9,116.8,149.2,138.5,135.3,135.7,84.56971,106.2361,87.49156,79.00735,11.88,13.72,11.26,61.5
01/01/1992,6135.6,5285.1,48.71264,595618.0,179033.0,68.7421,71.8625,71.6669,75.86,54.5856,85.9465,56.8886,64.8472,44.6481,92.9503,65.9717,76.1711,84.7301,50.4,77.9643,59.0,0.471,117978.0,114823.0,7.3,16.1,3398.0,2826.0,3060.0,1437.0,1623.0,441.0,89624.0,22214.0,628.1,4667.0,16840.0,9992.0,6848.0,86098.0,22147.0,5153.8,12817.2,6509.0,18688.0,40.2,3.9,40.6,40.6,1176.0,151.0,291.0,454.0,280.0,1077.0,127.0,263.0,422.0,265.0,47.3,49.6,48.7,44.1,139133.0,126270.0,28794.0,515948.0,833.26,1.428,910.4,3386.7,268.6,39.96253,319625.0,46373.0,46140.0,538488.0,-63.4,533596.3,15.36,416.0759,493.365,2.9,23.35,4.03,3.944,3.8,3.87,4.15,6.24,7.03,8.200455,9.128636,-0.0860002,-0.2300003,-0.1600003,0.1199999,2.21,3.0,4.170455,5.098636,82.24,1.4039,125.46,180.9,1.1571,122.0,120.4,113.4,97.2,238.4568,117.1,45.4,138.3,130.9,124.6,184.3,127.6,117.1,149.6,138.6,135.3,135.7,84.74688,106.4101,87.32713,79.3525,11.87,13.74,11.24,59.1
02/01/1992,6172.4,5321.2,48.73816,597116.0,180010.0,69.2477,72.5411,72.5225,76.5927,56.7393,85.9357,58.2037,65.1507,45.4736,92.5517,66.5535,78.3112,83.3375,58.7,78.5061,61.0,0.478,117753.0,114514.0,7.4,16.7,3277.0,2953.0,3182.0,1478.0,1704.0,442.7,89557.0,22144.0,623.9,4612.0,16831.0,9992.0,6839.0,86102.0,22142.0,5149.2,12817.8,6509.0,18689.0,40.3,3.9,40.7,43.9,1250.0,140.0,317.0,497.0,296.0,1146.0,129.0,311.0,432.0,274.0,52.7,58.3,49.3,44.0,140676.0,126440.0,28512.0,511801.0,831.89,1.422,925.4,3405.6,270.3,40.07466,322591.0,47602.0,47524.0,540178.0,20.3,533158.3,15.24,412.5574,490.8916,2.94,23.83,4.06,3.984,3.84,3.93,4.29,6.58,7.34,8.286842,9.226315,-0.076,-0.22,-0.1299999,0.23,2.52,3.28,4.226842,5.166316,84.14,1.4561,127.7,177.78,1.1825,122.3,120.8,113.8,98.6,237.4726,119.4,45.9,138.6,131.0,124.5,185.6,127.8,117.3,149.9,138.9,135.6,135.9,84.98139,106.5678,87.4258,79.6674,11.9,13.7,11.3,61.8
03/01/1992,6183.0,5326.0,48.79794,599519.0,178266.0,69.802,73.1075,73.1202,77.36,57.9536,86.4641,58.559,65.6888,45.9586,93.8144,67.1899,77.7813,83.7327,59.7,79.0994,64.0,0.502,118144.0,114908.0,7.4,17.1,3412.0,2801.0,3196.0,1425.0,1771.0,429.5,89581.0,22127.0,622.5,4621.0,16805.0,9969.0,6836.0,86169.0,22147.0,5146.5,12820.2,6507.0,18715.0,40.3,4.0,40.7,43.7,1297.0,137.0,328.0,528.0,304.0,1082.0,123.0,265.0,445.0,249.0,54.6,63.3,50.3,44.3,146644.0,129190.0,30314.0,509445.0,832.87,1.418,936.7,3409.5,271.5,40.01782,324383.0,48274.0,48183.0,539244.0,-11.2,532686.4,15.17,407.3645,484.855,3.01,25.45,3.98,4.174,4.04,4.18,4.63,6.95,7.54,8.348637,9.248636,0.1939998,0.0599999,0.1999998,0.6500001,2.97,3.56,4.368637,5.268636,86.19,1.5094,132.86,172.38,1.1928,122.4,120.8,113.9,97.1,239.7259,121.0,48.1,139.1,131.3,125.0,186.8,128.2,117.8,150.4,139.3,136.0,136.3,85.19955,106.4844,87.63245,79.93055,11.93,13.76,11.33,70.3
04/01/1992,6202.4,5336.4,48.83667,603514.0,178827.0,70.3082,73.6968,73.7319,78.1157,59.1663,86.9781,59.242,66.0967,46.1877,93.981,67.5635,80.5405,84.3977,57.8,79.3719,61.0,0.48,118426.0,115181.0,7.4,17.4,3296.0,2821.0,3130.0,1380.0,1750.0,422.9,89715.0,22131.0,618.6,4603.0,16830.0,9976.0,6854.0,86323.0,22160.0,5135.6,12839.9,6516.0,18739.0,40.6,4.4,41.0,45.0,1099.0,123.0,237.0,476.0,263.0,1054.0,118.0,243.0,425.0,268.0,52.6,59.1,47.4,43.2,150040.0,131804.0,31173.0,508012.0,834.49,1.411,943.8,3405.0,273.1,39.87889,326714.0,49041.0,48951.0,536260.0,-35.8,529828.9,15.06,407.4067,484.5309,3.02,25.51,3.73,3.914,3.75,3.87,4.3,6.78,7.48,8.328095,9.209047,0.184,0.02,0.1399999,0.5700002,3.05,3.75,4.598095,5.479047,85.83,1.5194,133.54,175.66,1.1874,122.5,120.9,114.1,98.1,243.3714,121.5,51.1,139.4,130.7,125.6,187.9,128.3,118.1,150.9,139.7,136.4,136.6,85.38352,106.655,87.66434,80.19794,11.95,13.77,11.36,70.5
05/01/1992,6226.6,5356.9,49.07045,598264.0,179362.0,70.5659,74.1363,74.2017,78.6054,61.0623,86.7485,59.9029,66.1421,46.657,93.4908,67.976,78.8755,83.6242,61.2,79.6795,63.0,0.479,118375.0,115162.0,7.6,17.8,3417.0,2788.0,3444.0,1460.0,1984.0,414.0,89827.0,22134.0,615.6,4605.0,16834.0,9978.0,6856.0,86446.0,22144.0,5124.0,12837.9,6527.0,18753.0,40.4,4.2,40.9,49.5,1214.0,124.0,299.0,501.0,290.0,1056.0,125.0,258.0,419.0,254.0,55.7,60.9,50.0,47.0,149937.0,129787.0,31292.0,505546.0,832.73,1.421,950.5,3404.0,274.8,39.81271,328766.0,49336.0,49182.0,532910.0,-40.2,528916.1,14.98,414.8145,490.718,2.99,25.71,3.82,3.754,3.63,3.75,4.19,6.69,7.39,8.2795,9.1295,-0.066,-0.1899998,-0.0699999,0.3700001,2.87,3.57,4.4595,5.309501,84.79,1.4907,130.77,180.95,1.1991,122.9,121.4,114.5,100.3,245.815,121.6,55.0,139.7,131.6,125.9,188.7,128.6,118.3,151.3,140.1,136.7,136.9,85.50034,106.8742,87.80241,80.28482,11.97,13.77,11.39,71.2
06/01/1992,6235.7,5364.2,49.18505,604570.0,179635.0,70.5976,73.9208,73.9569,78.1899,60.2893,86.5173,60.0444,66.4614,46.8127,94.4723,68.198,75.9231,83.2821,57.6,79.7546,63.0,0.465,118419.0,115122.0,7.8,18.2,3518.0,2809.0,3758.0,1608.0,2150.0,419.0,89878.0,22096.0,608.6,4584.0,16825.0,9965.0,6860.0,86544.0,22149.0,5117.5,12846.6,6535.0,18762.0,40.3,4.1,40.8,46.6,1145.0,115.0,276.0,462.0,292.0,1057.0,122.0,242.0,437.0,256.0,53.6,59.8,50.8,43.1,151976.0,132830.0,30574.0,503916.0,836.08,1.411,954.3,3399.8,276.3,39.68388,330176.0,49270.0,49041.0,529244.0,-44.0,526568.7,14.92,408.2741,481.955,3.06,25.08,3.76,3.794,3.66,3.77,4.17,6.48,7.26,8.221364,9.048182,0.0339999,-0.0999999,0.01,0.4100001,2.72,3.5,4.461364,5.288181,83.0,1.425,126.84,185.51,1.196,123.4,121.9,115.1,101.6,247.6777,122.8,53.9,140.1,132.1,126.4,189.6,129.1,118.5,151.7,140.6,137.1,137.3,85.67207,106.7207,88.10744,80.43723,12.01,13.88,11.41,70.7
07/01/1992,6234.0,5360.5,49.33371,612667.0,180350.0,71.178,74.5927,74.7078,79.1957,61.8947,87.2135,60.4358,66.9328,47.2768,94.4723,68.7614,76.2733,83.6624,57.4,80.2222,61.0,0.467,118713.0,115428.0,7.7,18.1,3438.0,2832.0,3614.0,1490.0,2124.0,446.8,89894.0,22075.0,606.8,4570.0,16820.0,9948.0,6872.0,86636.0,22101.0,5100.0,12820.1,6530.0,18817.0,40.3,4.1,40.8,45.5,1139.0,123.0,270.0,472.0,274.0,1089.0,129.0,252.0,441.0,267.0,53.9,59.5,52.5,46.9,151703.0,129711.0,30166.0,498246.0,837.8,1.395,963.2,3400.1,279.1,39.54479,333236.0,49755.0,49471.0,526524.0,-32.6,527250.6,14.89,415.0514,487.1605,3.0,25.61,3.25,3.314,3.21,3.28,3.6,5.84,6.84,8.066818,8.836818,0.0639999,-0.04,0.03,0.3499999,2.59,3.59,4.816818,5.586818,80.78,1.3347,125.88,191.77,1.1924,123.3,121.9,115.2,101.6,247.0364,124.0,56.2,140.5,132.7,126.9,190.6,129.3,118.7,152.2,141.0,137.5,137.6,85.98099,106.825,88.28486,80.83678,12.0,13.77,11.43,67.6
08/01/1992,6261.7,5336.7,49.45385,602921.0,180766.0,70.8121,74.5263,74.6351,79.2485,61.3598,87.5605,60.1342,66.2184,47.0696,93.2017,68.4492,77.2965,79.6854,56.8,79.6673,63.0,0.477,118826.0,115547.0,7.6,18.0,3436.0,2840.0,3579.0,1506.0,2073.0,403.0,89969.0,22045.0,602.9,4581.0,16783.0,9931.0,6852.0,86807.0,22093.0,5091.6,12814.9,6544.0,18883.0,40.3,4.1,40.8,47.3,1226.0,111.0,325.0,478.0,312.0,1075.0,124.0,254.0,425.0,272.0,53.4,58.8,50.3,45.8,149783.0,128117.0,29032.0,494083.0,839.74,1.421,973.7,3404.8,282.0,39.53728,336933.0,50479.0,50228.0,526929.0,4.9,527743.3,14.83,417.9267,490.88,2.97,25.5,3.3,3.254,3.13,3.21,3.47,5.6,6.59,7.95,8.652857,-0.046,-0.1699998,-0.0899999,0.1700001,2.3,3.29,4.65,5.352857,80.05,1.2966,126.23,194.34,1.1907,123.4,121.9,115.1,100.7,244.9333,125.2,53.7,140.8,132.3,127.0,191.5,129.6,118.9,152.6,141.3,137.9,138.0,86.11618,106.8312,88.42844,80.99048,12.05,13.85,11.47,69.5
09/01/1992,6253.7,5370.3,49.76632,611303.0,182497.0,70.9732,74.4348,74.4545,78.8635,61.0038,87.1645,60.3442,66.6742,47.0233,94.3271,68.4862,77.0174,82.0776,53.9,79.522,62.0,0.47,118720.0,115446.0,7.6,18.1,3428.0,2882.0,3504.0,1393.0,2111.0,412.5,90058.0,22020.0,597.2,4584.0,16761.0,9913.0,6848.0,86867.0,22094.0,5079.6,12819.0,6558.0,18829.0,40.3,4.0,40.8,45.1,1186.0,125.0,265.0,522.0,274.0,1114.0,127.0,262.0,447.0,278.0,49.7,51.1,51.2,42.3,150650.0,130135.0,29823.0,491441.0,839.16,1.401,988.1,3416.4,285.0,39.60941,340737.0,51394.0,51107.0,524747.0,-26.2,527021.9,14.83,418.4771,493.5567,3.0,24.52,3.22,3.114,2.91,2.96,3.18,5.38,6.42,7.920476,8.616667,-0.1059999,-0.3099999,-0.26,-0.04,2.16,3.2,4.700476,5.396667,80.65,1.278,122.6,184.65,1.2225,123.7,122.3,115.3,102.8,245.875,122.9,51.6,141.1,132.2,127.0,192.4,129.9,119.1,152.9,141.5,138.2,138.2,86.25224,106.7208,88.52893,81.18113,12.02,13.76,11.46,67.4
10/01/1992,6276.9,5396.3,49.93206,613777.0,184753.0,71.4909,75.1062,75.2739,79.9512,62.276,88.1523,60.7128,67.01,47.5703,94.0139,68.9054,80.871,85.46,54.7,79.825,62.0,0.489,118628.0,115374.0,7.3,18.9,3356.0,2630.0,3505.0,1311.0,2194.0,372.7,90236.0,22028.0,598.8,4600.0,16750.0,9897.0,6853.0,87036.0,22109.0,5079.4,12834.5,6566.0,18828.0,40.3,4.1,40.8,44.7,1244.0,129.0,307.0,519.0,289.0,1132.0,116.0,254.0,485.0,277.0,50.3,53.8,48.6,42.4,150091.0,133027.0,30221.0,489826.0,839.13,1.395,1003.8,3430.1,287.3,39.64436,344565.0,52767.0,52624.0,530087.0,64.1,524348.4,14.72,412.5027,483.33,3.07,26.1,3.1,3.204,2.86,3.04,3.3,5.6,6.59,7.99,8.839545,0.1040001,-0.24,-0.0599999,0.2,2.5,3.49,4.89,5.739545,82.85,1.3176,121.17,165.29,1.2453,124.2,122.8,115.3,102.8,241.4955,120.0,46.4,141.7,132.5,128.1,193.5,130.2,119.4,153.7,142.2,138.7,138.7,86.52177,106.956,88.57935,81.56351,12.05,13.85,11.47,67.5
11/01/1992,6285.1,5414.8,50.01149,614823.0,184383.0,71.7605,75.325,75.5393,80.1233,62.7522,88.1724,61.1248,67.3379,47.8195,94.4785,69.1557,80.9221,84.1338,58.6,79.938,66.0,0.512,118876.0,115669.0,7.4,17.9,3317.0,2923.0,3397.0,1405.0,1992.0,362.0,90363.0,22042.0,598.3,4606.0,16758.0,9904.0,6854.0,87162.0,22110.0,5076.5,12835.1,6578.0,18841.0,40.3,4.2,40.9,47.1,1214.0,113.0,267.0,519.0,315.0,1118.0,134.0,260.0,448.0,276.0,53.6,58.8,51.3,42.1,151503.0,130503.0,29284.0,485022.0,840.74,1.395,1015.7,3432.6,289.5,39.60717,347655.0,53750.0,53646.0,535919.0,70.0,527238.3,14.74,422.844,496.0865,2.98,24.44,3.09,3.534,3.13,3.34,3.68,6.04,6.87,8.096,8.9605,0.444,0.0400002,0.25,0.5900002,2.95,3.78,5.006,5.8705,86.69,1.4291,123.88,152.68,1.2674,124.1,122.6,115.1,102.5,238.291,117.6,42.1,142.1,132.7,128.7,194.5,130.3,119.8,154.3,142.7,139.1,139.1,86.66612,107.121,88.64259,81.74735,12.08,13.88,11.49,78.2
12/01/1992,6498.7,5620.5,50.33805,624394.0,185855.0,71.7614,75.4451,75.6135,80.1594,63.4909,87.8599,61.2358,67.1988,47.6311,93.9131,69.0088,84.0163,83.0629,57.9,79.603,65.0,0.504,118997.0,115738.0,7.4,19.0,3189.0,2759.0,3651.0,1595.0,2056.0,336.4,90537.0,22074.0,597.6,4630.0,16767.0,9905.0,6862.0,87341.0,22122.0,5069.5,12840.5,6594.0,18878.0,40.3,4.1,40.9,45.9,1227.0,155.0,277.0,531.0,264.0,1176.0,129.0,280.0,478.0,289.0,54.2,61.0,51.5,45.0,154051.0,139958.0,30956.0,486064.0,843.59,1.378,1024.9,3431.6,292.2,39.53916,350912.0,54421.0,54298.0,532258.0,-43.9,527669.0,14.29,435.6396,509.4973,2.9,24.09,2.92,3.544,3.22,3.36,3.71,6.08,6.77,7.977273,8.810454,0.6239998,0.3,0.4399998,0.79,3.16,3.85,5.057272,5.890454,86.95,1.4219,124.04,155.1,1.2725,124.2,122.7,115.1,101.3,237.5977,117.9,48.0,142.3,132.8,128.9,195.3,130.5,119.8,154.7,143.0,139.4,139.3,86.7899,106.8652,88.79742,81.91327,12.09,13.89,11.51,89.5
01/01/1993,6227.4,5337.8,50.26264,625958.0,186949.0,72.113,75.803,76.0411,80.5428,64.5419,87.9104,61.7662,67.5414,48.3751,94.675,69.7207,78.9987,83.1336,61.5,80.2714,66.0,0.525,119075.0,115853.0,7.3,18.3,3299.0,2649.0,3346.0,1380.0,1966.0,346.9,90824.0,22133.0,598.4,4664.0,16791.0,9922.0,6869.0,87592.0,22191.0,5073.6,12885.4,6610.0,18901.0,40.5,4.4,41.1,46.9,1210.0,130.0,303.0,556.0,221.0,1177.0,142.0,281.0,485.0,269.0,55.8,63.0,52.3,43.3,153372.0,134258.0,28657.0,484858.0,845.74,1.378,1030.4,3426.0,294.2,39.39163,353698.0,54970.0,54805.0,530576.0,-20.2,528330.6,14.94,435.229,504.963,2.88,24.09,3.02,3.124,3.0,3.14,3.5,5.83,6.6,7.9055,8.6665,0.1040001,-0.02,0.1200001,0.48,2.81,3.58,4.8855,5.6465,88.26,1.4774,124.99,153.25,1.2779,124.4,122.9,115.4,101.7,238.519,119.1,49.8,142.8,132.8,129.2,196.4,130.7,119.8,155.3,143.4,139.7,139.7,86.97279,107.0494,88.83238,82.16085,12.13,13.89,11.55,83.4
02/01/1993,6225.3,5336.0,50.34736,625155.0,185389.0,72.365,75.8934,75.9524,80.5743,64.1331,88.1599,61.5751,67.9825,48.7279,94.828,69.8265,81.0005,83.9704,63.5,80.2539,67.0,0.541,119275.0,116150.0,7.1,18.2,3461.0,2580.0,3190.0,1283.0,1907.0,338.4,91065.0,22189.0,588.6,4714.0,16806.0,9928.0,6878.0,87778.0,22235.0,5067.7,12934.5,6620.0,18902.0,40.5,4.4,41.1,47.0,1210.0,125.0,295.0,533.0,257.0,1148.0,143.0,267.0,486.0,252.0,55.2,59.7,51.7,42.6,156122.0,138631.0,32111.0,485326.0,849.24,1.386,1033.5,3421.5,296.2,39.28503,355394.0,54686.0,54641.0,532011.0,17.2,530527.7,15.01,441.7042,508.9147,2.81,24.5,3.03,3.054,2.93,3.07,3.39,5.43,6.26,7.709474,8.393684,0.0239999,-0.0999999,0.04,0.3600001,2.4,3.23,4.679474,5.363685,88.67,1.5178,120.76,143.95,1.2602,124.7,123.2,115.9,101.2,238.6111,118.8,53.9,143.1,134.0,129.6,197.4,131.1,119.8,155.6,143.7,140.1,140.0,87.09424,106.9232,89.10204,82.24924,12.16,13.93,11.58,80.6
03/01/1993,6210.4,5311.2,50.2075,621203.0,182940.0,72.3702,76.0246,76.0272,80.6583,64.4842,88.112,61.8841,67.8392,48.7573,94.3491,69.7251,84.8451,82.2216,56.7,80.0102,66.0,0.54,119542.0,116423.0,7.0,17.6,3260.0,2666.0,3115.0,1309.0,1806.0,351.0,91009.0,22142.0,591.3,4676.0,16795.0,9915.0,6880.0,87774.0,22222.0,5062.8,12923.8,6629.0,18907.0,40.3,4.2,40.8,47.1,1083.0,93.0,246.0,459.0,285.0,1056.0,108.0,253.0,423.0,272.0,53.5,58.1,52.7,45.6,156094.0,133907.0,28913.0,479180.0,854.57,1.404,1038.5,3418.7,298.4,39.17486,357874.0,54970.0,54879.0,525828.0,-74.2,528765.9,15.01,450.1552,517.2379,2.76,23.45,3.07,3.044,2.95,3.05,3.33,5.19,5.98,7.583044,8.145652,-0.026,-0.1199999,-0.02,0.26,2.12,2.91,4.513043,5.075652,87.89,1.5206,117.02,146.17,1.2471,125.0,123.4,116.3,101.7,238.3509,117.5,53.6,143.3,134.0,129.4,198.1,131.1,120.1,156.0,144.0,140.3,140.2,87.26769,106.8759,89.04285,82.56773,12.18,14.0,11.58,75.8
04/01/1993,6312.2,5420.6,50.54036,624413.0,187325.0,72.6235,76.2458,76.2916,80.7754,64.902,88.0805,62.4241,68.1292,49.0209,95.4117,70.1331,83.5643,82.2331,51.6,80.3612,66.0,0.529,119474.0,116400.0,7.1,17.6,3350.0,2620.0,3014.0,1381.0,1633.0,349.2,91287.0,22130.0,589.7,4690.0,16771.0,9896.0,6875.0,88095.0,22255.0,5071.0,12945.5,6653.0,18938.0,40.9,4.9,41.5,44.8,1258.0,119.0,258.0,563.0,318.0,1104.0,117.0,240.0,475.0,272.0,50.2,53.0,52.8,44.7,154847.0,134647.0,30588.0,475432.0,856.88,1.401,1047.6,3418.0,300.9,39.06104,360875.0,55358.0,55285.0,528184.0,28.3,532780.8,14.84,443.0776,504.9957,2.82,23.2,2.96,3.014,2.87,2.97,3.24,5.13,5.97,7.460476,8.140476,0.0539999,-0.0900002,0.01,0.28,2.17,3.01,4.500476,5.180476,85.77,1.4599,112.41,154.47,1.2621,125.7,124.3,116.6,103.2,236.9943,115.7,54.6,143.8,134.0,129.6,199.1,131.4,120.4,156.7,144.5,140.7,140.7,87.50407,107.519,89.06918,82.8451,12.22,14.0,11.63,76.4
05/01/1993,6326.4,5437.6,50.71155,625402.0,188652.0,72.3583,75.9442,75.8924,80.1773,64.9907,87.1487,62.473,67.9076,49.1338,94.5465,70.0706,77.509,82.4635,55.0,80.1783,68.0,0.551,120115.0,117015.0,7.1,17.5,3363.0,2617.0,3101.0,1325.0,1776.0,343.8,91539.0,22189.0,590.6,4753.0,16766.0,9885.0,6881.0,88301.0,22300.0,5082.2,12965.0,6674.0,18951.0,40.6,4.4,41.1,43.6,1260.0,117.0,301.0,555.0,287.0,1112.0,128.0,257.0,458.0,269.0,51.2,55.2,51.5,44.8,157043.0,131396.0,29836.0,469068.0,857.69,1.4,1065.9,3443.5,303.8,39.2338,364949.0,56655.0,56533.0,532628.0,53.3,531288.4,14.76,445.2465,513.6795,2.77,23.21,3.0,3.014,2.96,3.07,3.36,5.2,6.04,7.4295,8.214,0.0139999,-0.04,0.0699999,0.3599999,2.2,3.04,4.4295,5.214,85.53,1.4504,110.34,154.77,1.2698,125.7,124.4,116.3,105.6,235.114,113.2,50.4,144.2,133.5,129.9,200.5,131.6,120.7,157.3,144.8,141.1,141.0,87.76872,107.5462,89.04526,83.29201,12.25,14.02,11.66,68.5
06/01/1993,6325.1,5428.7,50.90346,631184.0,189285.0,72.5371,75.9346,75.8691,80.356,64.4929,87.6578,62.073,68.3082,49.3895,94.4212,69.9971,81.1757,82.1025,53.1,79.9854,67.0,0.545,120290.0,117182.0,7.0,17.8,3218.0,2778.0,3141.0,1355.0,1786.0,340.4,91694.0,22165.0,582.4,4760.0,16742.0,9867.0,6875.0,88498.0,22351.0,5084.1,12999.4,6693.0,18969.0,40.5,4.3,40.9,43.2,1280.0,128.0,287.0,548.0,317.0,1130.0,129.0,266.0,455.0,280.0,49.6,51.6,50.4,46.5,157633.0,135546.0,32421.0,464730.0,860.18,1.391,1075.0,3449.3,306.3,39.30919,367888.0,57086.0,56905.0,533018.0,4.7,533850.6,14.84,448.0595,515.7314,2.81,22.58,3.04,3.124,3.07,3.2,3.54,5.22,5.96,7.326364,8.069546,0.0840001,0.03,0.1600001,0.5,2.18,2.92,4.286364,5.029546,86.26,1.4769,107.41,150.82,1.2789,125.2,123.7,116.3,103.8,233.3565,113.5,50.6,144.3,133.0,129.9,201.3,131.3,121.0,157.8,145.0,141.2,141.1,87.74794,107.6217,88.82247,83.36041,12.26,14.01,11.67,70.4
07/01/1993,6327.9,5424.6,51.14388,628130.0,191154.0,72.7829,76.3802,76.3811,81.1025,64.4391,88.7909,61.9703,68.3169,49.6106,94.4614,70.2026,84.6165,82.2081,52.7,80.1118,68.0,0.565,120467.0,117341.0,6.9,17.7,3292.0,2586.0,3046.0,1276.0,1770.0,355.1,91898.0,22184.0,580.4,4783.0,16740.0,9867.0,6873.0,88774.0,22400.0,5099.9,13025.2,6716.0,19060.0,40.7,4.4,41.1,43.6,1254.0,132.0,284.0,560.0,278.0,1174.0,127.0,261.0,500.0,286.0,50.2,53.8,51.0,45.5,153851.0,132507.0,31153.0,462560.0,859.94,1.397,1084.5,3449.1,309.2,39.25453,371485.0,57729.0,57485.0,535545.0,30.3,535286.8,14.92,447.2871,508.1014,2.81,22.52,3.06,3.074,3.04,3.16,3.47,5.09,5.81,7.174762,7.933333,0.0139999,-0.02,0.1000001,0.4100001,2.03,2.75,4.114762,4.873333,88.04,1.5147,107.69,149.55,1.282,125.1,123.4,116.3,101.6,235.4324,114.6,51.4,144.5,132.8,130.1,202.2,131.3,121.2,158.1,145.2,141.3,141.2,87.86503,107.8592,88.79321,83.52784,12.28,14.04,11.69,64.7
08/01/1993,6350.3,5442.5,51.19101,631348.0,191292.0,72.7793,76.2792,76.1764,81.0689,63.848,89.0288,61.6189,68.4286,49.6592,94.9171,70.126,86.3586,82.0894,53.9,79.9107,71.0,0.601,120856.0,117830.0,6.8,18.0,3176.0,2595.0,3026.0,1256.0,1770.0,341.0,92091.0,22203.0,574.6,4806.0,16741.0,9872.0,6869.0,88916.0,22419.0,5095.0,13054.5,6735.0,19028.0,40.7,4.4,41.2,41.9,1300.0,124.0,293.0,562.0,321.0,1230.0,130.0,281.0,522.0,297.0,50.7,55.3,51.8,44.4,153429.0,133602.0,32372.0,459584.0,860.4,1.391,1094.2,3453.2,311.8,39.24522,374551.0,58183.0,57831.0,533889.0,-19.9,537971.4,14.93,454.1277,514.1746,2.76,23.02,3.03,3.054,3.02,3.14,3.44,5.03,5.68,6.846364,7.595,0.0239999,-0.01,0.1100001,0.4100001,2.0,2.65,3.816364,4.565,87.97,1.4966,103.77,149.14,1.308,123.9,121.9,116.2,100.8,235.9227,114.7,52.3,144.8,134.0,130.5,202.8,131.6,121.7,158.6,145.5,141.7,141.6,87.99033,108.0579,88.87904,83.66176,12.3,14.07,11.72,66.0
09/01/1993,6347.5,5438.2,51.48237,636971.0,192025.0,73.0957,76.6794,76.6234,81.2963,65.1318,88.7398,62.4336,68.6447,50.1907,94.8853,70.5385,85.8865,84.0962,55.2,80.2575,71.0,0.604,120554.0,117380.0,6.7,18.1,3127.0,2516.0,3042.0,1286.0,1756.0,338.5,92319.0,22252.0,577.6,4823.0,16769.0,9896.0,6873.0,89108.0,22467.0,5107.0,13080.7,6759.0,19041.0,40.9,4.6,41.3,44.5,1343.0,148.0,312.0,567.0,316.0,1251.0,137.0,286.0,514.0,314.0,50.8,52.6,51.3,46.2,156977.0,134803.0,30511.0,455058.0,864.63,1.385,1104.2,3460.1,315.0,39.28875,378268.0,58871.0,58443.0,533938.0,0.6,541155.0,15.04,459.2352,517.3743,2.73,23.74,3.09,3.034,2.95,3.06,3.36,4.73,5.36,6.657143,7.341905,-0.056,-0.1399999,-0.03,0.27,1.64,2.27,3.567143,4.251904,87.01,1.4182,105.57,152.48,1.3215,124.1,122.1,116.3,101.2,235.519,113.4,49.0,145.0,133.7,130.4,203.6,131.3,122.1,159.0,145.6,141.8,141.7,88.06847,108.3533,88.60017,83.88741,12.33,14.03,11.77,66.8
10/01/1993,6355.5,5450.9,51.57798,639691.0,193678.0,73.6173,77.1421,77.1506,81.6779,66.8022,88.4924,63.4,69.2347,50.8046,95.14,71.1044,84.866,86.5429,56.1,80.7652,74.0,0.627,120823.0,117739.0,6.8,18.1,3336.0,2514.0,3029.0,1220.0,1809.0,354.0,92595.0,22305.0,577.4,4868.0,16777.0,9911.0,6866.0,89332.0,22524.0,5116.4,13117.1,6781.0,19042.0,40.7,4.5,41.3,46.0,1392.0,126.0,361.0,590.0,315.0,1287.0,146.0,299.0,541.0,301.0,53.4,58.9,50.7,48.6,159445.0,137589.0,31379.0,451332.0,864.23,1.379,1113.0,3464.3,317.3,39.2296,381544.0,59594.0,59309.0,532014.0,-23.1,545962.6,15.1,463.9005,527.1868,2.72,23.97,2.99,3.134,3.02,3.12,3.39,4.71,5.33,6.67,7.312381,0.1440001,0.03,0.1299999,0.4000001,1.72,2.34,3.68,4.322381,87.87,1.4432,107.02,150.23,1.3263,124.2,122.3,116.4,103.7,237.5762,111.1,50.9,145.6,133.8,132.0,204.5,132.2,122.5,159.4,146.3,142.5,142.3,88.30833,108.6199,89.07068,84.00114,12.36,14.09,11.79,72.5
11/01/1993,6371.9,5467.1,51.71761,642973.0,195190.0,73.9196,77.3185,77.3138,81.808,67.456,88.367,63.6956,69.6857,51.2435,95.349,71.4074,84.7181,86.6475,57.5,80.9588,74.0,0.642,121169.0,118012.0,6.6,18.6,3087.0,2518.0,2986.0,1186.0,1800.0,340.9,92830.0,22347.0,576.9,4887.0,16800.0,9929.0,6871.0,89551.0,22562.0,5126.5,13132.9,6806.0,19068.0,40.8,4.7,41.3,45.5,1376.0,139.0,303.0,605.0,329.0,1357.0,141.0,329.0,557.0,330.0,53.8,60.4,50.9,45.5,159395.0,141220.0,32095.0,448716.0,867.77,1.377,1124.2,3478.0,319.2,39.30864,384050.0,60304.0,60214.0,531727.0,-3.4,549959.4,15.19,462.8905,534.9214,2.72,23.64,3.02,3.274,3.1,3.26,3.58,5.06,5.72,6.928095,7.660476,0.2539999,0.0799999,0.24,0.5599999,2.04,2.7,3.908095,4.640476,89.15,1.4969,107.88,148.08,1.3174,124.4,122.3,116.5,103.0,241.6138,110.2,52.7,146.0,134.4,132.2,205.1,132.4,122.9,159.9,146.6,142.8,142.6,88.47927,108.7793,89.21655,84.18996,12.4,14.11,11.83,70.3
12/01/1993,6582.6,5669.9,51.89318,645006.0,196772.0,74.3063,77.6174,77.5063,82.0284,67.824,88.5139,63.9688,70.1757,51.9598,95.4485,71.8,84.5843,85.483,61.7,81.2388,75.0,0.656,121464.0,118348.0,6.5,18.3,3246.0,2362.0,2968.0,1186.0,1782.0,324.0,93097.0,22413.0,590.0,4925.0,16815.0,9950.0,6865.0,89793.0,22601.0,5140.7,13163.8,6825.0,19109.0,40.8,4.7,41.4,47.1,1533.0,132.0,337.0,699.0,365.0,1461.0,171.0,326.0,646.0,318.0,55.6,62.4,51.5,43.2,161448.0,141901.0,31742.0,445236.0,867.75,1.373,1129.6,3482.2,321.6,39.33524,386586.0,60566.0,60484.0,532439.0,8.5,555742.6,14.85,465.9455,538.3718,2.72,22.79,2.96,3.234,3.06,3.23,3.61,5.15,5.77,6.931818,7.685,0.2739999,0.0999999,0.27,0.6499999,2.19,2.81,3.971818,4.725,89.69,1.4634,109.91,149.13,1.3308,124.4,122.3,116.2,101.7,245.4567,111.5,53.1,146.3,134.1,132.1,205.8,132.4,123.0,160.5,146.9,143.1,142.9,88.52622,108.6384,89.17261,84.31149,12.45,14.15,11.88,78.8
01/01/1994,6352.4,5408.9,52.03106,645741.0,195245.0,74.626,78.1184,78.0664,82.7672,69.1454,88.9672,64.3758,70.2786,52.1694,94.9931,71.9626,89.0021,84.3593,59.7,81.2443,86.0,0.653,121966.0,118664.0,6.6,18.6,3184.0,2384.0,3060.0,1327.0,1733.0,363.7,93327.0,22464.0,587.1,4940.0,16854.0,9987.0,6867.0,90010.0,22652.0,5153.5,13180.0,6845.0,19147.0,40.8,4.7,41.4,47.5,1272.0,100.0,250.0,563.0,359.0,1390.0,102.0,298.0,599.0,391.0,56.0,63.5,54.4,43.9,163732.0,147416.0,32189.0,447582.0,869.19,1.374,1131.6,3483.2,324.9,39.3263,390226.0,60895.0,60822.0,534682.0,26.9,559500.1,15.5,472.9929,550.5257,2.69,23.13,3.05,3.064,2.98,3.15,3.54,5.09,5.75,6.924762,7.649524,0.0139999,-0.0699999,0.1000001,0.49,2.04,2.7,3.874762,4.599524,90.11,1.4716,111.44,149.23,1.3173,124.8,122.6,116.5,103.8,247.8271,112.8,58.9,146.3,133.3,131.7,206.4,132.3,123.2,160.8,147.0,143.1,142.9,88.57176,108.8105,89.01402,84.43953,12.45,14.1,11.89,86.4
02/01/1994,6388.4,5470.3,52.43969,651647.0,198634.0,74.6236,77.8743,77.7879,82.8674,69.0388,89.1656,63.5611,70.5643,52.4532,95.6304,72.0143,88.0097,83.7171,60.2,81.1074,79.0,0.682,122086.0,118747.0,6.6,19.0,2652.0,2714.0,3118.0,1359.0,1759.0,348.5,93525.0,22452.0,583.4,4923.0,16863.0,9999.0,6864.0,90223.0,22753.0,5165.1,13253.4,6861.0,19150.0,40.2,4.7,40.9,48.7,1337.0,130.0,275.0,606.0,326.0,1269.0,112.0,278.0,545.0,334.0,56.5,62.2,57.0,44.6,165132.0,144406.0,32816.0,446160.0,872.74,1.367,1136.3,3483.9,328.2,39.24104,393270.0,60515.0,60445.0,532678.0,-24.0,564939.1,15.52,471.58,551.0437,2.7,23.24,3.25,3.364,3.25,3.43,3.87,5.4,5.97,7.075263,7.763684,0.1140001,0.0,0.1800001,0.6199999,2.15,2.72,3.825263,4.513684,89.38,1.4565,106.3,147.92,1.3424,125.0,122.9,116.9,102.1,251.1758,116.2,63.0,146.7,133.2,132.3,207.2,132.4,123.1,161.4,147.4,143.3,143.3,88.78204,109.0083,88.9795,84.77287,12.55,14.28,11.98,83.5
03/01/1994,6412.0,5494.5,52.43827,662497.0,201316.0,75.4083,78.6579,78.5613,83.525,69.6695,89.8325,64.4218,71.3483,53.2471,96.7856,72.9839,85.3105,84.2591,63.4,81.9841,80.0,0.7,121930.0,118576.0,6.5,19.0,2789.0,2543.0,3055.0,1275.0,1780.0,334.1,93947.0,22549.0,580.2,4990.0,16896.0,10025.0,6871.0,90588.0,22863.0,5182.9,13323.6,6880.0,19190.0,41.1,4.9,41.7,48.2,1564.0,128.0,362.0,672.0,402.0,1342.0,121.0,305.0,576.0,340.0,56.9,62.8,55.4,43.0,168007.0,147214.0,31401.0,444810.0,873.49,1.346,1140.3,3489.6,331.2,39.20487,396077.0,60299.0,60244.0,532459.0,-2.6,571555.8,15.62,463.8078,543.7117,2.78,20.98,3.34,3.724,3.5,3.78,4.32,5.94,6.48,7.484348,8.12913,0.3840001,0.1600001,0.4400001,0.9800003,2.6,3.14,4.144348,4.78913,88.78,1.4292,105.1,149.19,1.3644,125.1,122.9,117.1,103.8,253.7157,118.5,62.9,147.1,133.8,132.6,207.9,132.5,123.3,162.0,147.8,143.6,143.6,89.00935,109.2909,89.02274,85.08395,12.52,14.2,11.95,85.1
04/01/1994,6490.5,5569.8,52.6456,659008.0,201143.0,75.7834,78.9712,78.8121,83.6234,70.484,89.5864,64.9626,71.796,54.119,96.6718,73.5601,82.0278,85.6432,61.4,82.3985,80.0,0.712,122290.0,118862.0,6.4,19.0,2842.0,2430.0,2921.0,1175.0,1746.0,344.5,94267.0,22640.0,578.0,5047.0,16932.0,10057.0,6875.0,90850.0,22882.0,5200.7,13366.3,6888.0,19223.0,41.1,4.9,41.7,50.1,1465.0,153.0,359.0,615.0,338.0,1392.0,135.0,306.0,600.0,351.0,57.4,62.7,57.2,45.9,167651.0,145702.0,33067.0,443047.0,874.89,1.355,1141.1,3493.5,333.6,39.2125,398910.0,60503.0,60379.0,535814.0,40.3,575973.8,15.58,447.2321,520.3605,2.9,20.43,3.56,3.924,3.68,4.09,4.82,6.52,6.97,7.882105,8.522632,0.3640001,0.1200001,0.5300002,1.26,2.96,3.41,4.322105,4.962632,88.76,1.4383,103.48,148.23,1.383,125.1,122.9,117.1,103.8,252.9505,119.1,63.5,147.2,133.5,132.8,209.0,132.6,123.5,162.2,148.0,143.8,143.7,89.09148,109.2845,89.14424,85.15954,12.55,14.26,11.96,82.6
05/01/1994,6526.1,5608.2,52.54101,660603.0,200276.0,76.2015,79.3158,79.1776,84.2282,70.8579,90.2985,65.1514,72.3007,54.6863,97.4011,74.0567,82.4739,85.8889,62.7,82.7039,83.0,0.777,122864.0,119455.0,6.1,19.5,2652.0,2462.0,2836.0,1140.0,1696.0,358.9,94557.0,22703.0,575.2,5084.0,16961.0,10081.0,6880.0,91118.0,22996.0,5217.2,13399.9,6882.0,19264.0,41.2,4.9,41.8,51.4,1526.0,137.0,340.0,702.0,347.0,1396.0,143.0,315.0,592.0,346.0,58.2,61.6,60.2,47.6,170627.0,147819.0,32566.0,442379.0,883.63,1.366,1143.3,3503.0,336.8,39.25786,401443.0,59972.0,59772.0,540934.0,61.4,583766.1,15.68,450.8986,526.2662,2.89,20.43,4.01,4.444,4.14,4.6,5.31,6.78,7.18,7.991428,8.62381,0.4339995,0.1299996,0.5899997,1.3,2.77,3.17,3.981428,4.61381,87.95,1.4125,103.75,150.42,1.3808,125.1,122.7,117.2,102.2,256.6667,120.5,67.8,147.5,134.0,132.4,209.7,132.9,124.3,162.4,148.2,144.0,144.0,89.23055,109.7381,89.14218,85.31691,12.57,14.3,11.98,84.2
06/01/1994,6519.1,5603.4,52.85093,666667.0,201550.0,76.7097,79.8659,79.7251,84.9687,71.5861,91.0416,65.5515,72.7575,54.8513,97.7079,74.2702,86.267,85.6998,62.0,82.6746,81.0,0.758,122634.0,119335.0,6.1,18.8,2757.0,2449.0,2735.0,1155.0,1580.0,337.2,94862.0,22765.0,575.3,5097.0,17011.0,10122.0,6889.0,91371.0,23070.0,5232.5,13448.9,6886.0,19274.0,41.2,4.9,41.8,49.5,1409.0,140.0,317.0,622.0,330.0,1357.0,146.0,301.0,565.0,345.0,58.8,65.0,60.3,48.3,170676.0,150726.0,34528.0,443218.0,888.07,1.36,1145.1,3491.3,339.8,39.01094,404423.0,60048.0,59715.0,545486.0,54.6,589363.3,15.84,454.8259,528.7604,2.84,20.09,4.25,4.444,4.14,4.55,5.27,6.7,7.1,7.965455,8.647727,0.1939998,-0.1100001,0.3000002,1.02,2.45,2.85,3.715455,4.397727,87.11,1.3727,102.53,152.62,1.3836,125.2,122.8,117.8,102.7,256.6955,125.2,69.7,147.9,134.8,133.2,210.5,133.5,124.8,162.8,148.7,144.5,144.4,89.4954,110.032,89.40088,85.57647,12.59,14.32,12.0,82.7
07/01/1994,6523.7,5611.5,52.81228,663745.0,201090.0,76.8793,79.8477,79.6962,84.5815,71.7534,90.3912,66.3192,73.1511,55.7409,97.5418,74.6191,85.8904,84.8532,62.3,82.7831,85.0,0.793,122706.0,119373.0,6.1,19.0,2820.0,2316.0,2822.0,1260.0,1562.0,344.4,95198.0,22807.0,573.5,5125.0,17026.0,10130.0,6896.0,91692.0,23166.0,5248.8,13515.1,6883.0,19301.0,41.2,5.0,41.8,52.3,1439.0,134.0,332.0,594.0,379.0,1335.0,161.0,300.0,567.0,307.0,58.5,64.2,58.1,45.1,171402.0,146925.0,33842.0,441336.0,891.9,1.373,1150.5,3499.6,343.4,38.94763,407846.0,60321.0,59863.0,551484.0,72.0,591189.3,15.88,451.4005,525.876,2.87,19.81,4.26,4.624,4.33,4.75,5.48,6.91,7.3,8.114,8.8035,0.3639998,0.0699997,0.4899998,1.22,2.65,3.04,3.854,4.5435,85.06,1.3239,98.45,154.67,1.3826,125.7,123.4,118.3,101.7,259.9895,128.1,71.6,148.4,134.2,134.4,211.3,134.1,125.3,163.1,149.1,145.1,144.9,89.85399,110.3588,89.78197,85.92725,12.63,14.4,12.02,78.5
08/01/1994,6533.9,5619.8,53.14741,679418.0,203764.0,77.2637,80.223,80.1948,85.4829,73.1026,91.0761,66.4034,73.545,55.7369,98.9228,75.1537,82.9182,85.8309,60.2,83.0857,82.0,0.766,123342.0,119891.0,6.0,18.8,2671.0,2569.0,2750.0,1181.0,1569.0,336.2,95493.0,22877.0,573.9,5139.0,17082.0,10179.0,6903.0,91922.0,23243.0,5275.5,13560.7,6879.0,19306.0,41.1,5.0,41.7,51.4,1450.0,149.0,307.0,680.0,314.0,1377.0,143.0,303.0,589.0,342.0,58.0,63.0,61.6,44.9,174316.0,151441.0,34360.0,438573.0,896.3,1.348,1150.6,3496.8,345.4,38.80561,409570.0,59959.0,59490.0,555437.0,47.4,597132.5,16.05,464.2435,542.4835,2.78,19.71,4.47,4.714,4.48,4.88,5.56,6.88,7.24,8.073479,8.739565,0.2440004,0.0100002,0.4100003,1.09,2.41,2.77,3.603479,4.269565,85.2,1.3184,99.94,154.22,1.3783,126.2,124.0,119.1,101.6,264.0883,128.8,75.2,149.0,133.2,136.0,212.2,134.7,125.5,163.8,149.7,145.6,145.5,90.11069,110.4773,90.10349,86.17317,12.65,14.39,12.06,80.8
09/01/1994,6563.6,5647.8,53.21126,676477.0,204574.0,77.4467,80.2571,80.0642,85.01,73.2962,90.2881,66.7202,73.9046,56.4153,98.5611,75.4002,81.842,86.1326,62.8,83.0593,83.0,0.796,123687.0,120257.0,5.9,18.7,2671.0,2317.0,2746.0,1203.0,1543.0,328.0,95816.0,22946.0,576.0,5175.0,17113.0,10208.0,6905.0,92207.0,23337.0,5294.8,13619.2,6866.0,19337.0,41.0,4.9,41.6,52.5,1474.0,131.0,327.0,645.0,371.0,1412.0,135.0,295.0,608.0,374.0,59.0,62.7,62.5,46.1,174655.0,152369.0,34039.0,438972.0,898.1,1.357,1151.9,3497.0,347.7,38.75697,411756.0,59800.0,59313.0,563361.0,95.1,607291.7,16.16,466.9557,551.4814,2.8,18.52,4.73,4.894,4.62,5.04,5.76,7.08,7.46,8.338572,8.978095,0.164,-0.1100001,0.3099999,1.03,2.35,2.73,3.608572,4.248095,84.12,1.2892,98.77,156.61,1.354,125.9,123.5,119.6,99.7,267.6376,131.2,80.3,149.3,133.6,136.1,213.1,134.8,125.7,164.1,150.0,145.8,145.7,90.22893,110.5628,90.16186,86.32978,12.69,14.46,12.09,83.5
10/01/1994,6622.2,5692.7,53.53254,681640.0,207268.0,78.0976,81.0278,80.9151,85.8641,74.0625,91.1812,67.6668,74.4111,57.2731,98.5758,76.137,82.4073,85.105,63.3,83.5623,88.0,0.855,124112.0,120622.0,5.8,19.3,2424.0,2283.0,2955.0,1364.0,1591.0,334.1,96016.0,22973.0,572.7,5177.0,17143.0,10236.0,6907.0,92387.0,23408.0,5313.4,13662.2,6852.0,19344.0,41.1,5.0,41.8,51.1,1450.0,124.0,320.0,654.0,352.0,1397.0,131.0,318.0,591.0,357.0,59.4,63.0,64.9,47.6,177117.0,151358.0,34945.0,438379.0,903.31,1.354,1150.1,3495.4,350.3,38.69122,414017.0,59374.0,58993.0,572288.0,107.1,615689.7,16.19,463.8129,551.0914,2.82,18.37,4.76,5.384,4.95,5.39,6.11,7.4,7.74,8.567619,9.204762,0.6239996,0.1899996,0.6299996,1.35,2.64,2.98,3.807619,4.444761,83.09,1.2648,98.35,160.64,1.3503,125.5,123.1,120.1,98.6,268.9462,134.0,84.1,149.4,133.0,136.2,214.1,134.8,125.9,164.5,150.2,145.9,145.8,90.3409,110.5084,90.08443,86.56325,12.73,14.56,12.12,85.1
11/01/1994,6618.9,5687.8,53.55503,687645.0,207177.0,78.6114,81.3318,81.2301,85.8889,73.8678,91.3104,68.4059,75.172,58.0181,99.4196,76.7593,79.8497,88.1152,63.9,83.9272,87.0,0.875,124516.0,120942.0,5.6,18.0,2619.0,2164.0,2666.0,1196.0,1470.0,326.9,96416.0,23051.0,572.3,5210.0,17187.0,10274.0,6913.0,92732.0,23522.0,5329.7,13744.2,6842.0,19367.0,41.2,5.0,41.8,51.6,1511.0,176.0,362.0,634.0,339.0,1340.0,137.0,298.0,590.0,315.0,59.2,61.5,64.7,47.3,177895.0,157068.0,36546.0,439252.0,907.18,1.348,1151.0,3498.3,353.0,38.65708,416755.0,59412.0,59163.0,576793.0,54.1,618833.4,16.38,461.0133,548.9657,2.86,17.42,5.29,5.684,5.29,5.72,6.54,7.72,7.96,8.682381,9.315238,0.3940001,0.0,0.4299998,1.25,2.43,2.67,3.392381,4.025238,83.77,1.2956,98.04,158.92,1.3647,126.1,123.9,121.0,99.8,274.8437,140.5,84.5,149.8,132.5,136.7,215.0,135.0,126.3,165.0,150.6,146.2,146.1,90.49571,110.7631,90.16385,86.73771,12.76,14.51,12.16,84.8
12/01/1994,6642.9,5705.5,53.67413,692809.0,206915.0,79.4883,82.0054,81.9158,86.5735,74.7292,91.9093,69.1291,76.2866,59.441,100.1261,77.6627,81.0578,87.2367,59.5,84.5889,90.0,0.923,124721.0,121144.0,5.5,17.8,2581.0,2146.0,2488.0,1121.0,1367.0,323.1,96669.0,23096.0,569.7,5226.0,17218.0,10297.0,6921.0,92961.0,23579.0,5350.5,13755.4,6830.0,19388.0,41.3,5.0,41.8,46.7,1455.0,137.0,327.0,643.0,348.0,1396.0,167.0,323.0,603.0,303.0,56.1,58.9,64.8,45.0,182801.0,160411.0,34383.0,442372.0,912.6,1.346,1150.7,3497.5,354.5,38.61958,418339.0,59466.0,59257.0,583743.0,83.4,631732.2,16.58,455.1857,540.8862,2.91,16.7,5.45,6.134,5.6,6.21,7.14,7.78,7.81,8.461429,9.103333,0.684,0.1500001,0.7600002,1.69,2.33,2.36,3.011429,3.653334,85.47,1.3289,100.18,155.87,1.3893,126.6,124.4,121.5,101.1,283.0079,144.5,87.1,150.1,132.1,137.1,215.9,135.4,126.6,165.2,150.7,146.6,146.4,90.56287,110.7456,90.19279,86.83428,12.77,14.52,12.17,88.8
01/01/1995,6672.1,5721.4,53.65501,695871.0,208079.0,79.7302,82.2429,82.1517,86.6116,75.429,91.6339,69.7222,76.5325,59.7016,100.6378,77.9261,81.2691,87.9197,60.9,84.5481,88.0,0.875,124663.0,121144.0,5.6,17.1,2764.0,2164.0,2396.0,1056.0,1340.0,333.3,96981.0,23146.0,568.2,5234.0,17261.0,10326.0,6935.0,93232.0,23661.0,5373.5,13808.0,6822.0,19397.0,41.2,5.1,41.8,51.9,1407.0,127.0,289.0,656.0,335.0,1282.0,139.0,285.0,567.0,291.0,57.4,59.7,62.7,45.2,184115.0,161206.0,35244.0,444146.0,919.77,1.351,1151.4,3503.0,357.4,38.60001,421054.0,59404.0,59268.0,591613.0,94.4,638391.9,16.69,465.25,551.9376,2.87,17.01,5.53,6.094,5.71,6.21,7.05,7.76,7.78,8.46,9.082,0.5639997,0.1799998,0.6799998,1.52,2.23,2.25,2.93,3.552,85.03,1.2863,99.77,157.46,1.4132,126.9,124.6,122.8,102.1,288.2119,151.2,86.0,150.5,132.2,137.4,216.6,135.4,126.9,166.0,151.2,147.0,146.8,90.75128,111.0335,90.19337,87.10399,12.75,14.37,12.19,88.4
02/01/1995,6678.8,5725.0,53.54384,691955.0,204481.0,79.7133,82.3001,82.3121,86.8797,75.2477,92.1143,69.9297,76.4281,59.7833,99.975,77.8309,83.9883,87.9745,57.4,84.1131,87.0,0.897,124928.0,121308.0,5.4,17.0,2578.0,2197.0,2345.0,1119.0,1226.0,341.2,97180.0,23103.0,563.5,5192.0,17265.0,10348.0,6917.0,93484.0,23727.0,5397.0,13846.3,6813.0,19407.0,40.9,5.1,41.7,50.0,1316.0,130.0,285.0,564.0,337.0,1254.0,112.0,274.0,536.0,332.0,55.1,56.6,60.7,47.0,184197.0,160468.0,36742.0,446032.0,922.37,1.363,1147.5,3500.3,358.5,38.50486,421662.0,58652.0,58593.0,603449.0,142.0,640455.8,16.78,481.9247,569.2384,2.81,17.58,5.92,6.024,5.77,6.03,6.7,7.37,7.47,8.26,8.85,0.1040001,-0.1500001,0.1100001,0.7799997,1.45,1.55,2.34,2.93,84.11,1.2715,98.24,157.2,1.4005,127.2,124.9,123.7,102.9,285.7221,152.8,81.7,150.9,131.9,137.9,217.4,135.6,127.4,166.5,151.6,147.4,147.1,90.90541,110.9947,90.23574,87.34864,12.83,14.59,12.25,85.9
03/01/1995,6687.8,5730.6,53.8174,691711.0,205931.0,79.8124,82.3883,82.3698,86.7954,75.117,92.0525,70.3347,76.5393,60.1865,99.5985,77.9878,83.6958,88.6376,54.8,83.9474,85.0,0.881,124955.0,121321.0,5.4,17.3,2572.0,2276.0,2287.0,949.0,1338.0,339.3,97382.0,23150.0,564.2,5242.0,17262.0,10362.0,6900.0,93659.0,23720.0,5411.7,13819.2,6819.0,19427.0,41.0,4.9,41.5,48.1,1249.0,125.0,276.0,571.0,277.0,1226.0,128.0,274.0,558.0,266.0,52.1,51.9,56.9,47.0,180904.0,161360.0,35752.0,446971.0,927.18,1.371,1146.6,3501.3,362.1,38.45168,424694.0,58209.0,58140.0,610906.0,89.5,648072.2,16.97,493.1535,586.4274,2.76,16.05,5.98,6.024,5.73,5.89,6.43,7.05,7.2,8.120435,8.701304,0.0440001,-0.25,-0.0900002,0.4499998,1.07,1.22,2.140435,2.721304,81.22,1.1709,90.52,160.02,1.4077,127.4,125.1,124.3,102.3,285.9748,151.5,78.9,151.2,132.2,138.4,218.1,135.6,127.6,167.1,152.0,147.6,147.4,91.05714,111.1491,90.20493,87.58785,12.85,14.62,12.24,79.8
04/01/1995,6690.9,5735.1,53.72187,686535.0,206079.0,79.747,82.1793,82.1602,86.4475,74.8649,91.6604,70.4543,76.6424,60.1644,99.407,77.8566,82.85,87.3328,54.1,83.4698,86.0,0.834,124945.0,121379.0,5.8,17.6,2730.0,2370.0,2473.0,1060.0,1413.0,353.8,97537.0,23174.0,562.1,5252.0,17278.0,10379.0,6899.0,93797.0,23782.0,5419.0,13872.1,6812.0,19434.0,40.7,4.7,41.2,47.4,1267.0,108.0,278.0,567.0,314.0,1259.0,129.0,278.0,539.0,313.0,51.5,52.2,56.3,44.2,183808.0,153201.0,35651.0,443634.0,931.59,1.388,1149.3,3509.6,365.5,38.44527,427909.0,57973.0,57862.0,626201.0,183.5,653951.6,17.09,507.9058,603.65,2.68,16.56,6.05,5.994,5.65,5.77,6.27,6.86,7.06,8.026316,8.598948,-0.0560002,-0.4000001,-0.2800002,0.2199998,0.8099999,1.01,1.976315,2.548947,78.66,1.1384,83.69,160.73,1.3762,127.7,125.4,125.0,103.7,286.3111,152.1,74.5,151.8,131.9,139.2,218.6,136.2,127.9,167.7,152.4,148.2,148.0,91.28822,111.2409,90.47662,87.82135,12.87,14.66,12.26,83.8
05/01/1995,6687.3,5725.7,54.10373,691590.0,208295.0,79.9171,82.3889,82.3971,86.6656,74.1685,92.3099,70.7129,76.7652,60.2508,99.5754,77.8866,86.6099,86.5159,49.9,83.16,80.0,0.798,124421.0,121072.0,5.6,17.0,2603.0,2332.0,2577.0,1261.0,1316.0,370.2,97537.0,23120.0,560.1,5220.0,17259.0,10374.0,6885.0,93835.0,23779.0,5422.4,13868.9,6808.0,19418.0,40.5,4.6,41.2,43.7,1314.0,130.0,260.0,580.0,344.0,1271.0,121.0,278.0,546.0,326.0,46.7,44.0,53.3,43.3,181899.0,157716.0,37302.0,443594.0,933.69,1.381,1145.4,3534.6,368.1,38.6642,430527.0,57641.0,57491.0,626995.0,9.5,659306.9,17.3,523.8137,622.9482,2.6,16.78,6.01,5.934,5.67,5.67,6.0,6.41,6.63,7.649091,8.203182,-0.0760002,-0.3400002,-0.3400002,-0.0100002,0.3999996,0.6199999,1.639091,2.193182,79.19,1.1693,85.11,158.74,1.3609,127.8,125.5,125.2,102.4,288.3309,149.1,70.5,152.1,131.6,139.7,219.2,136.4,128.0,168.1,152.8,148.4,148.3,91.4179,110.8353,90.59492,88.04209,12.89,14.69,12.28,80.1
06/01/1995,6704.2,5744.1,54.52306,698256.0,210236.0,80.1416,82.8021,82.8686,87.1098,74.7277,92.6984,71.3245,76.7681,60.5032,99.0432,78.1911,85.9836,86.8511,46.1,83.1342,82.0,0.809,124522.0,121061.0,5.6,15.9,2744.0,2354.0,2266.0,1031.0,1235.0,364.6,97741.0,23139.0,557.9,5250.0,17249.0,10365.0,6884.0,94047.0,23824.0,5438.9,13896.6,6809.0,19445.0,40.8,4.6,41.2,46.5,1281.0,126.0,287.0,559.0,309.0,1305.0,119.0,295.0,565.0,326.0,45.9,43.5,51.8,43.0,181033.0,155263.0,35847.0,440449.0,937.65,1.373,1144.1,3560.0,367.8,38.89959,430119.0,57376.0,57104.0,631259.0,51.2,663290.5,17.43,539.3541,641.4509,2.55,16.53,6.0,5.814,5.47,5.42,5.64,5.93,6.17,7.302727,7.900455,-0.1859999,-0.5300002,-0.5799999,-0.3600001,-0.0700002,0.1700001,1.302727,1.900455,79.08,1.1588,84.64,159.48,1.3775,127.8,125.5,125.5,103.0,294.8268,149.4,64.7,152.4,131.3,140.6,219.9,136.6,128.0,168.5,153.2,148.7,148.6,91.51768,110.6233,90.61365,88.23938,12.94,14.75,12.31,84.1
07/01/1995,6716.8,5752.9,54.36478,690001.0,209805.0,79.86,82.5547,82.5425,86.6309,73.127,92.7498,71.2985,76.4471,60.0939,97.9905,77.7396,86.2441,86.9628,51.6,82.2994,85.0,0.837,124816.0,121437.0,5.7,16.5,2627.0,2565.0,2311.0,1061.0,1250.0,375.7,97828.0,23119.0,557.0,5262.0,17218.0,10361.0,6857.0,94146.0,23835.0,5446.2,13908.2,6816.0,19437.0,40.7,4.6,41.1,48.1,1461.0,115.0,281.0,723.0,342.0,1354.0,117.0,303.0,598.0,336.0,50.7,52.7,51.3,46.5,182299.0,153086.0,35004.0,439264.0,940.42,1.394,1145.4,3578.5,368.1,39.04419,430783.0,57817.0,57446.0,634070.0,33.7,668595.7,17.51,557.3665,665.686,2.5,17.02,5.85,5.664,5.42,5.37,5.59,6.01,6.28,7.4105,8.0385,-0.1859999,-0.4299998,-0.48,-0.2599998,0.1600003,0.4300003,1.5605,2.1885,79.03,1.1556,87.4,159.52,1.3612,128.0,125.6,125.6,101.6,295.378,150.3,58.6,152.6,131.4,139.9,220.6,136.6,128.0,168.9,153.3,148.8,148.7,91.65256,110.5459,90.71687,88.42073,13.0,14.77,12.38,87.4
08/01/1995,6719.1,5756.1,54.63686,703979.0,211640.0,80.9374,83.8217,83.9562,88.0577,75.665,93.649,72.9147,77.2984,61.3888,97.7597,78.6608,92.5703,87.1577,49.1,82.9054,84.0,0.832,124852.0,121478.0,5.7,16.2,2732.0,2434.0,2391.0,1156.0,1235.0,357.1,98107.0,23163.0,555.2,5286.0,17239.0,10382.0,6857.0,94373.0,23877.0,5448.4,13924.9,6825.0,19429.0,40.7,4.7,41.2,45.0,1416.0,119.0,323.0,633.0,341.0,1386.0,121.0,310.0,600.0,355.0,47.1,46.5,49.1,45.5,185066.0,160761.0,36620.0,439622.0,941.82,1.368,1145.5,3600.5,368.9,39.20324,431261.0,57538.0,57256.0,637625.0,42.7,672036.3,17.66,559.11,664.3683,2.49,16.97,5.74,5.694,5.4,5.41,5.75,6.24,6.49,7.566522,8.193044,-0.046,-0.3399997,-0.3299999,0.0100002,0.5,0.75,1.826522,2.453044,81.37,1.1962,94.74,156.68,1.3552,127.9,125.5,125.6,99.7,292.0026,150.8,48.5,152.9,132.5,139.4,221.6,136.8,128.2,169.3,153.6,149.1,149.0,91.84191,110.5964,90.78643,88.6949,13.01,14.77,12.39,86.1
09/01/1995,6742.3,5779.9,54.76255,703118.0,211612.0,81.2344,84.0992,84.2204,88.0994,76.4582,93.3365,73.771,77.6168,62.4242,97.8638,79.3233,88.3794,89.3825,50.5,83.221,83.0,0.833,125133.0,121848.0,5.6,16.2,2857.0,2296.0,2306.0,1045.0,1261.0,363.7,98351.0,23207.0,554.1,5324.0,17246.0,10395.0,6851.0,94574.0,23899.0,5453.0,13938.2,6836.0,19430.0,40.7,4.7,41.2,45.5,1369.0,112.0,299.0,600.0,358.0,1421.0,128.0,315.0,638.0,340.0,48.1,49.4,50.0,40.3,184934.0,164710.0,40270.0,443668.0,944.56,1.374,1141.9,3612.8,369.8,39.31381,431904.0,57310.0,57032.0,640627.0,36.0,677580.5,17.86,578.7655,682.8615,2.42,16.8,5.8,5.614,5.28,5.3,5.62,6.0,6.2,7.3165,7.9345,-0.1860003,-0.52,-0.5,-0.1800003,0.1999998,0.3999996,1.5165,2.1345,82.82,1.1868,100.55,155.9,1.3509,128.1,125.8,125.5,102.0,290.654,149.3,48.8,153.1,132.3,139.1,222.4,136.8,128.3,169.7,153.8,149.2,149.2,91.89646,110.3612,90.8335,88.80344,13.03,14.8,12.41,78.8
10/01/1995,6749.2,5790.1,54.5514,703486.0,211227.0,81.0446,83.6388,83.5486,87.3596,75.5684,92.6677,73.2829,77.7453,62.5448,97.8929,79.1885,84.4708,87.0006,47.0,82.6864,85.0,0.86,125388.0,121950.0,5.5,16.0,2725.0,2380.0,2272.0,1052.0,1220.0,371.4,98464.0,23205.0,553.3,5353.0,17215.0,10385.0,6830.0,94723.0,23939.0,5456.6,13937.2,6847.0,19464.0,40.8,4.7,41.2,45.9,1369.0,126.0,284.0,607.0,352.0,1400.0,128.0,322.0,634.0,316.0,46.7,47.5,48.4,42.2,184788.0,161747.0,37843.0,444835.0,949.08,1.38,1137.3,3623.9,370.9,39.34476,432630.0,56719.0,56474.0,643460.0,34.0,680078.1,17.91,582.9182,682.8104,2.41,16.93,5.76,5.694,5.28,5.32,5.59,5.86,6.04,7.122381,7.75,-0.0660005,-0.48,-0.4400001,-0.1700001,0.0999999,0.2799997,1.362381,1.99,81.81,1.1453,100.84,157.79,1.3458,128.4,126.0,125.4,101.9,292.5155,146.6,46.5,153.5,132.4,139.5,223.0,137.1,128.4,170.3,154.3,149.6,149.6,92.1063,110.2749,90.99294,89.0876,13.07,14.82,12.44,80.8
11/01/1995,6772.9,5820.9,54.98814,709245.0,213984.0,81.2835,83.8368,83.7089,87.697,75.7002,93.0993,73.4497,78.0311,63.1938,97.2451,79.2824,89.3674,87.693,45.0,82.3812,82.0,0.819,125188.0,121850.0,5.6,16.4,2812.0,2353.0,2339.0,1085.0,1254.0,375.3,98613.0,23198.0,550.6,5358.0,17207.0,10389.0,6818.0,94878.0,23979.0,5462.2,13954.2,6860.0,19463.0,40.8,4.7,41.3,44.5,1452.0,99.0,323.0,699.0,331.0,1430.0,126.0,314.0,622.0,368.0,45.9,48.6,45.3,43.3,183872.0,163141.0,39796.0,446429.0,949.4,1.369,1134.1,3631.0,371.5,39.41347,432961.0,56305.0,56101.0,640960.7,-30.0,695420.0,18.14,595.5323,700.1395,2.37,17.14,5.8,5.614,5.36,5.27,5.43,5.69,5.93,7.015714,7.684762,-0.1860003,-0.4400001,-0.5300002,-0.3700004,-0.1100001,0.1299996,1.215714,1.884762,82.13,1.1437,101.94,156.25,1.3534,128.7,126.2,125.2,104.1,296.4581,146.4,44.5,153.7,132.0,139.1,223.7,137.0,128.6,170.7,154.4,149.6,149.7,92.12587,110.0975,90.85627,89.22197,13.09,14.88,12.45,79.7
12/01/1995,6794.6,5836.8,55.34418,712606.0,215207.0,81.6616,84.236,84.2183,87.9943,76.3422,93.2333,74.424,78.3824,63.8008,96.756,79.6542,89.6646,88.4323,46.9,82.3548,88.0,0.889,125088.0,121736.0,5.6,16.3,2662.0,2414.0,2331.0,1117.0,1214.0,363.0,98741.0,23207.0,550.5,5344.0,17229.0,10430.0,6799.0,95000.0,23979.0,5468.6,13967.7,6868.0,19466.0,40.5,4.6,40.9,46.2,1431.0,102.0,306.0,667.0,356.0,1442.0,129.0,300.0,618.0,395.0,46.2,45.9,47.5,43.1,185738.0,168202.0,41578.0,452358.0,947.97,1.361,1127.4,3640.6,372.8,39.43912,434580.0,56483.0,56226.0,647660.3,80.4,696824.3,18.19,614.5715,721.3945,2.3,17.5,5.6,5.514,5.14,5.13,5.31,5.51,5.71,6.821,7.4905,-0.086,-0.46,-0.4699998,-0.29,-0.0899997,0.1100001,1.221,1.8905,82.94,1.1631,101.85,154.05,1.3693,129.3,127.0,125.4,106.5,290.8235,145.4,40.3,153.9,132.2,139.1,224.3,137.3,128.7,170.9,154.7,149.9,150.0,92.30937,110.4146,91.02146,89.38973,13.09,14.76,12.49,83.7
01/01/1996,6818.2,5843.3,55.07713,705493.0,213903.0,81.1736,83.4185,83.3543,86.939,74.2453,92.6647,74.0679,78.286,63.9629,96.0893,79.0975,91.7767,88.539,45.6,81.3623,85.0,0.831,125125.0,121642.0,5.6,16.1,2725.0,2387.0,2371.0,1162.0,1209.0,373.9,98738.0,23196.0,550.2,5355.0,17208.0,10425.0,6783.0,94992.0,23986.0,5470.6,13967.7,6881.0,19450.0,39.4,4.4,39.7,45.3,1467.0,95.0,337.0,639.0,396.0,1387.0,97.0,313.0,610.0,367.0,45.5,44.1,47.8,46.6,182175.0,167361.0,38094.0,459858.0,952.24,1.38,1123.5,3658.3,373.3,39.52331,434879.0,55884.0,55846.0,652763.7,61.2,703275.6,18.27,614.42,720.0663,2.31,17.52,5.56,5.274,5.0,4.92,5.09,5.36,5.65,6.807727,7.465909,-0.2859998,-0.5599999,-0.6399999,-0.4699998,-0.1999998,0.0900002,1.247727,1.905909,83.96,1.1818,105.75,152.88,1.3669,129.7,127.6,125.5,109.8,286.7518,142.7,40.3,154.7,132.7,140.4,225.2,138.2,129.0,171.5,155.5,150.6,150.7,92.56057,110.5053,91.4357,89.58231,13.21,14.93,12.6,78.7
02/01/1996,6879.3,5897.6,55.49301,711868.0,216975.0,82.5449,84.9986,85.0998,88.4863,76.6016,93.8308,76.1516,79.4041,65.4892,96.1047,80.4577,94.2584,90.2462,45.7,82.33,82.0,0.831,125639.0,122092.0,5.5,16.4,2713.0,2266.0,2307.0,1106.0,1201.0,375.9,99137.0,23281.0,553.2,5415.0,17230.0,10441.0,6789.0,95341.0,24030.0,5473.4,14002.0,6900.0,19485.0,40.8,4.7,41.3,44.6,1491.0,132.0,287.0,647.0,425.0,1420.0,116.0,318.0,615.0,371.0,45.9,46.1,49.5,43.3,176199.0,163402.0,38452.0,461304.0,951.98,1.367,1118.6,3671.8,372.5,39.60151,432629.0,54622.0,54587.0,650009.9,-33.0,707496.4,18.23,649.542,763.182,2.22,18.61,5.22,5.024,4.83,4.77,4.94,5.38,5.81,6.9865,7.6265,-0.1959996,-0.3899999,-0.4499998,-0.2799997,0.1600003,0.5900002,1.7665,2.4065,84.19,1.1967,105.79,153.6,1.3752,129.7,127.5,125.0,111.6,284.927,140.3,38.8,155.0,132.2,140.9,225.7,138.3,129.1,172.0,155.8,151.0,151.1,92.71868,110.3323,91.61714,89.78876,13.18,14.9,12.56,77.8
03/01/1996,6907.7,5918.9,55.76671,712222.0,217807.0,82.3641,84.6918,84.5838,87.8202,74.0053,94.0607,75.808,79.3735,65.109,96.4752,80.2122,93.2654,90.0917,47.3,81.6432,84.0,0.851,125862.0,122373.0,5.5,17.3,2594.0,2259.0,2454.0,1124.0,1330.0,391.2,99353.0,23275.0,554.8,5446.0,17192.0,10415.0,6777.0,95610.0,24071.0,5480.2,14030.8,6910.0,19532.0,40.6,4.5,41.1,44.4,1424.0,135.0,330.0,645.0,314.0,1437.0,137.0,335.0,596.0,369.0,46.9,49.1,49.6,40.0,181752.0,167137.0,40635.0,468606.0,948.68,1.361,1122.5,3697.5,374.8,39.76742,435906.0,55294.0,55273.0,660349.7,124.1,710092.3,18.24,647.0748,764.5129,2.22,19.02,5.31,5.184,4.96,4.96,5.34,5.97,6.27,7.34619,8.03619,-0.1259999,-0.3499999,-0.3499999,0.0300002,0.6599998,0.96,2.036191,2.72619,84.17,1.1959,105.94,152.71,1.3656,130.5,128.6,125.3,109.8,286.5933,140.5,39.9,155.5,132.6,141.5,226.2,139.0,129.3,172.4,156.3,151.5,151.6,92.97812,110.3785,92.0763,89.9847,13.15,14.94,12.5,86.2
04/01/1996,6920.8,5923.7,55.98084,718595.0,218691.0,82.9794,85.3606,85.4933,88.7312,77.7489,93.6566,76.733,79.9221,65.9609,96.8319,80.9793,92.092,89.8035,51.6,81.9818,82.0,0.82,125994.0,122588.0,5.6,17.6,2530.0,2358.0,2455.0,1108.0,1347.0,359.2,99531.0,23316.0,556.0,5474.0,17204.0,10450.0,6754.0,95730.0,24084.0,5487.5,14030.7,6924.0,19515.0,40.8,4.7,41.2,44.7,1516.0,141.0,323.0,651.0,401.0,1463.0,145.0,333.0,636.0,349.0,49.3,52.3,49.4,43.9,186018.0,163319.0,36576.0,468138.0,953.74,1.356,1124.8,3708.6,376.1,39.77496,436902.0,55178.0,55088.0,666051.9,68.4,715121.5,18.3,647.1729,767.0795,2.24,19.0,5.22,5.264,4.95,5.06,5.54,6.3,6.51,7.502273,8.19591,0.0440001,-0.27,-0.1599998,0.3200002,1.08,1.29,2.282273,2.97591,84.79,1.218,107.2,151.6,1.3592,130.9,129.0,125.7,114.2,294.8438,140.5,41.5,156.1,131.8,142.9,226.8,139.6,129.2,172.8,156.8,152.1,152.1,93.23958,109.8856,92.57123,90.26057,13.3,14.97,12.69,83.0
05/01/1996,6945.8,5948.3,56.0455,724062.0,220141.0,83.482,85.7754,85.749,88.8397,78.1232,93.6405,77.3164,80.5283,66.6081,97.3414,81.4756,92.4023,89.6538,53.0,82.0389,79.0,0.789,126244.0,122771.0,5.6,17.0,2765.0,2349.0,2403.0,1044.0,1359.0,345.0,99840.0,23358.0,556.9,5498.0,17222.0,10471.0,6751.0,96011.0,24180.0,5500.4,14104.1,6946.0,19529.0,40.8,4.8,41.4,44.7,1504.0,129.0,330.0,695.0,350.0,1457.0,139.0,314.0,663.0,341.0,49.1,51.7,49.9,39.2,187774.0,171326.0,39868.0,471264.0,953.54,1.345,1116.5,3719.5,377.7,39.82199,437425.0,54041.0,53913.0,666935.7,10.6,720453.9,18.36,661.2305,786.77,2.21,19.48,5.24,5.264,5.02,5.12,5.64,6.48,6.74,7.623636,8.297728,0.0240002,-0.2199998,-0.1199999,0.4000001,1.24,1.5,2.383636,3.057728,85.26,1.2539,106.34,151.52,1.3693,130.9,129.1,126.2,114.6,306.2462,141.8,50.2,156.4,131.8,143.5,227.4,139.7,129.2,173.4,157.3,152.5,152.4,93.40315,109.5208,92.69356,90.53809,13.32,15.02,12.7,79.2
06/01/1996,6991.6,5991.6,56.12201,720649.0,219580.0,84.2217,86.5356,86.5564,89.6772,79.926,94.0307,78.3025,81.2405,67.5762,97.6348,82.3508,91.4313,89.8181,55.5,82.4716,85.0,0.899,126602.0,123178.0,5.3,17.6,2552.0,2162.0,2355.0,985.0,1370.0,342.8,100119.0,23400.0,558.0,5534.0,17227.0,10486.0,6741.0,96247.0,24240.0,5517.8,14134.1,6964.0,19528.0,41.0,4.8,41.5,48.2,1467.0,134.0,296.0,668.0,369.0,1429.0,132.0,307.0,640.0,350.0,53.6,59.4,52.8,43.1,190918.0,169821.0,38843.0,475391.0,953.09,1.351,1115.2,3733.4,380.2,39.97368,440021.0,54145.0,53758.0,664567.4,-28.4,726687.6,18.39,668.499,797.0515,2.21,19.63,5.27,5.364,5.09,5.25,5.81,6.69,6.91,7.7095,8.4,0.0939999,-0.1799998,-0.02,0.54,1.42,1.64,2.4395,3.13,85.36,1.2579,108.96,154.16,1.3658,131.3,129.5,125.8,112.2,308.731,139.8,47.9,156.7,131.6,143.4,228.0,139.8,129.3,173.8,157.3,152.7,152.6,93.39645,109.3739,92.42694,90.68501,13.38,15.07,12.76,84.0
07/01/1996,6980.9,5988.0,56.24772,726340.0,220042.0,84.1144,86.3318,86.3323,88.9858,80.2925,92.8525,78.9795,81.2494,67.8921,97.9323,82.5865,86.246,89.2926,52.4,82.2641,82.0,0.829,126947.0,123514.0,5.5,16.7,2672.0,2332.0,2297.0,961.0,1336.0,336.7,100332.0,23417.0,557.6,5557.0,17222.0,10482.0,6740.0,96462.0,24284.0,5521.5,14164.3,6984.0,19547.0,40.8,4.8,41.4,46.7,1472.0,124.0,348.0,659.0,341.0,1450.0,137.0,338.0,617.0,358.0,49.7,51.9,50.8,40.8,191318.0,171337.0,39772.0,480183.0,957.26,1.346,1112.4,3748.5,383.1,40.05688,442586.0,53377.0,53009.0,664621.5,0.6,732630.4,18.55,644.0704,763.5877,2.28,18.98,5.4,5.404,5.15,5.3,5.85,6.64,6.87,7.645,8.353182,0.0039997,-0.25,-0.0999999,0.4499998,1.24,1.47,2.245,2.953182,84.96,1.232,109.19,155.3,1.3697,131.2,129.4,125.5,114.6,309.3345,133.9,44.1,157.0,131.3,143.0,228.6,139.8,129.3,174.4,157.6,152.8,153.0,93.57944,109.2354,92.53738,90.96505,13.41,15.13,12.78,86.5
08/01/1996,7007.4,6017.4,56.44881,728833.0,220605.0,84.6472,86.7225,86.5412,88.8471,79.551,92.9912,79.8756,81.9525,68.8464,98.1288,83.0916,87.2117,90.3699,55.1,82.3256,81.0,0.873,127172.0,123777.0,5.1,17.3,2496.0,2187.0,2267.0,1002.0,1265.0,333.4,100571.0,23479.0,558.0,5586.0,17255.0,10511.0,6744.0,96596.0,24307.0,5535.5,14180.8,6996.0,19504.0,41.0,4.8,41.5,47.4,1557.0,135.0,350.0,684.0,388.0,1413.0,147.0,312.0,627.0,327.0,51.6,54.6,51.9,42.2,189167.0,167236.0,36913.0,478708.0,959.04,1.344,1101.6,3756.1,385.6,40.09981,444668.0,52162.0,51828.0,665032.4,4.9,737209.9,18.59,662.6823,783.07,2.22,19.28,5.22,5.294,5.05,5.13,5.67,6.39,6.64,7.463636,8.175454,0.0740004,-0.1699996,-0.0899997,0.4500003,1.17,1.42,2.243637,2.955454,84.37,1.2029,107.87,154.99,1.3722,131.6,129.9,125.6,115.3,314.5141,131.8,46.6,157.2,130.6,143.0,229.1,139.8,129.5,174.9,157.8,153.0,153.2,93.66878,109.2084,92.44865,91.16201,13.45,15.16,12.82,87.3
09/01/1996,7028.5,6040.9,56.5237,731061.0,222263.0,85.0881,87.2986,87.1982,89.6043,79.6285,94.0613,80.3874,82.2274,69.3266,98.3103,83.6183,87.1371,89.806,53.5,82.405,84.0,0.903,127536.0,124088.0,5.2,16.8,2525.0,2214.0,2220.0,1006.0,1214.0,342.7,100728.0,23497.0,556.1,5610.0,17252.0,10517.0,6735.0,96798.0,24349.0,5551.0,14211.4,7014.0,19567.0,41.1,4.9,41.6,47.2,1475.0,141.0,312.0,679.0,343.0,1392.0,143.0,303.0,598.0,348.0,51.1,54.6,50.0,43.7,192185.0,173847.0,40104.0,482029.0,960.3,1.342,1096.1,3765.1,387.8,40.09221,446057.0,51312.0,50945.0,670023.6,59.9,738986.9,18.56,674.8845,798.5705,2.2,19.28,5.3,5.394,5.09,5.24,5.83,6.6,6.83,7.656,8.345,0.0939999,-0.21,-0.0600004,0.5299997,1.3,1.53,2.356,3.045,85.01,1.2343,109.93,155.93,1.3694,131.7,130.0,126.1,112.7,309.4695,131.3,50.1,157.7,131.3,143.6,229.7,140.3,129.7,175.4,158.3,153.6,153.7,93.91103,109.2935,92.72713,91.41522,13.49,15.24,12.84,90.1
10/01/1996,7029.5,6045.0,56.70188,736784.0,223741.0,85.0992,87.125,86.8959,89.1091,78.1509,94.0241,80.4589,82.4619,69.5183,98.5928,83.5731,87.6338,91.5889,55.4,81.9181,81.0,0.854,127890.0,124427.0,5.2,16.3,2477.0,2334.0,2268.0,1084.0,1184.0,338.7,100984.0,23546.0,556.7,5643.0,17268.0,10531.0,6737.0,96992.0,24411.0,5569.9,14257.2,7024.0,19554.0,41.0,4.9,41.4,46.0,1392.0,132.0,286.0,602.0,372.0,1358.0,142.0,305.0,581.0,330.0,50.5,52.9,50.9,39.6,190120.0,174737.0,40573.0,487675.0,964.79,1.338,1085.8,3780.6,390.0,40.14273,446879.0,50037.0,49750.0,661453.9,-102.8,740894.5,18.6,701.4556,827.4717,2.11,20.07,5.24,5.304,4.99,5.11,5.55,6.27,6.53,7.392727,8.069091,0.0640001,-0.25,-0.1299996,0.3100004,1.03,1.29,2.152728,2.829091,85.39,1.2586,112.41,158.63,1.3508,132.4,130.9,126.0,111.9,297.9309,130.1,45.7,158.2,131.3,143.9,230.3,140.8,129.6,175.8,158.6,154.1,154.1,94.17895,109.2398,93.09948,91.68606,13.48,15.24,12.84,89.9
11/01/1996,7051.3,6066.5,56.86039,742235.0,223219.0,85.8396,88.0817,87.9433,90.1876,79.2798,95.0756,81.7149,82.9373,70.1603,98.9247,84.2749,91.6221,92.1492,58.1,82.1561,87.0,0.891,127771.0,124415.0,5.4,15.9,2920.0,2207.0,2159.0,1013.0,1146.0,336.8,101269.0,23583.0,559.6,5668.0,17276.0,10544.0,6732.0,97251.0,24456.0,5579.4,14284.4,7038.0,19565.0,41.0,4.9,41.5,47.6,1489.0,127.0,339.0,674.0,349.0,1412.0,140.0,313.0,636.0,323.0,53.0,56.9,51.2,42.3,191129.0,174690.0,39388.0,489977.0,967.21,1.331,1083.3,3797.6,392.2,40.24492,448822.0,49779.0,49565.0,662103.2,7.8,744910.4,18.67,735.669,863.1205,2.01,20.64,5.31,5.284,5.03,5.07,5.42,5.97,6.2,7.103684,7.787368,-0.026,-0.2799997,-0.2399998,0.1100001,0.6599998,0.8899999,1.793684,2.477368,84.47,1.2752,112.3,166.23,1.3381,132.5,131.1,125.8,115.7,284.843,131.4,46.3,158.7,131.6,144.6,231.0,141.4,129.5,176.3,159.1,154.6,154.6,94.36221,108.8351,93.40452,91.91074,13.53,15.27,12.89,93.9
12/01/1996,7078.1,6092.2,57.06656,736889.0,223807.0,86.4207,88.6587,88.629,90.4591,80.5578,94.8731,83.3775,83.5214,70.9338,100.0318,85.0404,90.4694,91.1918,58.9,82.4458,86.0,0.879,127860.0,124415.0,5.4,15.6,2621.0,2417.0,2124.0,970.0,1154.0,353.5,101430.0,23597.0,559.9,5675.0,17283.0,10555.0,6728.0,97404.0,24479.0,5583.7,14322.8,7052.0,19571.0,41.1,5.0,41.7,48.6,1370.0,146.0,295.0,657.0,272.0,1411.0,142.0,309.0,629.0,331.0,55.2,61.7,52.0,44.4,187907.0,170558.0,37855.0,490758.0,967.0,1.341,1081.3,3819.2,394.7,40.41526,452051.0,50185.0,50030.0,664962.7,34.3,745920.5,18.74,743.2505,872.9686,2.01,20.59,5.29,5.384,4.91,5.04,5.47,6.07,6.3,7.20381,7.892857,0.0939999,-0.3800001,-0.25,0.1799998,0.7800002,1.01,1.91381,2.602857,85.91,1.329,113.98,166.39,1.3622,132.9,131.6,126.4,122.5,286.3219,133.4,52.0,159.1,131.9,145.7,231.2,141.7,129.6,176.7,159.6,155.1,155.0,94.49897,108.4204,93.68621,92.07604,13.59,15.27,12.95,91.8
01/01/1997,7119.7,6119.1,57.2863,714085.0,215011.0,86.5246,88.5962,88.4808,90.1642,80.119,94.6478,83.702,83.8269,71.3218,99.957,85.0977,89.4961,90.5347,59.8,82.0451,85.0,0.88,128298.0,124849.0,5.3,16.0,2758.0,2219.0,2162.0,1012.0,1150.0,335.7,101638.0,23620.0,563.9,5675.0,17299.0,10572.0,6727.0,97611.0,24494.0,5589.7,14291.1,7064.0,19593.0,40.7,5.0,41.4,49.8,1355.0,157.0,249.0,596.0,353.0,1382.0,160.0,295.0,590.0,337.0,53.8,57.0,49.7,43.1,192509.0,177876.0,39161.0,494694.0,970.99,1.36,1081.4,3833.8,396.8,40.52204,453612.0,49683.0,49639.0,672502.4,90.5,747895.0,18.68,766.2168,900.9723,1.95,21.35,5.25,5.324,5.03,5.1,5.61,6.33,6.58,7.418182,8.095454,0.0739999,-0.2199998,-0.1500001,0.3600001,1.08,1.33,2.168182,2.845454,87.48,1.3913,117.91,165.85,1.3494,133.0,131.7,126.6,127.5,292.1595,136.0,53.3,159.4,132.3,145.6,231.8,141.8,129.4,177.3,160.0,155.3,155.3,94.61024,108.2401,93.82999,92.22269,13.65,15.44,13.0,91.3
02/01/1997,7142.3,6147.6,57.5185,726318.0,216880.0,87.5768,89.4565,89.25,90.6306,81.3123,94.7679,85.1215,85.1107,73.0766,101.0335,86.306,89.1098,90.7957,58.9,82.7348,89.0,0.919,128298.0,124945.0,5.2,15.8,2549.0,2357.0,2140.0,1031.0,1109.0,317.7,101934.0,23687.0,566.4,5722.0,17317.0,10590.0,6727.0,97845.0,24510.0,5604.3,14287.7,7079.0,19598.0,41.0,5.0,41.6,45.9,1486.0,127.0,359.0,644.0,356.0,1445.0,173.0,301.0,609.0,362.0,53.1,57.6,52.1,41.2,196827.0,187580.0,42309.0,497988.0,975.05,1.342,1078.8,3844.8,398.8,40.5484,454555.0,48715.0,48673.0,675694.5,38.3,750137.3,18.63,798.3879,932.3989,1.89,21.28,5.19,5.281,5.01,5.06,5.53,6.2,6.42,7.305263,7.941579,0.0910001,-0.1799998,-0.1300001,0.3400002,1.01,1.23,2.115263,2.751579,90.25,1.4541,122.96,162.56,1.3556,132.7,131.2,126.5,116.6,296.1316,137.0,56.4,159.7,133.0,145.2,232.2,142.1,129.5,177.6,160.3,155.5,155.6,94.82002,108.5067,93.91106,92.48891,13.68,15.51,13.0,94.9
03/01/1997,7176.3,6176.6,57.66814,725146.0,217363.0,88.2708,90.3026,90.2136,91.2962,82.4104,95.2265,86.7271,85.6173,74.0096,101.5224,87.3176,83.8438,92.5069,55.0,83.2175,87.0,0.921,128891.0,125472.0,5.2,15.5,2602.0,2323.0,2110.0,1012.0,1098.0,318.9,102236.0,23738.0,566.6,5751.0,17339.0,10612.0,6727.0,98106.0,24575.0,5619.2,14324.8,7099.0,19608.0,41.3,5.2,41.8,50.8,1457.0,148.0,298.0,642.0,369.0,1436.0,153.0,300.0,647.0,336.0,53.8,58.6,53.1,43.4,197321.0,185505.0,41475.0,497486.0,975.18,1.345,1072.3,3859.5,401.5,40.66986,456265.0,47850.0,47694.0,683973.4,99.3,752190.3,18.56,792.1555,924.4935,1.91,20.5,5.39,5.419,5.14,5.26,5.8,6.54,6.69,7.5595,8.1825,0.0290003,-0.25,-0.1299996,0.4100003,1.15,1.3,2.1695,2.7925,91.05,1.4634,122.77,160.96,1.3725,132.6,131.2,126.1,107.5,297.676,139.7,51.1,159.8,132.4,145.0,233.0,141.8,129.6,178.0,160.4,155.5,155.7,94.89829,108.3982,93.74918,92.72273,13.7,15.46,13.03,93.6
04/01/1997,7181.8,6185.6,57.64133,729509.0,216848.0,88.2838,90.0016,89.7418,90.3408,79.9773,94.9861,87.1758,86.0136,74.5572,101.5816,87.1126,89.8671,91.7195,56.8,82.5313,86.0,0.928,129143.0,125681.0,5.1,15.6,2439.0,2190.0,2176.0,1071.0,1105.0,331.5,102532.0,23767.0,568.7,5764.0,17351.0,10630.0,6721.0,98368.0,24610.0,5630.7,14338.8,7129.0,19603.0,41.3,5.1,41.8,51.8,1492.0,144.0,290.0,707.0,351.0,1421.0,129.0,312.0,646.0,334.0,53.7,56.6,53.4,41.5,196250.0,187202.0,41509.0,498361.0,982.5,1.347,1063.6,3875.9,403.4,40.81809,457829.0,47353.0,47093.0,686619.2,31.7,762222.8,18.68,763.9282,898.0214,1.98,19.89,5.51,5.6,5.16,5.37,5.99,6.76,6.89,7.725909,8.336818,0.0899997,-0.3500004,-0.1400003,0.4799995,1.25,1.38,2.215909,2.826818,92.1,1.4618,125.64,162.93,1.3942,131.8,130.2,125.6,107.8,292.1468,138.2,50.3,159.9,133.0,144.3,233.5,141.6,129.3,178.4,160.5,155.5,155.8,94.95544,107.5631,93.8738,92.91003,13.72,15.51,13.04,92.5
05/01/1997,7211.7,6216.0,57.68467,727431.0,214952.0,88.8524,90.6788,90.4687,90.9306,81.0298,95.3525,88.4769,86.4483,75.5348,101.6064,87.8688,90.0216,93.9175,56.7,82.7405,82.0,0.902,129464.0,126027.0,4.9,15.4,2527.0,2061.0,2121.0,1070.0,1051.0,319.3,102790.0,23810.0,571.1,5793.0,17363.0,10645.0,6718.0,98581.0,24640.0,5642.8,14348.3,7145.0,19601.0,41.3,5.1,41.7,50.7,1442.0,122.0,310.0,641.0,369.0,1414.0,132.0,289.0,618.0,375.0,56.1,62.3,55.0,48.0,196052.0,184195.0,40923.0,498747.0,987.35,1.357,1064.0,3887.8,406.2,40.96657,459460.0,46657.0,46414.0,693145.9,78.3,764197.3,18.68,833.0891,981.6214,1.85,21.24,5.5,5.6,5.05,5.3,5.87,6.57,6.71,7.585714,8.202857,0.0999999,-0.4499998,-0.1999998,0.3699999,1.07,1.21,2.085714,2.702857,90.65,1.4331,119.19,163.22,1.3804,131.5,129.8,125.4,109.1,292.5381,139.1,48.5,159.9,133.3,143.3,234.1,141.4,129.3,178.7,160.5,155.4,155.8,94.90178,107.2636,93.66612,92.97533,13.76,15.58,13.06,96.6
06/01/1997,7237.5,6239.7,57.94947,735949.0,218291.0,89.2612,91.0637,90.9317,91.0143,82.7402,94.6505,89.8612,86.8858,76.2613,101.365,88.4435,85.0106,93.7967,56.5,82.7558,88.0,0.96,129412.0,126003.0,5.0,15.5,2562.0,2175.0,2085.0,1009.0,1076.0,325.6,102984.0,23835.0,571.6,5793.0,17388.0,10674.0,6714.0,98809.0,24678.0,5656.1,14364.4,7156.0,19660.0,41.0,5.0,41.6,51.3,1494.0,114.0,305.0,711.0,364.0,1402.0,141.0,301.0,624.0,336.0,54.9,59.4,54.6,45.0,198543.0,191867.0,43484.0,500724.0,993.56,1.35,1065.8,3903.8,408.5,41.08564,462098.0,46937.0,46570.0,700518.5,88.5,767292.3,18.65,876.2872,1030.398,1.77,21.76,5.56,5.565,4.93,5.13,5.69,6.38,6.49,7.410476,8.020476,0.0050001,-0.6300001,-0.4299998,0.1300001,0.8200002,0.9299998,1.850476,2.460476,90.31,1.4424,114.29,164.49,1.3843,131.3,129.5,125.4,106.2,294.0686,139.7,48.9,160.2,133.1,143.6,234.4,141.5,129.0,179.2,160.8,155.7,156.1,95.01616,107.0993,93.49024,93.28625,13.78,15.62,13.08,98.9
07/01/1997,7270.5,6271.8,58.52927,745683.0,221423.0,89.7754,91.3528,91.1208,91.1569,80.8894,95.7621,90.0951,87.6759,76.8928,102.4323,88.8438,87.7184,91.0757,64.5,82.5901,85.0,0.947,129822.0,126400.0,4.9,16.4,2402.0,2094.0,2119.0,1041.0,1078.0,313.8,103241.0,23861.0,573.8,5817.0,17388.0,10691.0,6697.0,99066.0,24713.0,5674.6,14381.6,7188.0,19686.0,41.1,5.0,41.6,51.7,1437.0,147.0,300.0,657.0,333.0,1440.0,136.0,287.0,658.0,359.0,57.7,61.3,54.7,46.1,201191.0,197443.0,45406.0,503684.0,997.8,1.338,1066.0,3924.4,410.8,41.27449,464700.0,46755.0,46346.0,706960.0,77.3,767885.7,18.64,925.2936,1090.215,1.66,23.05,5.52,5.508,5.05,5.12,5.54,6.12,6.22,7.140454,7.747272,-0.0120001,-0.4699998,-0.4000001,0.02,0.5999999,0.6999998,1.620454,2.227273,91.43,1.4824,115.38,166.94,1.3775,130.9,129.1,125.1,106.2,291.2041,136.9,52.0,160.4,133.3,143.3,234.7,141.4,128.6,179.7,161.0,155.7,156.2,95.08051,106.8549,93.5308,93.41793,13.79,15.63,13.09,102.6
08/01/1997,7313.4,6312.5,58.80937,740926.0,222324.0,91.0059,92.7286,92.8597,92.6468,84.7515,96.1033,92.691,88.7258,78.5515,102.7101,90.3304,86.6015,92.6894,61.5,83.4078,86.0,0.965,130010.0,126651.0,4.8,16.0,2525.0,2120.0,2004.0,929.0,1075.0,332.8,103292.0,23951.0,572.6,5846.0,17451.0,10747.0,6704.0,98958.0,24598.0,5684.9,14406.5,7206.0,19617.0,41.0,5.1,41.6,51.3,1390.0,119.0,283.0,637.0,351.0,1449.0,141.0,309.0,626.0,373.0,56.3,60.3,55.2,43.0,199027.0,193674.0,44873.0,506633.0,1000.89,1.351,1074.7,3953.8,413.1,41.54623,466996.0,46913.0,46315.0,712326.7,64.4,769774.4,18.59,927.7362,1091.764,1.65,23.12,5.54,5.49,5.14,5.19,5.56,6.16,6.3,7.221428,7.816667,-0.0500002,-0.4000001,-0.3499999,0.02,0.6199999,0.7600002,1.681428,2.276667,93.53,1.5128,117.93,160.35,1.3905,131.4,129.7,125.3,106.8,294.7114,137.4,52.1,160.8,132.7,144.1,235.1,141.9,128.3,179.9,161.3,156.0,156.6,95.16627,106.4889,93.80112,93.5022,13.86,15.71,13.17,100.3
09/01/1997,7334.1,6331.5,58.78102,747466.0,222324.0,91.8378,93.4942,93.5652,93.4933,86.0507,96.7324,93.1708,89.6387,79.4951,103.6011,91.1319,86.8979,92.6188,56.6,83.5666,90.0,1.002,130019.0,126627.0,4.9,15.9,2474.0,2102.0,2074.0,1000.0,1074.0,315.4,103738.0,23996.0,574.9,5874.0,17465.0,10761.0,6704.0,99421.0,24810.0,5694.3,14425.1,7227.0,19679.0,41.2,5.1,41.6,51.2,1546.0,154.0,316.0,716.0,360.0,1494.0,138.0,304.0,654.0,398.0,53.9,55.4,54.8,47.1,202671.0,196987.0,45136.0,510100.0,1007.55,1.348,1067.6,3972.9,415.6,41.64526,469231.0,46247.0,45809.0,721818.2,113.9,772912.6,18.6,937.0243,1097.812,1.65,23.02,5.54,5.51,4.95,5.09,5.52,6.11,6.21,7.148095,7.712857,-0.0299997,-0.5900002,-0.4499998,-0.02,0.5700002,0.6700001,1.608095,2.172857,92.95,1.4702,120.89,160.13,1.3872,131.6,130.0,125.5,108.4,293.3757,136.4,53.0,161.2,132.9,144.8,235.5,142.2,128.1,180.4,161.8,156.5,157.0,95.39861,106.4589,94.0675,93.76629,13.89,15.78,13.17,100.7
10/01/1997,7366.3,6364.5,59.05207,746923.0,222556.0,92.5238,94.6251,94.8086,94.842,86.4154,98.5459,94.4102,89.77,80.1554,103.4447,91.7549,93.3992,92.5553,59.4,83.5423,88.0,1.011,130179.0,126867.0,4.7,16.1,2566.0,1966.0,1950.0,916.0,1034.0,310.7,104018.0,24053.0,575.3,5883.0,17513.0,10804.0,6709.0,99703.0,24875.0,5711.8,14463.9,7256.0,19738.0,41.1,5.2,41.8,52.8,1520.0,116.0,324.0,700.0,380.0,1499.0,134.0,297.0,677.0,391.0,56.4,60.9,54.9,45.3,201606.0,197174.0,46313.0,514980.0,1013.77,1.357,1065.6,3990.0,418.2,41.7823,471846.0,45959.0,45690.0,727336.0,66.2,777345.1,18.61,951.1587,1109.195,1.61,23.59,5.5,5.55,4.97,5.09,5.46,5.93,6.03,6.997727,7.571818,0.0500002,-0.5300002,-0.4099998,-0.04,0.4299998,0.5300002,1.497727,2.071818,92.24,1.4516,121.06,163.3,1.3869,131.9,130.4,125.4,113.4,295.7743,135.0,53.6,161.5,132.7,144.7,236.1,142.2,128.1,180.9,162.1,156.7,157.3,95.49497,106.4376,94.08357,93.92618,13.97,15.82,13.28,102.8
11/01/1997,7419.1,6415.9,59.31011,753085.0,224552.0,93.386,95.3114,95.608,95.1319,88.629,97.9315,96.5097,90.8505,81.8586,104.0167,92.8099,93.0603,89.7799,60.1,83.8939,93.0,1.093,130653.0,127267.0,4.6,15.4,2479.0,2027.0,1817.0,879.0,938.0,315.1,104298.0,24112.0,574.4,5899.0,17556.0,10848.0,6708.0,99947.0,24937.0,5721.6,14511.6,7280.0,19761.0,41.0,5.2,41.8,53.7,1510.0,171.0,275.0,666.0,398.0,1469.0,141.0,297.0,652.0,379.0,55.7,57.4,55.2,44.0,204840.0,210050.0,53234.0,528070.0,1018.48,1.352,1070.0,4011.9,421.8,41.99494,476024.0,46411.0,46258.0,736567.5,110.8,777649.4,18.52,938.9237,1095.698,1.65,23.08,5.52,5.64,5.14,5.17,5.46,5.8,5.88,6.870555,7.418889,0.1199999,-0.3800001,-0.3499999,-0.0599999,0.2800002,0.3600001,1.350555,1.898889,92.67,1.4069,125.38,168.89,1.4128,131.6,130.1,125.6,115.8,294.2653,132.7,52.1,161.7,132.7,143.9,236.9,142.1,127.8,181.4,162.2,156.8,157.5,95.53293,105.9685,94.02312,94.11193,14.01,15.87,13.33,102.3
12/01/1997,7458.9,6451.4,59.57944,752777.0,224643.0,93.7553,95.477,95.6313,94.6635,88.4289,97.3405,97.3896,91.4748,82.5884,104.6873,93.2685,91.6132,91.3118,56.7,83.6973,87.0,0.996,130679.0,127274.0,4.7,15.9,2534.0,1937.0,1901.0,917.0,984.0,313.1,104592.0,24183.0,576.5,5938.0,17587.0,10878.0,6709.0,100175.0,24961.0,5731.9,14533.9,7306.0,19766.0,41.3,5.3,42.0,52.1,1566.0,133.0,333.0,707.0,393.0,1456.0,149.0,307.0,621.0,379.0,54.5,57.2,53.9,47.0,203581.0,192290.0,42849.0,524442.0,1025.05,1.362,1072.5,4033.4,425.3,42.2036,479931.0,46875.0,46551.0,737556.5,11.9,784751.8,18.58,962.3655,1113.481,1.62,23.71,5.5,5.7,5.16,5.24,5.53,5.77,5.81,6.766364,7.325909,0.1999998,-0.3400002,-0.2600002,0.0300002,0.27,0.3099999,1.266364,1.825909,94.81,1.4393,129.73,165.97,1.4271,131.4,129.9,125.4,108.8,279.0668,130.4,52.2,161.8,133.0,143.7,237.8,142.1,127.7,181.7,162.4,156.7,157.5,95.57004,105.775,93.96938,94.23925,14.06,15.95,13.35,96.1
01/01/1998,7526.8,6516.5,59.59081,755771.0,225783.0,94.148,95.9114,96.1939,95.0193,88.8038,97.6876,98.3062,91.8132,83.3072,104.6147,93.9662,84.3081,90.6554,55.6,83.7112,90.0,1.048,130726.0,127389.0,4.6,15.6,2587.0,1929.0,1833.0,838.0,995.0,323.4,104858.0,24266.0,578.9,5983.0,17623.0,10920.0,6703.0,100362.0,24992.0,5756.5,14520.0,7325.0,19770.0,41.2,5.2,41.9,51.1,1525.0,148.0,345.0,644.0,388.0,1555.0,173.0,336.0,655.0,391.0,53.8,57.1,53.0,46.2,200485.0,193358.0,44667.0,526337.0,1030.65,1.364,1074.4,4057.1,427.5,42.42473,482202.0,46658.0,46448.0,752385.6,177.9,784065.4,18.38,963.359,1121.681,1.62,23.81,5.56,5.44,5.04,5.03,5.24,5.42,5.54,6.6135,7.1965,-0.1199999,-0.52,-0.5299997,-0.3200002,-0.1399999,-0.02,1.0535,1.6365,96.17,1.4748,129.55,163.5,1.4409,130.7,128.9,124.6,102.8,267.136,128.0,47.0,162.0,133.1,143.0,238.1,142.0,127.8,182.1,162.4,156.8,157.7,95.63054,105.5395,93.86922,94.43662,14.06,15.96,13.35,102.2
02/01/1998,7582.2,6568.2,60.01251,765471.0,226714.0,94.169,95.8948,96.0807,94.7786,88.4253,97.5113,98.2364,91.8802,83.6056,104.039,93.9451,85.2886,88.8205,54.6,83.0898,92.0,1.082,130807.0,127522.0,4.6,15.4,2572.0,1918.0,1809.0,852.0,957.0,319.1,105031.0,24283.0,579.1,5997.0,17627.0,10930.0,6697.0,100534.0,25003.0,5762.7,14509.6,7348.0,19786.0,41.1,5.1,41.7,51.7,1584.0,190.0,376.0,690.0,328.0,1647.0,170.0,373.0,703.0,401.0,52.9,54.6,52.8,46.5,207269.0,201759.0,45540.0,527087.0,1040.69,1.36,1077.8,4089.3,430.0,42.77967,483259.0,45742.0,45684.0,767021.2,175.6,787335.9,18.3,1023.742,1193.253,1.55,24.95,5.51,5.45,5.09,5.07,5.31,5.49,5.57,6.677895,7.256316,-0.0600004,-0.4200001,-0.4400001,-0.2000003,-0.0200005,0.0599999,1.167894,1.746315,95.42,1.4631,125.85,164.08,1.4334,130.6,128.8,124.2,100.8,264.8921,127.9,45.5,162.0,133.0,142.4,238.8,141.8,127.9,182.3,162.4,156.6,157.7,95.5898,105.1994,93.64068,94.54816,14.13,16.03,13.39,104.2
03/01/1998,7630.6,6612.2,60.30265,769133.0,229000.0,94.1916,96.0185,96.1361,94.993,88.8041,97.6509,98.1486,91.7711,83.3272,103.5122,93.778,89.647,89.1468,54.5,82.3513,92.0,1.05,130814.0,127650.0,4.7,14.5,2789.0,1972.0,1772.0,854.0,918.0,314.9,105169.0,24264.0,577.7,5969.0,17637.0,10944.0,6693.0,100697.0,25024.0,5773.1,14510.0,7381.0,19792.0,40.9,5.1,41.6,51.4,1567.0,147.0,311.0,712.0,397.0,1605.0,149.0,316.0,747.0,393.0,52.9,54.9,53.0,46.0,204036.0,195778.0,43951.0,523033.0,1049.74,1.365,1077.4,4115.4,431.9,43.04898,484905.0,45854.0,45812.0,773769.0,81.0,792359.2,18.29,1076.825,1251.572,1.48,26.89,5.49,5.48,5.03,5.04,5.39,5.61,5.65,6.714091,7.319091,-0.0099998,-0.4599996,-0.4499998,-0.0999999,0.1200004,0.1600003,1.224091,1.829091,95.71,1.4901,129.08,166.19,1.4166,130.5,128.7,123.7,99.5,269.4914,126.8,44.2,162.0,132.7,141.5,239.4,141.4,127.7,182.8,162.4,156.5,157.7,95.59807,105.1085,93.22359,94.79021,14.16,16.06,13.44,101.9
04/01/1998,7662.1,6644.0,60.48807,770187.0,231954.0,94.6704,96.5636,96.7509,95.5979,89.2454,98.3288,98.9454,92.1613,84.0432,103.9557,94.4013,88.5067,88.7914,53.3,82.3203,90.0,1.136,131209.0,127852.0,4.3,14.7,2628.0,1918.0,1476.0,594.0,883.0,309.1,105422.0,24338.0,573.3,6049.0,17635.0,10952.0,6683.0,100900.0,25055.0,5781.8,14529.7,7404.0,19816.0,40.8,5.0,41.3,49.0,1540.0,132.0,340.0,690.0,378.0,1547.0,140.0,304.0,690.0,413.0,52.2,55.3,52.4,45.9,204130.0,201595.0,45881.0,525459.0,1055.45,1.37,1076.4,4138.9,433.8,43.24707,486806.0,46130.0,46058.0,768849.1,-59.0,798900.8,18.55,1112.197,1290.173,1.43,27.96,5.45,5.48,4.95,5.06,5.38,5.61,5.64,6.695714,7.330476,0.0300002,-0.5,-0.3899999,-0.0699997,0.1600003,0.1900001,1.245715,1.880476,96.24,1.5051,131.75,167.23,1.4298,130.7,128.9,123.6,100.6,269.6833,127.2,40.5,162.2,132.3,140.9,240.3,141.3,127.8,183.3,162.6,156.6,157.8,95.70358,105.2146,93.25307,94.93005,14.16,16.11,13.41,104.3
05/01/1998,7698.8,6681.3,60.96039,770485.0,233591.0,95.2581,97.1664,97.2515,95.9993,89.7781,98.6707,99.7266,92.7253,84.4379,103.9289,94.8603,90.1594,87.9432,53.2,82.1605,91.0,1.116,131325.0,127959.0,4.4,14.7,2641.0,1950.0,1490.0,651.0,839.0,313.0,105764.0,24360.0,569.9,6087.0,17623.0,10952.0,6671.0,101279.0,25137.0,5792.5,14577.2,7430.0,19875.0,40.9,4.9,41.5,49.3,1536.0,147.0,294.0,707.0,388.0,1554.0,142.0,321.0,723.0,368.0,50.9,51.5,51.5,45.8,203834.0,199085.0,45705.0,526071.0,1058.02,1.373,1078.4,4161.3,436.0,43.41574,488768.0,45531.0,45379.0,785560.2,200.5,802590.8,18.45,1108.417,1294.303,1.45,27.38,5.49,5.5,5.0,5.14,5.44,5.63,5.65,6.697,7.2975,0.0100002,-0.4899998,-0.3499999,-0.0499997,0.1400003,0.1600003,1.207,1.8075,96.44,1.479,134.9,163.82,1.4452,130.5,128.8,123.5,99.6,276.4185,125.6,41.1,162.6,132.7,141.2,241.2,141.7,127.5,183.7,163.1,157.0,158.3,95.84772,104.4556,93.64378,95.12986,14.2,16.12,13.46,101.7
06/01/1998,7744.0,6722.8,61.31445,769436.0,234939.0,94.7414,96.7036,96.6157,94.8293,85.3385,98.9509,100.2572,92.134,83.5564,104.0116,94.2186,94.1227,88.502,50.6,81.0745,90.0,1.062,131244.0,127874.0,4.5,14.1,2546.0,2079.0,1613.0,824.0,789.0,338.0,105972.0,24388.0,568.6,6130.0,17609.0,10950.0,6659.0,101463.0,25168.0,5797.6,14596.1,7457.0,19879.0,40.8,4.8,41.4,47.0,1641.0,139.0,318.0,772.0,412.0,1551.0,155.0,314.0,687.0,395.0,48.9,50.2,50.9,41.9,197500.0,193576.0,45852.0,525319.0,1059.93,1.378,1076.8,4186.8,438.8,43.72652,491754.0,45417.0,45166.0,803684.7,217.5,811347.2,18.51,1108.39,1292.625,1.45,28.04,5.56,5.5,4.98,5.12,5.41,5.52,5.5,6.530455,7.134091,-0.0599999,-0.5799999,-0.4400001,-0.1500001,-0.04,-0.0599999,0.9704547,1.574091,98.12,1.4949,140.33,165.04,1.4655,130.4,128.7,123.1,97.1,273.0477,123.4,39.3,162.8,133.3,141.4,241.8,141.8,127.5,184.0,163.3,157.1,158.5,95.74966,104.0411,93.65572,95.04111,14.19,16.17,13.43,99.3
07/01/1998,7758.6,6741.1,61.33245,766567.0,233573.0,94.3585,96.2477,95.8005,93.8214,81.5265,99.1771,99.5524,91.8425,83.2549,104.0101,93.7857,95.1662,88.9315,50.8,80.2132,91.0,1.054,131329.0,127913.0,4.5,14.1,2593.0,2005.0,1577.0,755.0,821.0,324.1,106040.0,24237.0,564.2,6172.0,17421.0,10782.0,6639.0,101733.0,25199.0,5798.3,14621.0,7490.0,19930.0,40.9,4.8,41.4,45.1,1698.0,152.0,312.0,803.0,431.0,1610.0,158.0,313.0,735.0,404.0,49.2,51.8,50.2,44.1,195314.0,189980.0,44422.0,524034.0,1063.28,1.387,1075.2,4204.2,442.1,43.79744,494594.0,44893.0,44635.0,809803.5,73.4,819073.0,18.52,1156.577,1346.409,1.39,29.23,5.54,5.5,4.96,5.03,5.36,5.46,5.46,6.551363,7.149091,-0.04,-0.5799999,-0.5099998,-0.1799998,-0.0799999,-0.0799999,1.011364,1.609091,98.7,1.5136,140.79,164.37,1.4869,130.7,129.0,123.0,97.4,266.705,121.6,38.4,163.2,133.5,141.7,242.5,142.1,127.8,184.3,163.6,157.4,158.8,95.99191,104.1605,93.88616,95.31472,14.17,16.24,13.34,100.0
08/01/1998,7791.9,6774.3,61.6674,773222.0,232863.0,96.3142,98.4646,98.611,96.9945,92.2961,99.02,102.1618,93.4478,86.3484,103.8207,96.1052,93.1331,89.4228,50.7,81.7236,90.0,1.08,131390.0,127970.0,4.5,13.7,2597.0,1963.0,1626.0,808.0,818.0,309.0,106363.0,24420.0,562.1,6215.0,17563.0,10929.0,6634.0,101902.0,25242.0,5804.8,14638.9,7502.0,19959.0,40.9,4.8,41.4,46.7,1614.0,132.0,316.0,779.0,387.0,1654.0,157.0,309.0,790.0,398.0,49.3,50.9,50.3,44.8,202196.0,199920.0,46655.0,525413.0,1067.48,1.381,1075.3,4227.8,444.8,43.97459,497916.0,44956.0,44685.0,827934.0,217.6,821370.3,18.5,1074.62,1266.947,1.48,27.49,5.55,5.5,4.9,4.95,5.21,5.27,5.34,6.523334,7.143333,-0.0500002,-0.6500001,-0.6000004,-0.3400002,-0.2800002,-0.21,0.9733334,1.593333,100.14,1.4933,144.68,163.42,1.5346,130.4,128.7,122.7,93.6,260.8067,120.5,37.8,163.4,135.1,141.6,243.3,142.2,127.8,184.7,163.9,157.6,159.0,96.14188,103.7981,94.0471,95.56049,14.28,16.32,13.47,98.3
09/01/1998,7821.2,6799.2,61.96951,780644.0,236234.0,96.0591,97.9267,97.9171,96.1064,91.6755,98.0125,101.9454,93.5624,86.9114,102.8722,95.7807,93.3388,87.4748,51.2,80.9983,86.0,1.012,131986.0,128399.0,4.6,14.4,2624.0,1985.0,1688.0,772.0,916.0,301.4,106555.0,24419.0,557.8,6225.0,17557.0,10925.0,6632.0,102121.0,25302.0,5812.3,14672.6,7522.0,19985.0,40.7,4.7,41.3,45.7,1582.0,145.0,314.0,713.0,410.0,1577.0,162.0,319.0,708.0,388.0,48.7,49.4,50.8,43.2,201290.0,202513.0,46473.0,525751.0,1072.44,1.374,1079.9,4270.4,449.8,44.42956,502682.0,44850.0,44599.0,841339.1,160.9,828332.9,18.58,1020.64,1216.629,1.59,26.31,5.51,5.32,4.61,4.63,4.71,4.62,4.81,6.402857,7.088095,-0.1900001,-0.9000001,-0.8800001,-0.8000002,-0.8900003,-0.7000003,0.8928571,1.578095,96.14,1.4,134.48,168.23,1.5218,130.4,128.6,122.3,91.4,254.96,120.7,34.0,163.5,133.1,141.2,244.1,142.0,127.3,185.1,163.9,157.4,159.0,96.11618,103.4982,93.96635,95.61526,14.31,16.27,13.53,93.9
10/01/1998,7833.0,6811.5,62.20119,787200.0,239592.0,96.743,98.6236,98.6814,96.6342,93.668,97.9002,103.1545,94.2236,88.0665,103.0785,96.678,92.8571,87.2569,52.4,81.3229,85.0,1.003,131999.0,128389.0,4.5,14.1,2823.0,1909.0,1582.0,723.0,858.0,312.8,106732.0,24405.0,553.1,6262.0,17511.0,10906.0,6605.0,102328.0,25314.0,5809.0,14681.0,7543.0,20001.0,40.9,4.8,41.4,45.2,1715.0,167.0,355.0,833.0,360.0,1719.0,174.0,338.0,789.0,418.0,48.7,48.0,49.8,47.3,203226.0,200002.0,44294.0,521754.0,1076.0,1.367,1086.0,4310.3,453.7,44.7199,506946.0,44887.0,44714.0,848759.0,89.0,832666.9,18.6,1032.47,1232.99,1.59,26.39,5.07,5.09,3.96,4.05,4.12,4.18,4.53,6.375714,7.182381,0.02,-1.11,-1.02,-0.9500003,-0.8900003,-0.54,1.305714,2.112381,92.66,1.3373,121.05,169.44,1.5452,130.9,129.2,122.2,93.9,253.235,119.3,34.7,163.9,132.7,141.4,244.8,142.3,127.1,185.5,164.2,157.7,159.4,96.38438,103.3782,94.16248,96.00078,14.34,16.38,13.52,87.5
11/01/1998,7870.6,6843.8,62.42823,791196.0,241679.0,96.673,98.393,98.2699,95.9628,93.2733,97.1059,103.3723,94.3627,88.7078,102.9697,96.8436,86.9001,89.4237,50.4,81.0412,89.0,1.094,132280.0,128897.0,4.4,14.5,2510.0,1998.0,1590.0,715.0,875.0,315.9,106973.0,24394.0,548.7,6301.0,17465.0,10876.0,6589.0,102623.0,25372.0,5820.0,14718.2,7560.0,20044.0,40.8,4.8,41.4,45.3,1660.0,142.0,325.0,791.0,402.0,1672.0,174.0,330.0,717.0,451.0,48.2,48.3,50.4,44.6,204651.0,202768.0,44906.0,518895.0,1081.32,1.367,1094.7,4348.3,457.1,45.10408,510415.0,44815.0,44732.0,854735.6,71.7,838001.8,18.57,1144.433,1365.756,1.43,29.5,4.83,5.15,4.41,4.42,4.53,4.54,4.83,6.408947,7.337895,0.3200002,-0.4200001,-0.4099998,-0.2999997,-0.29,0.0,1.578948,2.507895,93.58,1.3852,120.29,166.11,1.5404,130.8,129.1,122.0,93.6,243.2874,118.1,34.5,164.1,132.7,141.3,245.3,142.2,127.2,186.0,164.4,157.8,159.6,96.40591,103.1404,94.08449,96.1228,14.38,16.42,13.54,94.3
12/01/1998,7884.4,6853.8,62.83335,797090.0,243976.0,96.9967,98.4343,98.2235,95.8154,93.8373,96.6487,103.7672,95.0596,90.0138,103.3037,97.3464,86.6176,90.7578,47.7,81.0547,87.0,1.069,132602.0,129320.0,4.4,14.0,2587.0,1806.0,1559.0,756.0,803.0,317.2,107280.0,24452.0,546.1,6378.0,17447.0,10868.0,6579.0,102907.0,25420.0,5833.7,14743.5,7576.0,20079.0,41.1,4.8,41.5,41.9,1792.0,162.0,427.0,763.0,440.0,1742.0,179.0,408.0,750.0,405.0,46.8,49.7,48.5,42.9,206977.0,200964.0,43204.0,514224.0,1081.45,1.357,1095.5,4379.6,460.5,45.37394,513920.0,45168.0,45052.0,850132.3,-55.2,839352.7,18.66,1190.051,1426.916,1.37,31.38,4.68,5.04,4.39,4.4,4.52,4.45,4.65,6.216818,7.226364,0.3600001,-0.29,-0.2799997,-0.1599998,-0.23,-0.0299997,1.536819,2.546364,92.87,1.3604,117.07,167.08,1.5433,131.3,129.8,121.3,90.2,233.3582,116.4,31.9,164.4,132.0,140.9,245.9,142.5,127.0,186.4,164.8,158.1,159.9,96.52237,102.7772,94.36906,96.25535,14.41,16.46,13.56,91.9
01/01/1999,7897.9,6856.6,62.76316,796249.0,245342.0,97.4849,99.0914,98.9977,96.8504,94.0063,98.0531,104.163,95.3163,90.2066,103.5413,97.6668,92.4862,93.5866,55.6,80.9269,92.0,1.141,133027.0,129802.0,4.3,13.4,2462.0,1993.0,1490.0,775.0,714.0,324.9,107396.0,24406.0,536.9,6357.0,17432.0,10858.0,6574.0,103074.0,25450.0,5835.6,14772.4,7596.0,20084.0,40.8,4.8,41.3,45.5,1748.0,150.0,304.0,837.0,457.0,1732.0,167.0,321.0,804.0,440.0,50.6,52.4,51.0,42.6,206193.0,208181.0,46284.0,516871.0,1084.75,1.362,1097.8,4401.9,463.3,45.53458,516818.0,44964.0,44759.0,858997.9,106.4,849501.4,18.79,1248.775,1505.561,1.3,32.86,4.63,4.81,4.34,4.33,4.51,4.6,4.72,6.238421,7.287895,0.1799998,-0.29,-0.3000002,-0.1199999,-0.0300002,0.0899997,1.608421,2.657895,92.02,1.3856,113.29,164.98,1.5194,131.7,130.3,121.2,91.0,238.3142,115.3,33.7,164.7,131.5,140.8,246.5,142.8,126.7,186.6,165.0,158.5,160.2,96.67158,102.7316,94.71922,96.34891,14.44,16.49,13.6,95.7
02/01/1999,7925.9,6883.1,63.11124,809554.0,248562.0,97.8947,99.3903,99.3733,97.0391,94.5265,98.0977,105.0155,95.8707,90.9236,104.1794,98.372,86.7972,94.62,56.0,81.1244,93.0,1.116,132856.0,129647.0,4.4,13.8,2566.0,1946.0,1551.0,749.0,801.0,301.2,107746.0,24434.0,529.8,6429.0,17395.0,10846.0,6549.0,103456.0,25557.0,5856.5,14842.1,7605.0,20144.0,40.8,4.8,41.4,45.8,1670.0,175.0,299.0,852.0,344.0,1720.0,176.0,343.0,802.0,399.0,51.7,55.0,50.8,44.0,210942.0,208916.0,44996.0,516675.0,1090.36,1.347,1096.9,4428.3,467.4,45.81757,520678.0,44851.0,44735.0,867982.1,107.8,858388.1,18.86,1246.582,1509.137,1.3,32.64,4.76,4.82,4.44,4.44,4.7,4.91,5.0,6.395263,7.388947,0.0599999,-0.3200002,-0.3200002,-0.0600004,0.1499996,0.2399998,1.635263,2.628947,93.64,1.4272,116.67,162.76,1.4977,131.2,129.5,120.8,89.0,231.7568,115.1,35.2,164.7,130.8,140.0,247.3,142.4,126.2,186.9,164.9,158.3,160.1,96.6507,102.312,94.50439,96.50491,14.45,16.46,13.63,103.6
03/01/1999,7938.6,6890.3,63.46569,809250.0,249958.0,98.0864,99.2136,99.1105,96.8254,94.0926,97.9763,104.7252,96.556,91.7691,104.3219,98.2797,93.7661,93.7002,55.7,80.6739,89.0,1.141,132947.0,129656.0,4.2,13.4,2473.0,1905.0,1472.0,758.0,714.0,302.7,107828.0,24378.0,527.3,6402.0,17368.0,10843.0,6525.0,103618.0,25588.0,5859.9,14859.6,7613.0,20168.0,40.5,4.8,41.3,47.6,1710.0,157.0,353.0,817.0,383.0,1665.0,167.0,350.0,740.0,408.0,52.4,55.9,52.3,43.8,208457.0,208625.0,44823.0,517871.0,1097.91,1.357,1097.5,4438.5,471.6,45.89289,524921.0,44466.0,44401.0,875787.1,93.7,866780.9,18.92,1281.664,1537.881,1.3,33.77,4.81,4.84,4.44,4.47,4.78,5.14,5.23,6.623044,7.533913,0.0300002,-0.3699999,-0.3400002,-0.0299997,0.3299999,0.4200001,1.813044,2.723913,95.75,1.466,119.47,162.13,1.5176,131.5,130.0,121.1,89.6,226.0722,114.2,42.5,164.8,130.4,140.7,247.9,142.4,125.9,187.4,165.1,158.4,160.3,96.71433,101.9152,94.44629,96.72689,14.51,16.57,13.69,99.0
04/01/1999,7918.3,6880.2,63.79658,807328.0,248666.0,98.2949,99.247,99.0478,96.6619,94.981,97.3656,105.1161,96.9975,92.7943,104.2766,98.6283,92.7508,95.0147,57.2,80.597,88.0,1.087,132955.0,129615.0,4.3,13.3,2781.0,1848.0,1480.0,782.0,698.0,304.7,108135.0,24424.0,521.0,6480.0,17343.0,10833.0,6510.0,103948.0,25655.0,5867.9,14908.8,7625.0,20237.0,40.7,4.7,41.3,48.8,1553.0,142.0,347.0,672.0,392.0,1600.0,166.0,341.0,700.0,393.0,52.3,54.0,49.5,46.4,207076.0,204190.0,44528.0,515737.0,1099.52,1.362,1102.0,4467.5,475.7,45.95121,528338.0,43733.0,43566.0,884637.8,106.2,871104.9,18.94,1334.758,1600.567,1.24,35.42,4.74,4.8,4.29,4.37,4.69,5.08,5.18,6.637273,7.479091,0.0600004,-0.4499998,-0.3699999,-0.0499997,0.3400002,0.4400001,1.897273,2.739091,95.89,1.4971,119.77,160.89,1.4881,132.1,130.8,121.9,91.3,223.6067,114.9,47.4,165.9,131.7,143.6,248.7,144.0,125.9,187.9,166.3,159.6,161.3,97.22269,102.075,95.74467,96.90804,14.58,16.61,13.75,97.4
05/01/1999,7941.6,6900.6,64.16328,817155.0,252334.0,99.0314,100.1122,100.0738,97.7271,96.0137,98.4448,106.4596,97.5549,93.558,104.5852,99.5488,91.5392,94.7337,58.5,80.9905,89.0,1.126,133311.0,129937.0,4.2,13.4,2511.0,1789.0,1505.0,787.0,718.0,303.0,108356.0,24445.0,515.3,6516.0,17333.0,10832.0,6501.0,104140.0,25706.0,5874.4,14939.6,7639.0,20229.0,40.8,4.8,41.4,51.1,1611.0,147.0,348.0,706.0,410.0,1640.0,160.0,347.0,712.0,421.0,54.3,57.8,52.1,43.2,208412.0,209161.0,45969.0,513968.0,1102.88,1.35,1102.8,4486.1,480.0,46.09064,533192.0,43962.0,43834.0,890522.8,70.6,880321.3,19.0,1332.074,1597.575,1.24,35.54,4.74,4.83,4.5,4.56,4.85,5.44,5.54,6.933,7.722,0.0900002,-0.2399998,-0.1799998,0.1100001,0.7000003,0.8000002,2.193,2.982,96.04,1.5078,122.0,161.54,1.4611,132.3,131.0,122.2,96.8,224.5495,117.1,51.2,166.0,131.7,143.4,249.3,143.9,125.7,188.1,166.4,159.6,161.4,97.33212,101.8691,95.78933,97.12094,14.65,16.73,13.8,97.6
06/01/1999,7965.2,6920.6,64.32922,817879.0,252334.0,98.8656,99.4965,99.2343,96.7104,95.4021,97.2592,106.0786,97.9998,94.3122,105.0583,99.2163,93.0412,94.334,61.6,80.3673,85.0,1.059,133378.0,129982.0,4.3,14.3,2521.0,1773.0,1624.0,812.0,812.0,290.0,108579.0,24435.0,511.7,6547.0,17296.0,10818.0,6478.0,104416.0,25751.0,5881.2,14964.6,7655.0,20272.0,40.8,4.9,41.3,51.3,1559.0,166.0,353.0,681.0,359.0,1702.0,175.0,338.0,762.0,427.0,55.8,59.4,52.6,44.5,208610.0,205889.0,45427.0,510911.0,1104.61,1.351,1099.5,4507.1,483.5,46.28571,536755.0,43032.0,42888.0,889803.8,-8.6,882751.3,19.05,1322.553,1594.341,1.25,34.62,4.76,5.04,4.57,4.82,5.1,5.81,5.9,7.233182,8.015,0.2799997,-0.1900001,0.0599999,0.3399997,1.05,1.14,2.473182,3.255,96.99,1.5374,120.72,159.5,1.4695,132.4,131.3,122.6,97.0,225.8323,116.2,54.2,166.0,131.7,143.0,250.0,143.8,125.8,188.3,166.5,159.6,161.4,97.37562,101.6142,95.82813,97.22929,14.73,16.81,13.86,99.8
07/01/1999,7974.7,6929.4,64.51167,820070.0,253767.0,99.4962,99.6617,99.1779,96.2565,95.3864,96.6248,107.0709,99.2639,96.4383,104.4216,99.6718,95.2739,95.3441,58.1,80.3879,86.0,1.058,133414.0,130146.0,4.3,13.6,2643.0,1783.0,1513.0,781.0,732.0,300.9,108803.0,24474.0,513.1,6571.0,17308.0,10837.0,6471.0,104668.0,25798.0,5896.6,14994.9,7670.0,20339.0,40.8,4.8,41.4,50.4,1669.0,179.0,329.0,733.0,428.0,1682.0,162.0,337.0,770.0,413.0,53.6,54.6,54.0,44.9,208522.0,212273.0,48053.0,513840.0,1111.0,1.355,1098.9,4532.3,487.1,46.43056,540148.0,41875.0,41565.0,904618.9,177.8,889466.3,19.13,1380.99,1673.688,1.2,34.62,4.99,5.14,4.55,4.58,5.03,5.68,5.79,7.190476,7.948095,0.1500001,-0.4399996,-0.4099998,0.0400004,0.6900001,0.8000002,2.200477,2.958096,97.33,1.5474,119.33,157.51,1.489,132.7,131.7,123.4,97.3,221.4371,119.0,55.5,166.7,131.5,144.6,250.9,144.5,125.9,188.9,167.1,160.3,162.0,97.61458,101.5764,96.28126,97.42123,14.76,16.82,13.91,99.2
08/01/1999,8010.8,6959.1,64.82075,825394.0,255594.0,99.9767,100.4255,100.2146,97.674,97.8132,97.6259,107.3238,99.3547,96.6764,104.8466,100.3839,94.6027,95.748,58.3,80.6067,86.0,1.092,133591.0,130366.0,4.2,13.1,2546.0,1824.0,1455.0,748.0,706.0,290.5,108959.0,24466.0,511.9,6586.0,17286.0,10820.0,6466.0,104868.0,25840.0,5908.9,15018.8,7672.0,20375.0,40.8,4.9,41.5,53.1,1648.0,180.0,337.0,735.0,396.0,1671.0,166.0,344.0,767.0,394.0,54.8,57.5,51.4,46.0,212848.0,213461.0,48590.0,513618.0,1112.57,1.348,1099.2,4552.3,490.5,46.55375,544806.0,42201.0,41857.0,914110.0,113.9,898599.8,19.16,1327.489,1618.025,1.25,34.67,5.07,5.28,4.72,4.87,5.2,5.84,5.94,7.396364,8.154091,0.21,-0.3500004,-0.2000003,0.1299996,0.77,0.8699999,2.326364,3.084091,95.13,1.5093,113.23,160.58,1.4932,133.5,132.7,124.1,102.4,227.3541,120.2,60.6,167.1,130.9,145.9,251.7,145.0,126.0,189.3,167.6,160.7,162.5,97.78588,101.4472,96.62203,97.56676,14.78,16.83,13.93,98.4
09/01/1999,8000.1,6947.3,64.96915,824387.0,256354.0,99.6093,99.8664,99.4449,96.8843,96.5053,97.0567,106.8033,99.2453,96.2504,105.2628,100.0215,93.5929,97.0432,59.9,79.9619,83.0,1.04,133707.0,130434.0,4.2,13.1,2611.0,1835.0,1449.0,739.0,709.0,294.3,109132.0,24483.0,509.6,6613.0,17279.0,10821.0,6458.0,105053.0,25888.0,5919.1,15032.1,7664.0,20404.0,41.0,4.9,41.5,51.3,1635.0,136.0,357.0,757.0,385.0,1551.0,154.0,336.0,682.0,379.0,57.0,63.5,55.8,43.8,211170.0,212799.0,49190.0,515832.0,1118.16,1.356,1096.5,4567.2,494.5,46.54008,550177.0,41952.0,41614.0,923065.0,107.5,902556.2,19.21,1318.172,1624.129,1.27,31.99,5.22,5.32,4.68,4.88,5.25,5.8,5.92,7.395714,8.202381,0.1000004,-0.54,-0.3399997,0.0300002,0.5800004,0.7000003,2.175714,2.982381,94.0,1.5262,106.88,162.47,1.4771,134.5,134.0,124.6,106.4,231.1014,122.4,65.8,167.8,131.2,147.0,252.5,145.9,126.1,189.8,168.4,161.5,163.2,98.13478,101.3744,97.30082,97.84758,14.85,16.9,13.99,101.5
10/01/1999,8068.6,7014.9,65.08524,828831.0,256617.0,100.9459,101.2636,100.9573,98.7091,99.4991,98.4045,107.7339,100.4977,98.2118,106.1163,101.585,91.9998,97.5386,59.7,80.8524,86.0,1.103,133993.0,130758.0,4.1,13.3,2536.0,1847.0,1438.0,713.0,724.0,285.8,109487.0,24506.0,510.9,6640.0,17273.0,10820.0,6453.0,105438.0,25949.0,5923.9,15077.5,7669.0,20457.0,40.9,4.9,41.4,53.0,1608.0,138.0,389.0,719.0,362.0,1649.0,146.0,343.0,772.0,388.0,57.2,61.3,56.2,48.4,215100.0,217069.0,47140.0,520334.0,1124.84,1.357,1102.4,4586.4,499.1,46.66589,557637.0,41624.0,41343.0,932019.7,107.5,908017.4,19.11,1300.01,1598.373,1.28,31.67,5.2,5.93,4.86,4.98,5.43,6.03,6.11,7.554,8.378,0.73,-0.3399997,-0.2199998,0.23,0.8300004,0.9100003,2.354,3.178,92.81,1.4896,105.97,165.72,1.4776,134.4,133.8,124.9,103.8,232.1229,124.8,68.8,168.1,131.4,147.6,253.1,146.1,126.1,190.2,168.7,161.9,163.5,98.28164,101.1513,97.43362,98.07812,14.88,16.99,13.99,97.1
11/01/1999,8123.8,7070.4,65.39901,836483.0,259778.0,101.5527,101.393,100.9035,98.616,98.6141,98.6442,107.9827,101.7457,99.6811,107.44,102.3609,87.6982,96.2162,60.2,81.1096,85.0,1.102,134309.0,130989.0,4.1,12.9,2562.0,1775.0,1378.0,697.0,682.0,281.8,109742.0,24560.0,511.5,6687.0,17281.0,10824.0,6457.0,105678.0,25991.0,5938.6,15091.3,7672.0,20496.0,41.0,4.9,41.4,53.1,1648.0,149.0,367.0,723.0,409.0,1672.0,169.0,378.0,737.0,388.0,58.1,63.1,56.8,50.0,213783.0,209804.0,46727.0,518699.0,1134.89,1.357,1111.3,4611.2,505.3,46.87665,571453.0,41828.0,41592.0,940427.7,100.9,915814.1,19.09,1391.003,1703.89,1.21,33.29,5.42,5.85,5.07,5.2,5.55,5.97,6.03,7.357619,8.149048,0.4299998,-0.3499999,-0.2200003,0.1300001,0.5499997,0.6100001,1.937619,2.729048,93.95,1.5543,104.65,162.05,1.4674,134.9,134.4,125.4,109.7,230.7781,124.2,68.1,168.4,131.0,147.5,253.9,145.9,125.8,190.9,168.9,162.0,163.7,98.3688,100.9953,97.35302,98.29951,14.9,17.01,14.0,101.0
12/01/1999,8184.5,7128.0,66.21904,840256.0,264434.0,102.3945,102.2791,101.8031,99.6148,98.6717,100.0361,109.0016,102.5268,100.7232,107.5882,103.1171,90.1816,96.7859,60.6,81.3492,87.0,1.128,134523.0,131257.0,4.0,12.9,2642.0,1614.0,1375.0,696.0,680.0,278.3,109992.0,24579.0,512.3,6709.0,17277.0,10829.0,6448.0,105953.0,26065.0,5949.2,15147.7,7675.0,20540.0,40.8,4.8,41.4,55.7,1708.0,152.0,377.0,790.0,389.0,1683.0,174.0,362.0,746.0,401.0,57.8,60.3,56.7,49.1,216748.0,220632.0,50604.0,526263.0,1143.78,1.361,1122.5,4636.8,517.8,47.01117,593826.0,42115.0,41795.0,958439.8,216.1,921546.6,18.98,1428.684,1784.253,1.18,32.37,5.3,5.93,5.2,5.44,5.84,6.19,6.28,7.546364,8.187273,0.6299996,-0.1000004,0.1399999,0.54,0.8899999,0.98,2.246364,2.887273,94.45,1.5841,102.58,161.32,1.4722,135.2,134.8,125.8,104.4,226.5386,125.2,67.4,168.8,131.3,148.8,254.9,146.5,125.5,191.2,169.4,162.5,164.1,98.63187,100.6474,97.87907,98.56038,14.95,17.06,14.06,101.1
01/01/2000,8292.3,7231.2,66.06788,847104.0,263437.0,102.4654,102.1192,101.434,98.4437,100.6739,97.5751,110.6493,102.9053,102.2804,106.4441,103.29,89.391,93.5769,57.8,81.1285,89.0,1.169,136559.0,133863.0,4.0,13.1,2541.0,1749.0,1380.0,659.0,721.0,289.3,110210.0,24636.0,511.3,6752.0,17292.0,10853.0,6439.0,106145.0,26115.0,5954.1,15181.4,7674.0,20571.0,40.9,4.9,41.5,52.8,1636.0,163.0,316.0,779.0,378.0,1727.0,192.0,377.0,726.0,432.0,56.7,60.4,55.0,52.8,220611.0,226390.0,50164.0,531788.0,1143.91,1.35,1121.9,4663.5,525.0,47.12574,591166.0,42500.0,42126.0,967019.0,103.0,928295.2,18.81,1425.585,1788.761,1.18,32.39,5.45,5.81,5.32,5.5,6.12,6.58,6.66,7.7805,8.3325,0.3600001,-0.1299996,0.0500002,0.6700001,1.13,1.21,2.3305,2.882501,94.28,1.59026,105.296,164.04,1.4486,135.2,134.7,126.4,106.8,227.9125,127.8,72.4,169.3,130.7,149.1,255.6,146.7,125.3,192.0,170.0,162.8,164.6,98.95865,100.5924,98.02168,99.06116,15.01,17.11,14.13,108.6
02/01/2000,8328.5,7265.6,66.68102,834981.0,265845.0,102.8375,102.5617,101.9868,99.0335,100.4099,98.5184,111.5423,103.1829,102.8552,106.2957,103.5681,93.3517,95.0326,59.1,80.9924,90.0,1.152,136598.0,133912.0,4.1,12.6,2604.0,1912.0,1300.0,671.0,629.0,293.9,110303.0,24608.0,512.9,6730.0,17284.0,10849.0,6435.0,106294.0,26139.0,5956.3,15196.4,7674.0,20599.0,41.1,5.0,41.6,53.6,1737.0,171.0,384.0,748.0,434.0,1692.0,176.0,366.0,735.0,415.0,55.8,58.9,54.4,44.9,212134.0,207074.0,44684.0,530399.0,1146.96,1.374,1108.8,4678.8,518.1,47.13884,572932.0,41399.0,41291.0,983462.5,197.3,934557.0,18.79,1388.875,1750.325,1.21,31.67,5.73,5.9,5.55,5.72,6.22,6.68,6.52,7.677,8.287,0.1700001,-0.1799998,-0.0100002,0.4899998,0.9499998,0.79,1.947,2.557,96.6,1.63477,109.3885,159.9985,1.45121,136.6,136.5,127.5,111.0,221.999,129.9,71.6,170.0,130.4,150.0,256.5,147.6,125.1,192.5,170.7,163.6,165.2,99.25574,100.3272,98.65797,99.31121,15.05,17.19,14.15,107.8
03/01/2000,8353.4,7291.1,67.08731,843271.0,267353.0,103.2423,102.7692,102.0531,98.7015,100.0396,98.2069,112.7941,103.8493,103.9649,106.7316,104.2542,85.2529,98.3416,59.5,81.1759,88.0,1.151,136701.0,134022.0,4.0,12.7,2780.0,1781.0,1312.0,666.0,646.0,269.7,110641.0,24705.0,512.8,6811.0,17302.0,10870.0,6432.0,106669.0,26185.0,5971.1,15219.6,7672.0,20733.0,40.9,4.7,41.4,51.2,1604.0,150.0,312.0,793.0,349.0,1651.0,174.0,366.0,715.0,396.0,54.9,56.2,54.3,47.5,217282.0,214326.0,48092.0,531966.0,1149.7,1.363,1108.4,4708.0,516.9,47.24526,571600.0,40736.0,40557.0,989160.2,68.4,940502.9,18.79,1442.213,1820.75,1.18,30.18,5.85,6.03,5.69,5.85,6.22,6.5,6.26,7.681739,8.367392,0.1800003,-0.1599998,0.0,0.3699999,0.6500001,0.4100003,1.831739,2.517392,97.14,1.663617,106.3074,157.99,1.460774,137.3,137.4,128.4,113.2,225.7139,128.9,78.7,171.0,130.3,153.6,257.7,149.1,125.5,193.1,171.8,164.7,166.3,99.65021,100.4893,99.70712,99.43119,15.11,17.28,14.18,101.7
04/01/2000,8367.6,7297.3,66.88439,846804.0,263599.0,103.8999,103.6551,102.9651,99.6296,101.3696,98.9775,114.0627,104.2046,104.5346,107.0509,104.8859,90.2913,95.7902,58.1,81.3184,89.0,1.204,137270.0,134806.0,3.8,12.4,2510.0,1845.0,1261.0,662.0,599.0,272.9,110858.0,24688.0,516.7,6794.0,17298.0,10867.0,6431.0,106972.0,26257.0,5959.2,15298.1,7667.0,20802.0,41.0,4.8,41.5,53.2,1626.0,142.0,377.0,697.0,410.0,1597.0,167.0,347.0,688.0,395.0,54.7,55.4,55.4,46.1,220646.0,219068.0,49867.0,532106.0,1156.02,1.365,1113.6,4758.7,517.9,47.76039,572199.0,40561.0,40257.0,1007026.0,214.4,946272.8,18.88,1461.355,1821.86,1.14,30.3,6.02,6.15,5.66,5.81,6.15,6.26,5.99,7.642632,8.402105,0.1300001,-0.3600001,-0.21,0.1300001,0.2400002,-0.0300002,1.622632,2.382105,97.69,1.66565,105.627,158.2345,1.468875,136.9,136.9,128.3,111.3,227.7816,127.5,71.2,170.9,129.8,152.1,258.4,148.5,125.4,193.5,171.7,164.5,166.1,99.63697,100.334,99.42648,99.58451,15.18,17.39,14.24,103.7
05/01/2000,8392.8,7297.6,67.08525,843901.0,264248.0,104.1433,103.8329,103.3183,99.8788,101.1462,99.4192,114.8433,104.5342,104.9026,106.5688,104.803,95.6165,96.2924,56.4,80.9116,83.0,1.069,136630.0,134144.0,4.0,12.6,2564.0,1911.0,1325.0,683.0,643.0,282.1,110738.0,24647.0,519.7,6770.0,17279.0,10871.0,6408.0,107238.0,26191.0,5945.8,15252.2,7666.0,21147.0,40.7,4.7,41.3,53.0,1575.0,157.0,329.0,727.0,362.0,1543.0,162.0,317.0,691.0,373.0,53.2,51.5,55.4,46.9,214225.0,212788.0,48424.0,530532.0,1161.1,1.376,1105.7,4751.5,519.2,47.6611,573533.0,40627.0,40266.0,1020409.0,160.6,952996.4,18.95,1418.479,1756.189,1.17,29.01,6.27,6.57,5.79,6.1,6.33,6.69,6.44,7.988636,8.900455,0.3000002,-0.48,-0.1700001,0.0599999,0.4200001,0.1700001,1.718637,2.630455,100.95,1.719009,108.3205,150.8964,1.495736,137.0,136.9,128.2,115.1,233.6791,126.8,65.7,171.2,129.7,152.0,259.2,148.5,125.8,194.0,171.9,164.7,166.4,99.69346,100.4714,99.4117,99.65678,15.17,17.38,14.22,104.8
06/01/2000,8412.6,7328.5,67.12898,848463.0,263886.0,104.2873,103.8898,103.4683,99.9514,100.8216,99.6516,115.1056,104.7927,105.8559,106.2766,105.062,95.3461,96.6117,53.4,80.7765,82.0,1.063,136940.0,134528.0,4.0,12.3,2579.0,1753.0,1242.0,616.0,627.0,288.9,110952.0,24674.0,519.0,6778.0,17298.0,10909.0,6389.0,107165.0,26205.0,5944.7,15257.1,7671.0,20887.0,40.7,4.6,41.3,50.7,1559.0,143.0,294.0,746.0,376.0,1572.0,160.0,318.0,694.0,400.0,51.4,50.0,54.5,47.0,216127.0,247633.0,54947.0,559766.0,1169.31,1.378,1103.5,4767.4,521.2,47.68,575577.0,40103.0,39624.0,1043509.0,277.2,970009.1,19.12,1461.959,1809.9,1.12,29.27,6.53,6.59,5.69,5.97,6.17,6.3,6.1,7.668636,8.482273,0.0599999,-0.8400002,-0.5600004,-0.3600001,-0.23,-0.4300003,1.138636,1.952273,98.33,1.642045,106.1255,150.9245,1.477045,138.1,138.4,129.3,124.8,229.9141,126.5,62.9,172.2,129.3,155.0,260.3,149.6,125.5,194.9,173.1,165.8,167.4,99.98741,100.1947,100.28,99.78971,15.21,17.38,14.29,100.8
07/01/2000,8474.3,7387.8,67.35107,845099.0,265186.0,104.032,103.844,103.3255,99.2173,98.1781,99.6757,116.1287,104.2624,105.9795,104.9424,105.0214,92.9316,95.9414,53.7,80.4214,82.0,1.058,136531.0,134196.0,4.0,13.4,2498.0,1824.0,1343.0,645.0,698.0,298.7,111135.0,24716.0,520.4,6794.0,17321.0,10928.0,6393.0,107286.0,26232.0,5934.1,15285.0,7669.0,20867.0,40.9,4.7,41.5,52.5,1463.0,146.0,319.0,636.0,362.0,1542.0,159.0,317.0,691.0,375.0,52.5,52.0,53.9,48.5,213706.0,213054.0,49363.0,560189.0,1173.49,1.389,1103.3,4781.4,522.6,47.73828,577014.0,39999.0,39429.0,1059341.0,190.0,981435.3,19.16,1473.002,1819.63,1.1,28.83,6.54,6.54,5.96,6.0,6.08,6.18,6.05,7.6455,8.3465,0.0,-0.5799999,-0.54,-0.46,-0.3600001,-0.4899998,1.1055,1.8065,99.12,1.651905,108.2115,150.7595,1.477785,138.2,138.3,129.6,122.1,219.6605,127.4,63.4,172.7,128.9,154.6,261.2,149.8,125.4,195.7,173.5,166.3,167.9,100.1586,99.95352,100.5649,99.99775,15.26,17.49,14.31,104.5
08/01/2000,8504.9,7410.1,67.61702,844813.0,266133.0,103.8104,103.5665,103.0895,99.0994,99.0101,99.1795,115.791,104.1141,105.4686,103.9724,104.4672,94.7146,96.4488,49.7,79.6833,77.0,0.975,136662.0,134311.0,4.1,12.9,2550.0,1893.0,1394.0,685.0,709.0,311.5,111168.0,24682.0,521.2,6796.0,17286.0,10911.0,6375.0,107323.0,26248.0,5924.4,15298.4,7680.0,20837.0,40.6,4.6,41.0,48.8,1541.0,143.0,297.0,706.0,395.0,1552.0,155.0,305.0,684.0,408.0,49.9,50.0,53.5,47.1,211766.0,212864.0,50289.0,561910.0,1178.23,1.395,1100.6,4813.5,522.9,48.0997,577867.0,39735.0,39156.0,1071313.0,143.7,993365.0,19.36,1485.458,1808.089,1.09,28.89,6.5,6.49,6.09,6.07,6.18,6.06,5.83,7.546957,8.255218,-0.0100002,-0.4099998,-0.4299998,-0.3200002,-0.4400001,-0.6700001,1.046957,1.755218,100.86,1.714865,108.0804,148.8913,1.482813,137.9,138.0,129.3,117.6,217.2839,128.3,58.1,172.7,128.9,153.2,262.4,149.2,125.3,196.3,173.4,166.1,167.8,100.0734,99.54399,100.1037,100.1699,15.32,17.56,14.36,104.0
09/01/2000,8503.0,7407.9,68.06991,850835.0,268810.0,104.2642,104.1722,103.9451,100.1812,99.9553,100.3104,116.9296,104.3666,105.9022,103.9171,104.9199,97.5912,98.4068,51.5,79.7225,79.0,1.041,136893.0,134489.0,3.9,12.2,2571.0,1746.0,1290.0,644.0,646.0,300.2,111392.0,24638.0,525.8,6807.0,17226.0,10871.0,6355.0,107489.0,26240.0,5909.9,15315.7,7699.0,20735.0,40.5,4.5,41.0,50.6,1507.0,153.0,307.0,660.0,387.0,1570.0,169.0,304.0,708.0,389.0,49.7,48.9,49.6,45.9,216633.0,223126.0,53762.0,567807.0,1178.77,1.385,1099.1,4845.7,524.1,48.22834,578381.0,39547.0,39069.0,1063509.0,-93.7,1004074.0,19.48,1468.054,1765.88,1.1,27.96,6.52,6.47,6.0,5.98,6.13,5.93,5.8,7.6235,8.346,-0.0500002,-0.52,-0.54,-0.3899999,-0.5900002,-0.7199998,1.1035,1.826,102.6,1.758625,106.8375,143.355,1.48643,139.0,139.4,130.3,125.6,220.603,129.8,58.4,173.6,129.5,155.2,263.3,150.4,125.3,196.9,174.5,167.2,168.7,100.4741,99.64536,100.9926,100.3961,15.36,17.62,14.4,103.4
10/01/2000,8516.0,7419.8,68.10834,846198.0,267677.0,103.8077,103.5949,103.3132,99.0596,98.1177,99.4597,116.8757,104.07,105.431,103.8565,104.477,95.8772,95.7009,49.3,79.0897,78.0,1.045,137088.0,134808.0,3.9,12.7,2497.0,1724.0,1337.0,710.0,627.0,301.1,111373.0,24636.0,528.8,6814.0,17215.0,10873.0,6342.0,107480.0,26261.0,5909.0,15322.7,7712.0,20743.0,40.7,4.6,41.1,48.2,1549.0,173.0,322.0,715.0,339.0,1577.0,160.0,330.0,695.0,392.0,48.7,48.4,51.1,45.9,211951.0,208782.0,46787.0,565981.0,1184.53,1.4,1098.4,4864.0,526.3,48.3885,580457.0,39410.0,38992.0,1065803.0,27.5,1014844.0,19.65,1390.144,1662.946,1.15,26.51,6.51,6.52,6.11,6.04,6.01,5.78,5.74,7.548572,8.341429,0.0099998,-0.4000001,-0.4700003,-0.5,-0.73,-0.7700005,1.038571,1.831429,104.25,1.774548,108.4429,145.0648,1.512476,139.5,140.0,130.7,130.2,223.9868,129.4,57.7,173.9,129.2,154.7,264.1,150.1,125.2,197.7,174.7,167.3,168.9,100.5198,99.42406,100.8214,100.6092,15.45,17.68,14.48,100.7
11/01/2000,8503.8,7412.5,68.13252,840931.0,266731.0,103.8208,103.8424,103.6114,99.4429,96.0035,100.7958,116.6012,103.7701,104.7329,102.7995,104.1364,100.4295,97.7516,50.1,78.5454,75.0,0.986,137322.0,134921.0,3.9,12.4,2512.0,1790.0,1315.0,723.0,593.0,336.0,111587.0,24623.0,526.5,6817.0,17202.0,10878.0,6324.0,107724.0,26288.0,5903.2,15340.2,7726.0,20760.0,40.5,4.5,41.1,47.1,1551.0,149.0,314.0,676.0,412.0,1614.0,165.0,290.0,733.0,426.0,48.5,49.1,50.2,42.8,210054.0,212895.0,49648.0,570568.0,1189.36,1.414,1092.1,4874.5,528.2,48.41171,582165.0,39432.0,39148.0,1068482.0,32.2,1025316.0,19.85,1375.037,1637.15,1.16,26.17,6.51,6.52,6.17,6.06,6.09,5.7,5.72,7.45381,8.279048,0.0099998,-0.3400002,-0.4500003,-0.4200001,-0.8100004,-0.7900004,0.9438095,1.769048,105.06,1.777876,109.0095,142.5762,1.542638,140.2,140.9,130.7,129.1,223.101,127.0,58.1,174.2,129.2,155.0,264.7,150.3,125.3,198.1,175.1,167.6,169.3,100.6884,99.50703,100.9528,100.8145,15.49,17.77,14.52,101.6
12/01/2000,8502.4,7394.7,68.50735,845124.0,267401.0,103.475,103.7598,103.7471,99.9046,94.5975,101.9616,115.8249,103.0711,103.9156,101.4891,103.4868,105.2745,95.5325,42.9,77.7813,78.0,1.04,137614.0,135194.0,3.9,12.5,2477.0,1825.0,1329.0,687.0,642.0,348.0,111681.0,24572.0,526.3,6792.0,17178.0,10859.0,6319.0,107913.0,26339.0,5883.8,15379.9,7743.0,20804.0,40.0,4.2,40.4,42.7,1532.0,170.0,237.0,694.0,431.0,1543.0,154.0,268.0,678.0,443.0,43.9,42.1,52.8,40.4,210985.0,210940.0,51657.0,572371.0,1188.34,1.406,1087.4,4918.3,531.2,48.77149,584944.0,38680.0,38471.0,1061833.0,-79.8,1033831.0,20.03,1330.931,1560.394,1.19,24.67,6.4,6.33,5.77,5.68,5.6,5.17,5.24,7.212,8.023,-0.0700002,-0.6300001,-0.7200003,-0.8000002,-1.23,-1.16,0.8119998,1.623,103.13,1.68547,112.209,146.2915,1.521875,140.5,141.2,131.3,141.1,224.99,127.7,59.8,174.6,129.1,155.1,265.6,150.4,125.5,198.8,175.4,168.0,169.6,100.8437,99.52562,100.9286,101.0939,15.5,17.78,14.51,90.7
01/01/2001,8550.6,7424.0,68.44251,836495.0,269392.0,102.748,103.3628,103.2686,99.0631,92.9852,101.4032,115.6528,101.8995,102.6594,101.278,102.8538,104.2728,95.6475,39.2,77.0436,77.0,0.948,137778.0,135304.0,4.2,12.7,2648.0,1956.0,1372.0,696.0,676.0,340.2,111634.0,24543.0,528.3,6824.0,17114.0,10813.0,6301.0,107926.0,26259.0,5860.2,15360.3,7755.0,20835.0,40.3,4.2,40.7,42.3,1600.0,125.0,318.0,740.0,417.0,1699.0,150.0,330.0,740.0,479.0,42.3,38.4,49.8,41.8,205686.0,200590.0,46089.0,569157.0,1189.94,1.423,1097.1,4973.4,534.2,49.06087,588016.0,37885.0,37812.0,1016215.0,-547.4,1046409.0,20.01,1335.632,1565.514,1.16,25.44,5.98,5.51,5.15,4.95,4.81,4.86,5.16,7.150952,7.928571,-0.4699998,-0.8299999,-1.03,-1.17,-1.12,-0.8200002,1.170952,1.948571,101.85,1.630486,116.6719,147.7495,1.5032,141.7,142.8,132.1,165.6,225.7462,127.2,64.6,175.6,129.4,155.4,267.2,150.6,125.5,200.6,176.6,169.1,170.6,101.372,99.44639,101.245,101.8596,15.52,17.87,14.48,86.4
02/01/2001,8560.2,7428.6,68.62926,845594.0,269644.0,102.1625,102.6184,102.6917,98.3744,92.9039,100.4802,115.144,101.5277,101.8967,100.9276,102.2594,99.9518,96.8155,38.6,76.3516,72.0,0.877,137612.0,135291.0,4.2,12.8,2851.0,1764.0,1491.0,777.0,714.0,373.3,111624.0,24475.0,531.8,6841.0,17029.0,10763.0,6266.0,108055.0,26257.0,5841.5,15379.2,7776.0,20906.0,39.9,4.1,40.5,37.8,1625.0,145.0,326.0,770.0,384.0,1656.0,189.0,330.0,721.0,416.0,42.1,39.9,50.2,44.2,208175.0,203359.0,46327.0,565234.0,1185.96,1.403,1101.3,5012.0,536.7,49.35598,589692.0,38571.0,38520.0,1000285.0,-191.2,1051314.0,20.14,1305.756,1521.367,1.22,25.32,5.49,5.19,4.88,4.71,4.68,4.89,5.1,7.101053,7.873684,-0.2999997,-0.6099997,-0.7799997,-0.8099999,-0.5999999,-0.3899999,1.611053,2.383685,102.96,1.668558,116.2337,145.2511,1.521563,141.9,143.2,131.8,141.7,224.1332,127.5,55.6,176.0,129.6,155.2,268.3,150.8,125.7,201.2,176.8,169.4,171.0,101.548,99.14723,101.37,102.1712,15.57,17.89,14.56,80.8
03/01/2001,8576.4,7436.0,68.51856,837876.0,268233.0,101.8291,102.4122,102.5735,98.2994,95.3061,99.4803,114.4003,101.0205,101.6017,99.4021,101.9103,97.9654,96.6666,42.6,75.8575,67.0,0.809,137783.0,135372.0,4.3,12.8,2681.0,2059.0,1521.0,825.0,696.0,387.9,111555.0,24410.0,534.8,6862.0,16939.0,10693.0,6246.0,108090.0,26210.0,5821.5,15347.3,7795.0,20945.0,40.1,4.1,40.5,39.9,1590.0,153.0,343.0,706.0,388.0,1659.0,158.0,336.0,728.0,437.0,43.1,41.5,47.7,43.7,204829.0,205369.0,46215.0,566134.0,1182.1,1.411,1110.1,5071.3,539.4,49.92421,592282.0,38425.0,38367.0,975871.8,-293.0,1058971.0,20.21,1185.855,1371.649,1.33,23.12,5.31,4.81,4.42,4.28,4.3,4.64,4.89,6.978182,7.844091,-0.5,-0.8899999,-1.03,-1.01,-0.6700001,-0.4200001,1.668182,2.534091,105.38,1.690805,121.505,144.4459,1.558741,141.2,142.2,131.0,132.4,226.5786,127.5,49.9,176.1,129.5,154.2,269.4,150.5,125.4,201.6,176.9,169.2,171.0,101.58,98.86361,101.1502,102.4013,15.62,17.92,14.58,83.9
04/01/2001,8551.5,7393.8,68.51031,830312.0,271968.0,101.5704,102.1635,102.425,98.7048,95.294,100.0342,112.3172,100.7471,101.32,99.2268,101.6598,97.3452,96.5452,43.1,75.452,65.0,0.768,137299.0,135036.0,4.4,12.4,2972.0,1990.0,1499.0,787.0,712.0,396.9,111227.0,24255.0,535.0,6844.0,16803.0,10595.0,6208.0,107964.0,26082.0,5805.4,15256.1,7800.0,20992.0,40.1,4.3,40.5,38.2,1649.0,179.0,308.0,745.0,417.0,1666.0,158.0,333.0,744.0,431.0,42.7,45.5,47.2,39.7,200866.0,194626.0,42202.0,563473.0,1184.22,1.426,1115.2,5133.2,542.6,50.3944,595488.0,38455.0,38404.0,964917.8,-131.4,1068836.0,20.39,1189.841,1371.662,1.32,23.3,4.8,4.47,3.87,3.85,3.98,4.76,5.14,7.2015,8.0685,-0.3300004,-0.9300003,-0.9500003,-0.8200002,-0.04,0.3399997,2.4015,3.268499,106.82,1.71311,123.771,143.4771,1.557767,142.0,143.1,130.9,133.0,226.6555,125.3,48.0,176.4,128.2,154.8,270.4,150.9,125.2,202.0,177.2,169.6,171.4,101.8605,98.70139,101.6436,102.6762,15.62,17.8,14.64,82.2
05/01/2001,8530.7,7371.1,68.79406,838053.0,272356.0,100.8683,101.5522,101.8357,98.5583,96.0783,99.5444,110.3391,99.9191,100.4285,98.1419,100.9065,94.2013,97.6722,43.1,74.6905,60.0,0.714,137092.0,134735.0,4.3,12.1,2701.0,2045.0,1502.0,877.0,624.0,401.0,111146.0,24120.0,535.3,6849.0,16662.0,10489.0,6173.0,108055.0,26071.0,5790.0,15261.4,7809.0,21029.0,40.0,4.0,40.4,35.1,1605.0,127.0,348.0,714.0,416.0,1665.0,153.0,334.0,756.0,422.0,41.3,44.9,45.4,38.2,207116.0,202941.0,43881.0,560997.0,1184.51,1.413,1119.5,5134.3,545.9,50.24959,598684.0,38538.0,38325.0,952020.3,-154.8,1074581.0,20.46,1270.374,1471.556,1.23,25.85,4.21,3.96,3.62,3.62,3.78,4.93,5.39,7.288636,8.071818,-0.25,-0.5900002,-0.5900002,-0.4300001,0.7199998,1.18,3.078636,3.861818,106.97,1.752782,121.7682,142.65,1.54105,142.3,143.6,131.1,130.5,229.8095,126.0,45.1,177.3,127.4,157.6,271.3,151.9,124.8,202.7,178.2,170.5,172.2,102.176,98.29336,102.316,102.9747,15.71,17.93,14.69,85.4
06/01/2001,8528.0,7362.9,68.80243,827458.0,271224.0,100.2266,101.1415,101.464,98.3929,95.5429,99.5103,109.0724,98.9576,99.3143,97.1657,100.2221,93.3082,98.1858,45.3,73.999,58.0,0.663,136873.0,134755.0,4.5,12.7,2808.0,2025.0,1532.0,822.0,710.0,395.0,110910.0,23966.0,535.4,6840.0,16516.0,10384.0,6132.0,108081.0,26027.0,5770.3,15256.8,7811.0,21137.0,40.0,4.0,40.3,35.7,1636.0,134.0,339.0,768.0,395.0,1626.0,151.0,350.0,719.0,406.0,43.2,47.8,47.1,39.9,202823.0,198787.0,42776.0,558936.0,1178.47,1.424,1126.6,5174.3,548.7,50.53321,601807.0,38752.0,38523.0,918178.9,-406.1,1081473.0,20.53,1238.716,1430.001,1.27,27.06,3.97,3.69,3.49,3.45,3.58,4.81,5.28,7.177619,7.974762,-0.28,-0.48,-0.52,-0.3900001,0.8399999,1.31,3.207619,4.004762,107.92,1.785624,122.351,140.201,1.524538,141.8,142.8,130.9,119.9,232.0181,125.0,42.8,177.7,127.4,157.3,272.4,151.9,124.6,203.5,178.6,170.7,172.6,102.394,98.18082,102.4098,103.3277,15.77,17.99,14.74,86.9
07/01/2001,8531.7,7366.8,69.01331,832215.0,271386.0,99.7613,100.8211,101.0516,98.1393,96.3556,98.8724,108.0146,98.29,98.5588,97.1576,99.8578,93.8295,98.1724,47.0,73.5637,57.0,0.642,137071.0,134858.0,4.6,12.9,2642.0,2187.0,1653.0,951.0,702.0,398.1,110737.0,23833.0,536.4,6845.0,16378.0,10281.0,6097.0,108089.0,25966.0,5761.1,15206.1,7799.0,21185.0,40.2,4.1,40.6,37.2,1670.0,167.0,319.0,790.0,394.0,1598.0,160.0,338.0,709.0,391.0,43.5,49.2,46.8,37.1,201674.0,192584.0,40575.0,554920.0,1174.42,1.411,1139.7,5206.8,554.5,50.86811,607845.0,39364.0,39081.0,906025.3,-145.8,1088418.0,20.58,1204.453,1385.695,1.3,26.48,3.77,3.62,3.51,3.45,3.62,4.76,5.24,7.134286,7.97,-0.1500001,-0.26,-0.3199999,-0.1500001,0.9900002,1.47,3.364286,4.2,108.12,1.757014,124.4981,141.4757,1.53079,140.1,140.6,129.4,113.3,235.1986,123.4,39.9,177.4,127.3,154.0,272.8,150.9,124.4,203.8,178.1,170.1,172.2,102.3588,98.31485,101.7652,103.554,15.81,17.98,14.8,88.4
08/01/2001,8524.5,7364.7,69.33532,834040.0,273603.0,99.4021,100.1467,100.3551,97.9718,94.9057,99.1726,105.975,98.366,97.9405,97.5994,99.1541,97.0914,96.7964,51.8,72.8958,53.0,0.558,136241.0,133944.0,4.9,13.3,2966.0,2187.0,1861.0,1004.0,857.0,398.2,110544.0,23660.0,534.5,6827.0,16225.0,10188.0,6037.0,108102.0,25953.0,5753.7,15205.5,7824.0,21218.0,39.8,3.9,40.3,41.3,1567.0,156.0,351.0,681.0,379.0,1615.0,161.0,328.0,711.0,415.0,46.3,54.3,46.7,37.6,203438.0,193163.0,41239.0,550996.0,1173.64,1.407,1150.4,5238.9,562.3,51.17071,615473.0,39864.0,39680.0,897053.1,-107.7,1097382.0,20.69,1178.51,1357.399,1.34,25.93,3.65,3.44,3.36,3.29,3.47,4.57,4.97,7.020435,7.848696,-0.21,-0.2900002,-0.3600001,-0.1800001,0.9200001,1.32,3.370435,4.198696,105.54,1.680761,121.367,143.7183,1.539857,140.7,141.3,129.1,112.3,235.9922,121.7,35.0,177.4,126.4,153.4,274.3,150.4,124.2,204.4,178.1,169.8,172.2,102.3808,97.85493,101.4589,103.8467,15.86,18.04,14.85,85.2
09/01/2001,8556.4,7353.9,68.66707,817927.0,268432.0,98.9667,99.5262,99.5332,97.5106,94.2084,98.8016,104.0305,98.1862,97.3643,98.1225,98.7987,94.3384,98.9558,51.8,72.4996,53.0,0.55,136846.0,134558.0,5.0,13.2,2837.0,2350.0,1950.0,1131.0,819.0,443.0,110276.0,23533.0,533.8,6813.0,16113.0,10111.0,6002.0,107985.0,25869.0,5743.6,15191.5,7826.0,21242.0,39.7,3.9,40.2,41.5,1562.0,139.0,285.0,731.0,407.0,1565.0,149.0,321.0,699.0,396.0,46.2,51.3,47.5,38.9,193949.0,184377.0,37945.0,545645.0,1169.62,1.43,1204.1,5347.1,567.9,52.35805,639617.0,57874.0,54489.0,889153.1,-94.8,1103547.0,20.75,1044.649,1204.039,1.48,28.82,3.07,2.84,2.64,2.63,2.82,4.12,4.73,7.17353,8.027647,-0.23,-0.4299998,-0.4399998,-0.25,1.05,1.66,4.10353,4.957647,104.97,1.633844,118.6117,146.3811,1.567939,141.3,142.1,129.3,107.2,227.1181,121.4,36.6,178.1,125.8,156.0,275.2,151.6,123.9,204.5,178.8,170.6,172.9,102.1256,96.88203,102.4721,103.1232,15.88,17.99,14.9,73.5
10/01/2001,8528.7,7330.0,70.45065,842929.0,289478.0,98.4163,99.009,99.1561,97.6504,92.7938,99.5289,102.3547,97.5868,96.0854,97.8078,98.1092,95.5646,99.6782,41.8,71.873,46.0,0.443,136392.0,134098.0,5.3,13.3,3111.0,2531.0,2082.0,1173.0,909.0,480.8,109918.0,23377.0,529.8,6804.0,15971.0,10001.0,5970.0,107816.0,25796.0,5727.5,15170.1,7829.0,21275.0,39.6,3.8,40.1,35.6,1540.0,147.0,327.0,733.0,333.0,1566.0,166.0,310.0,707.0,383.0,40.8,38.9,49.5,38.3,196398.0,194857.0,35884.0,549753.0,1157.5,1.373,1165.5,5338.6,571.7,52.07804,630255.0,45469.0,45342.0,881449.3,-92.4,1121507.0,20.93,1076.593,1244.361,1.45,29.22,2.49,2.29,2.16,2.12,2.33,3.91,4.57,7.028182,7.906818,-0.2,-0.3299999,-0.3700001,-0.1600001,1.42,2.08,4.538182,5.416819,105.78,1.6357,121.45,145.01,1.571677,139.0,139.4,127.6,97.4,211.8204,119.6,33.3,177.6,125.8,152.9,276.3,150.3,123.9,204.8,178.1,169.7,172.3,102.5115,97.29795,101.5729,104.1452,15.91,18.06,14.88,75.5
11/01/2001,8539.7,7332.5,70.03626,836304.0,281720.0,97.8874,98.5785,98.7901,97.6123,94.5198,98.8249,101.3265,96.9172,95.4681,96.9757,97.8094,91.1354,99.4959,46.9,71.5456,45.0,0.417,136238.0,133955.0,5.5,14.3,3090.0,2566.0,2318.0,1213.0,1106.0,453.9,109575.0,23209.0,527.8,6784.0,15825.0,9894.0,5931.0,107692.0,25714.0,5709.6,15150.4,7843.0,21326.0,39.8,3.8,40.1,36.4,1602.0,169.0,361.0,698.0,374.0,1651.0,161.0,354.0,757.0,379.0,44.1,49.1,49.1,38.9,196367.0,185991.0,38157.0,544891.0,1147.92,1.373,1171.1,5380.6,575.6,52.50466,629808.0,41003.0,40919.0,865725.0,-188.7,1141275.0,21.22,1129.687,1311.739,1.38,30.73,2.09,2.0,1.87,1.88,2.18,3.97,4.65,6.9685,7.813,-0.0899999,-0.2199999,-0.2099999,0.0900002,1.88,2.56,4.8785,5.723001,107.19,1.650865,122.4055,143.561,1.592245,138.5,138.7,127.0,102.7,211.15,118.6,32.0,177.5,125.4,150.2,277.4,149.2,124.0,205.6,178.0,169.2,172.2,102.4785,97.3288,100.8482,104.4396,15.99,18.13,14.96,76.6
12/01/2001,8571.2,7352.1,70.03904,838719.0,280550.0,97.8399,98.7042,98.85,98.1649,96.7367,98.7401,100.2616,96.6231,95.7286,96.2451,98.0011,89.171,97.4065,49.2,71.5909,47.0,0.422,136047.0,133751.0,5.7,14.5,3037.0,2797.0,2444.0,1318.0,1126.0,404.9,109368.0,23093.0,526.0,6785.0,15710.0,9809.0,5901.0,107630.0,25625.0,5694.7,15091.7,7835.0,21355.0,39.9,3.8,40.3,39.1,1568.0,141.0,336.0,703.0,388.0,1680.0,171.0,341.0,772.0,396.0,45.3,51.4,49.3,37.6,198199.0,188855.0,38782.0,540628.0,1147.86,1.369,1181.9,5429.7,581.2,53.06989,635610.0,41420.0,41354.0,859548.4,-74.1,1150549.0,21.29,1144.922,1334.775,1.36,35.83,1.82,1.81,1.69,1.78,2.22,4.39,5.09,6.77,8.048421,-0.0100001,-0.13,-0.0400001,0.4,2.57,3.27,4.95,6.228421,107.72,1.656615,127.5945,144.1265,1.578755,138.0,138.0,126.1,95.5,214.1421,118.8,33.2,177.4,124.9,149.2,278.2,148.3,124.0,206.1,177.8,168.8,172.0,102.3123,97.27479,100.1492,104.5103,16.07,18.24,15.02,82.3
01/01/2002,8577.2,7348.0,70.2265,841788.0,280728.0,98.3224,98.9836,99.2948,99.0155,96.621,99.9757,99.8775,97.3897,96.0398,97.7379,98.3714,93.0811,101.0183,51.1,71.7766,47.0,0.435,135701.0,133233.0,5.7,14.7,3044.0,2606.0,2578.0,1375.0,1203.0,410.3,109214.0,22972.0,528.1,6775.0,15598.0,9719.0,5879.0,107619.0,25575.0,5687.7,15071.3,7840.0,21377.0,39.8,3.9,40.2,41.0,1698.0,166.0,352.0,800.0,380.0,1665.0,171.0,344.0,768.0,382.0,47.5,55.2,51.2,39.2,199543.0,182109.0,35155.0,530481.0,1149.01,1.365,1190.1,5457.0,586.8,53.25148,641396.0,41735.0,41685.0,844923.4,-175.5,1154795.0,21.29,1140.208,1324.24,1.38,27.7,1.73,1.697692,1.65,1.73,2.16,4.34,5.04,6.546667,7.869524,-0.0323077,-0.08,0.0,0.4300001,2.61,3.31,4.816667,6.139524,109.58,1.670886,132.6833,143.2238,1.599714,137.7,137.6,125.7,99.8,212.5452,119.6,43.9,177.7,124.4,149.3,279.8,148.3,123.2,206.8,178.1,168.9,172.3,102.476,96.97376,100.5184,104.6757,16.11,18.27,15.06,91.3
02/01/2002,8589.2,7359.4,70.57327,840536.0,282557.0,98.3983,98.7787,98.9919,98.6477,97.026,99.3067,99.9252,97.8611,96.7931,98.0079,98.4417,93.724,100.7701,58.1,71.7562,46.0,0.424,136438.0,134127.0,5.7,15.0,2984.0,2577.0,2608.0,1394.0,1214.0,396.1,109054.0,22879.0,523.3,6766.0,15518.0,9668.0,5850.0,107565.0,25566.0,5672.4,15071.5,7829.0,21390.0,39.9,4.0,40.3,43.8,1829.0,149.0,385.0,853.0,442.0,1787.0,211.0,367.0,808.0,401.0,50.7,60.7,51.4,39.7,199630.0,192910.0,38034.0,530163.0,1146.18,1.364,1190.6,5485.9,591.3,53.46008,646243.0,41865.0,41835.0,826534.4,-220.7,1166191.0,21.35,1100.669,1282.648,1.43,28.42,1.74,1.8,1.73,1.82,2.23,4.3,4.91,6.508421,7.890526,0.0599999,-0.01,0.08,0.49,2.56,3.17,4.768421,6.150526,110.4,1.697026,133.6474,142.2737,1.5964,138.0,138.0,125.5,98.4,213.9958,120.0,41.5,178.0,124.6,148.7,280.4,148.3,122.3,207.5,178.4,169.0,172.5,102.6168,96.33644,100.7508,104.9488,16.16,18.3,15.12,87.2
03/01/2002,8589.3,7364.2,70.46633,833389.0,281161.0,99.1081,99.5509,99.6481,99.5351,97.7643,100.2594,100.2633,98.4799,97.6832,98.7663,99.1379,97.1811,100.4605,58.3,72.2053,45.0,0.411,136177.0,133816.0,5.7,15.4,3074.0,2563.0,2719.0,1390.0,1330.0,421.0,108989.0,22789.0,516.9,6755.0,15446.0,9614.0,5832.0,107631.0,25541.0,5661.8,15068.2,7825.0,21431.0,39.9,4.1,40.5,46.6,1642.0,165.0,337.0,739.0,401.0,1691.0,151.0,341.0,783.0,416.0,52.4,63.8,51.9,41.4,200285.0,190918.0,36000.0,527228.0,1146.41,1.376,1193.4,5495.8,595.3,53.39979,649907.0,41136.0,41057.0,812071.4,-173.6,1175028.0,21.45,1153.79,1333.31,1.37,29.8,1.73,1.87,1.79,2.01,2.57,4.74,5.28,6.8105,8.106,0.14,0.0599999,0.28,0.8399999,3.01,3.55,5.0805,6.376,109.41,1.674271,131.061,142.3024,1.587743,138.8,139.2,126.4,103.8,219.6925,120.9,51.9,178.5,125.3,150.5,281.4,149.0,121.9,207.9,178.9,169.6,173.1,102.918,96.19107,101.4135,105.1747,16.18,18.36,15.15,92.7
04/01/2002,8590.6,7350.3,70.92191,845367.0,284216.0,99.4718,99.4521,99.3681,99.4624,99.1207,99.608,99.4231,99.5011,98.9892,99.3931,99.2099,102.2286,101.534,59.1,72.2136,47.0,0.405,136126.0,133833.0,5.9,16.3,2932.0,2872.0,2852.0,1395.0,1457.0,429.0,108892.0,22691.0,515.5,6710.0,15394.0,9580.0,5814.0,107644.0,25535.0,5653.6,15071.5,7829.0,21443.0,40.0,4.2,40.5,46.6,1592.0,127.0,284.0,801.0,380.0,1669.0,165.0,334.0,755.0,415.0,52.4,59.9,53.5,43.0,202739.0,190348.0,36805.0,522319.0,1145.15,1.355,1185.9,5499.5,599.6,53.20967,653820.0,40683.0,40612.0,792988.3,-229.0,1180832.0,21.49,1112.035,1272.231,1.42,45.12,1.75,1.83,1.72,1.93,2.48,4.65,5.21,6.761364,8.032727,0.08,-0.03,0.1799999,0.73,2.9,3.46,5.011364,6.282727,108.61,1.654168,130.7718,144.2909,1.581486,138.7,139.1,127.2,108.1,216.7009,120.7,60.3,179.3,125.1,152.5,282.7,150.0,121.7,208.5,179.8,170.5,173.8,103.3553,96.14639,102.5365,105.3811,16.21,18.41,15.17,89.1
05/01/2002,8601.2,7358.9,70.60065,843905.0,280167.0,99.9772,99.8782,99.7459,99.7003,99.5572,99.7678,100.1462,100.1183,99.7298,100.5373,99.8771,101.1728,100.2893,59.4,72.667,44.0,0.388,136539.0,134278.0,5.8,16.8,2843.0,2584.0,2967.0,1393.0,1574.0,401.4,108814.0,22605.0,511.9,6684.0,15338.0,9546.0,5792.0,107723.0,25518.0,5652.2,15050.2,7824.0,21514.0,39.8,4.2,40.6,47.3,1764.0,164.0,363.0,821.0,416.0,1716.0,180.0,346.0,767.0,423.0,53.1,61.8,53.4,43.8,205762.0,194763.0,38949.0,518982.0,1147.78,1.36,1189.5,5522.7,604.8,53.4393,657634.0,39424.0,39312.0,779197.6,-165.5,1188228.0,21.59,1079.266,1232.018,1.48,43.9,1.75,1.8,1.73,1.86,2.35,4.49,5.16,6.753182,8.087728,0.05,-0.02,0.11,0.5999999,2.74,3.41,5.003182,6.337728,105.5,1.588918,126.375,145.9814,1.550155,138.4,138.7,127.1,109.0,216.4332,120.8,63.0,179.5,124.6,152.8,283.9,149.7,121.6,209.0,180.1,170.5,174.0,103.3453,96.1181,102.0442,105.6182,16.24,18.41,15.23,92.7
06/01/2002,8610.7,7367.5,70.98146,845367.0,284445.0,100.9301,100.8162,100.8064,100.8948,100.8551,100.9221,100.807,101.0906,101.3498,101.2631,100.9983,100.79,100.4347,61.1,73.4615,47.0,0.415,136415.0,134135.0,5.8,16.9,2711.0,2654.0,3023.0,1382.0,1641.0,389.2,108824.0,22577.0,509.1,6701.0,15297.0,9512.0,5785.0,107796.0,25517.0,5656.1,15040.8,7827.0,21549.0,40.1,4.2,40.7,48.3,1717.0,179.0,348.0,777.0,413.0,1758.0,176.0,347.0,817.0,418.0,53.6,61.2,54.4,43.2,203319.0,185981.0,35458.0,509753.0,1151.2,1.362,1192.6,5543.5,610.3,53.58908,662844.0,39048.0,38906.0,767215.6,-143.8,1195373.0,21.67,1014.046,1155.715,1.58,41.14,1.75,1.78,1.7,1.79,2.2,4.19,4.93,6.628,7.95,0.03,-0.05,0.04,0.45,2.44,3.18,4.878,6.2,102.65,1.539885,123.2905,148.3685,1.53184,138.8,139.1,127.3,105.1,228.09,121.7,65.5,179.6,123.9,152.8,284.6,149.7,121.4,209.3,180.3,170.6,174.1,103.4446,95.81641,102.128,105.8134,16.29,18.45,15.26,87.9
07/01/2002,8584.0,7340.2,71.38167,850969.0,286723.0,100.6212,100.3499,100.3431,100.4925,101.382,100.1282,100.1469,101.0071,101.0553,101.0811,100.5697,101.2551,100.2887,56.6,73.1394,44.0,0.389,136413.0,134107.0,5.8,16.9,2891.0,2467.0,2966.0,1382.0,1584.0,386.2,108732.0,22515.0,507.6,6688.0,15250.0,9478.0,5772.0,107761.0,25534.0,5652.8,15044.4,7830.0,21544.0,39.8,4.2,40.4,45.0,1655.0,156.0,362.0,743.0,394.0,1738.0,177.0,352.0,796.0,413.0,50.2,51.9,54.8,42.7,206666.0,196869.0,38854.0,509523.0,1154.52,1.357,1199.4,5591.6,615.5,53.96352,668495.0,39173.0,38981.0,764297.0,-35.0,1203605.0,21.83,903.5906,1029.25,1.76,36.73,1.73,1.76,1.68,1.7,1.96,3.81,4.65,6.533637,7.897727,0.03,-0.0500001,-0.03,0.23,2.08,2.92,4.803637,6.167727,100.0,1.471845,117.8991,155.6518,1.54555,138.6,139.2,127.7,106.5,233.9627,121.2,68.3,180.0,123.5,153.3,286.4,149.9,121.3,209.9,180.7,171.0,174.4,103.6182,95.66941,102.243,106.0913,16.33,18.57,15.27,81.0
08/01/2002,8562.8,7319.7,71.36216,852133.0,288494.0,100.7317,100.3981,100.3513,100.269,101.3686,99.8172,100.7384,101.2063,101.9765,101.0047,100.9004,98.9597,100.5915,54.9,73.3796,41.0,0.366,136705.0,134593.0,5.7,16.5,2927.0,2525.0,2887.0,1313.0,1573.0,395.2,108671.0,22442.0,507.4,6701.0,15164.0,9428.0,5736.0,107818.0,25472.0,5642.0,14989.4,7838.0,21589.0,39.9,4.2,40.5,46.8,1633.0,170.0,333.0,769.0,361.0,1695.0,165.0,341.0,768.0,421.0,50.3,50.6,53.6,45.4,204564.0,199525.0,41336.0,510584.0,1154.09,1.354,1186.5,5631.8,616.9,54.23006,670315.0,39791.0,39457.0,752655.8,-139.7,1206545.0,21.92,912.5543,1038.048,1.72,37.08,1.74,1.71,1.62,1.6,1.76,3.29,4.26,6.365,7.581818,-0.03,-0.12,-0.14,0.02,1.55,2.52,4.625,5.841818,101.31,1.4972,118.99,153.6845,1.569418,138.7,139.3,128.0,108.3,233.0755,119.3,61.5,180.5,124.3,154.0,287.2,150.2,121.3,210.6,181.3,171.4,174.9,103.8501,95.58071,102.507,106.3849,16.38,18.56,15.34,80.6
09/01/2002,8552.4,7304.8,70.95023,843448.0,283514.0,100.7395,100.6004,100.5034,100.5823,101.4006,100.2497,100.2324,100.9345,101.7709,101.0815,100.9249,99.7947,99.0382,53.5,73.4053,43.0,0.386,137302.0,135102.0,5.7,17.6,2772.0,2526.0,2971.0,1391.0,1580.0,409.4,108659.0,22393.0,505.9,6702.0,15115.0,9384.0,5731.0,107812.0,25432.0,5647.7,14972.2,7858.0,21546.0,39.9,4.2,40.5,45.8,1804.0,176.0,382.0,809.0,437.0,1803.0,184.0,361.0,790.0,468.0,50.5,52.9,56.7,43.8,202814.0,188513.0,36248.0,503220.0,1159.32,1.374,1194.8,5655.9,618.2,54.35838,671383.0,38849.0,38620.0,738681.1,-167.7,1208454.0,21.94,867.8108,991.8106,1.8,34.23,1.75,1.74,1.63,1.6,1.72,2.94,3.87,6.1545,7.396,-0.01,-0.12,-0.15,-0.03,1.19,2.12,4.4045,5.646,101.46,1.4931,121.08,155.633,1.576135,139.2,139.8,128.9,110.8,235.0395,119.4,62.5,180.8,123.4,154.2,288.1,150.2,121.1,211.1,181.5,171.6,175.1,104.0483,95.5492,102.63,106.6779,16.43,18.64,15.38,79.9
10/01/2002,8553.3,7303.5,71.17537,846593.0,285617.0,100.446,100.3817,100.1797,100.229,100.3413,100.1923,99.7259,100.5335,101.4824,100.3251,100.4206,104.0966,95.3829,51.3,73.0544,40.0,0.357,137008.0,134580.0,5.7,17.8,2765.0,2512.0,3042.0,1388.0,1653.0,407.5,108772.0,22324.0,506.6,6689.0,15059.0,9346.0,5713.0,108007.0,25452.0,5645.9,14985.4,7878.0,21559.0,39.7,4.2,40.3,46.4,1648.0,146.0,320.0,697.0,485.0,1799.0,172.0,359.0,795.0,473.0,49.0,52.1,53.4,42.0,206428.0,190715.0,37056.0,496731.0,1159.21,1.369,1203.4,5705.1,620.2,54.76727,673911.0,39151.0,39008.0,736654.2,-24.3,1212592.0,21.99,854.6317,980.771,1.86,31.8,1.75,1.71,1.58,1.56,1.65,2.95,3.94,6.321818,7.733636,-0.04,-0.17,-0.1900001,-0.1,1.2,2.19,4.571818,5.983636,102.09,1.4932,123.91,155.7459,1.578009,140.0,140.9,129.8,112.6,236.6513,118.8,58.3,181.2,123.0,155.5,289.8,150.5,120.9,211.7,182.0,172.0,175.5,104.1699,95.36607,102.697,106.9032,16.48,18.65,15.45,73.1
11/01/2002,8555.2,7304.7,71.38773,849891.0,287186.0,100.8772,100.7093,100.7114,101.0437,103.0684,100.2083,99.7206,101.1126,101.9502,100.5085,100.8283,105.0615,100.1536,52.7,73.3745,40.0,0.348,136521.0,134171.0,5.9,17.6,2950.0,2505.0,3062.0,1319.0,1743.0,389.1,108758.0,22282.0,506.5,6713.0,14992.0,9293.0,5699.0,108057.0,25422.0,5634.0,14970.6,7890.0,21581.0,39.7,4.2,40.4,44.8,1753.0,144.0,372.0,811.0,426.0,1771.0,161.0,338.0,782.0,490.0,48.5,49.9,52.1,43.1,204656.0,191669.0,37466.0,491874.0,1162.9,1.368,1208.8,5750.2,622.6,55.14746,676943.0,39869.0,39597.0,732281.0,-52.5,1218388.0,22.05,909.9272,1044.112,1.73,34.21,1.34,1.37,1.23,1.27,1.49,3.05,4.05,6.306316,7.617368,0.03,-0.11,-0.0700001,0.15,1.71,2.71,4.966316,6.277368,100.54,1.4658,121.61,157.1116,1.571453,140.0,140.9,129.9,116.6,238.018,120.3,55.7,181.5,123.1,155.4,291.2,150.5,120.4,212.4,182.3,172.2,175.8,104.2695,95.00215,102.7788,107.1188,16.51,18.68,15.48,78.5
12/01/2002,8571.8,7311.3,71.88309,846351.0,289656.0,100.3765,100.101,100.056,100.1278,101.4948,99.5645,98.9936,100.7655,101.1799,100.2936,100.3198,102.6549,100.0382,53.9,73.0344,39.0,0.335,136426.0,134071.0,6.0,18.5,2838.0,2589.0,3271.0,1347.0,1924.0,414.4,108595.0,22187.0,506.4,6700.0,14910.0,9238.0,5672.0,107996.0,25435.0,5633.9,14985.7,7905.0,21588.0,39.9,4.4,40.5,47.5,1788.0,160.0,384.0,785.0,459.0,1896.0,177.0,402.0,856.0,461.0,51.6,58.7,52.9,45.2,198639.0,184442.0,36920.0,487320.0,1168.4,1.381,1219.7,5775.6,626.3,55.34637,681623.0,40357.0,40278.0,721689.0,-127.1,1225238.0,22.07,899.1783,1030.036,1.77,30.39,1.24,1.32,1.19,1.24,1.45,3.03,4.03,6.214286,7.448571,0.08,-0.05,0.0,0.21,1.79,2.79,4.974286,6.208571,99.71,1.4388,121.89,158.6295,1.559219,139.7,140.6,130.0,118.9,244.0524,120.7,56.9,181.8,122.7,155.3,292.1,150.3,120.0,213.0,182.6,172.4,176.0,104.3537,94.53,102.7903,107.375,16.6,18.84,15.54,80.8
01/01/2003,8574.4,7320.4,71.92183,849326.0,290913.0,101.0268,100.6846,100.3806,100.6515,103.1052,99.6384,98.7314,101.5107,102.6213,100.2375,100.8239,101.8229,97.3964,54.1,73.4373,41.0,0.357,137417.0,135045.0,5.8,18.5,2856.0,2582.0,3166.0,1405.0,1760.0,400.0,108640.0,22147.0,505.5,6704.0,14867.0,9198.0,5669.0,108119.0,25382.0,5631.6,14954.8,7913.0,21626.0,39.8,4.2,40.3,47.4,1853.0,146.0,382.0,816.0,509.0,1808.0,169.0,367.0,796.0,476.0,51.3,58.2,52.8,44.2,204781.0,190569.0,36487.0,484258.0,1167.72,1.375,1226.4,5802.5,630.0,55.48003,685228.0,40827.0,40800.0,715644.9,-72.5,1235999.0,22.11,895.837,1021.932,1.8,29.57,1.24,1.27,1.17,1.2,1.36,3.05,4.05,6.173333,7.347619,0.03,-0.0700001,-0.04,0.12,1.81,2.81,4.933333,6.107619,96.85,1.3765,118.81,161.7538,1.541448,141.1,142.5,131.4,128.0,248.7067,121.3,57.5,182.6,122.1,158.0,292.7,151.3,119.5,213.7,183.6,173.3,176.8,104.5872,94.08195,103.2085,107.6791,16.63,18.78,15.59,72.8
02/01/2003,8559.9,7310.2,71.68416,837550.0,284979.0,101.412,101.3121,101.3566,101.7416,101.7873,101.7162,99.2505,101.5528,102.5543,99.7816,100.9976,109.6403,97.1415,53.6,73.6028,41.0,0.353,137482.0,135306.0,5.9,18.5,2798.0,2611.0,3161.0,1297.0,1864.0,416.7,108484.0,22022.0,504.6,6667.0,14780.0,9134.0,5646.0,108086.0,25349.0,5629.8,14921.9,7929.0,21624.0,39.4,4.2,40.2,42.6,1629.0,144.0,278.0,758.0,449.0,1854.0,166.0,330.0,808.0,550.0,48.8,51.9,52.8,43.0,208435.0,197377.0,36553.0,486395.0,1173.89,1.402,1238.5,5842.0,635.1,55.59438,690501.0,41309.0,41284.0,709779.6,-70.4,1239717.0,22.14,837.6194,961.212,1.95,27.75,1.26,1.25,1.17,1.18,1.3,2.9,3.9,5.951053,7.056842,-0.01,-0.09,-0.08,0.04,1.64,2.64,4.691052,5.796843,95.94,1.360179,119.3379,160.7947,1.512147,142.7,144.6,133.8,134.3,249.4095,122.3,65.5,183.6,121.8,160.8,293.0,152.7,119.3,214.2,184.5,174.6,177.8,105.0826,93.77272,104.3664,108.0305,16.64,18.82,15.62,69.9
03/01/2003,8560.5,7307.6,71.94247,842152.0,289626.0,101.2521,101.3557,101.3608,101.6849,101.8785,101.5976,99.4298,101.1057,102.2948,100.1335,101.2764,102.8955,98.232,47.0,73.8478,39.0,0.337,137434.0,135232.0,5.9,18.1,2831.0,2567.0,3161.0,1363.0,1798.0,425.1,108286.0,21946.0,501.0,6654.0,14722.0,9097.0,5625.0,107950.0,25303.0,5626.4,14894.4,7942.0,21610.0,39.9,4.1,40.4,42.2,1726.0,151.0,349.0,804.0,422.0,1757.0,164.0,339.0,801.0,453.0,46.3,47.2,52.6,42.3,206237.0,195398.0,37548.0,486059.0,1174.21,1.394,1239.8,5860.1,639.4,55.54879,694746.0,41298.0,41277.0,703104.8,-80.1,1243169.0,22.14,846.6208,974.4423,1.93,29.66,1.25,1.21,1.13,1.13,1.24,2.78,3.81,5.88619,6.949048,-0.04,-0.12,-0.12,-0.01,1.53,2.56,4.63619,5.699048,95.21,1.361362,118.6871,158.2471,1.476081,144.0,146.2,136.3,152.2,249.7295,122.3,70.0,183.9,120.7,160.8,293.4,152.6,119.3,215.0,184.8,175.1,178.1,105.4947,93.62402,104.9362,108.5023,16.69,18.85,15.64,69.6
04/01/2003,8606.2,7351.2,72.18146,841827.0,290775.0,100.3969,100.2624,100.3368,100.6163,100.8148,100.526,98.2853,100.5875,101.378,99.4412,100.2917,100.3941,96.5876,48.5,73.173,37.0,0.31,137633.0,135561.0,6.0,19.4,2794.0,2661.0,3348.0,1421.0,1927.0,438.7,108252.0,21863.0,498.0,6689.0,14608.0,9018.0,5590.0,107984.0,25304.0,5622.9,14916.7,7971.0,21595.0,39.5,4.1,40.0,41.8,1643.0,147.0,323.0,718.0,455.0,1803.0,172.0,354.0,820.0,457.0,46.1,47.2,49.9,43.1,203034.0,194103.0,37224.0,487031.0,1175.91,1.397,1248.6,5902.0,643.1,56.07512,698081.0,40760.0,40730.0,701294.1,-21.7,1252939.0,22.2,890.0253,1017.149,1.83,32.16,1.26,1.23,1.13,1.14,1.27,2.93,3.96,5.744762,6.852857,-0.03,-0.13,-0.12,0.01,1.67,2.7,4.484762,5.592857,95.04,1.377595,119.896,157.3873,1.458205,142.2,143.9,133.1,128.2,248.6909,120.9,63.5,183.2,120.3,157.7,294.0,151.1,119.0,215.1,184.0,174.1,177.4,105.2517,93.33398,103.8822,108.6736,16.71,18.91,15.63,79.3
05/01/2003,8669.8,7406.5,72.45261,846684.0,293537.0,100.4334,100.4057,100.2891,100.4472,100.9004,100.2533,98.3916,100.4741,102.2938,98.5016,100.3995,102.0704,96.8956,52.9,73.295,36.0,0.298,137544.0,135370.0,6.1,19.0,2988.0,2631.0,3318.0,1389.0,1929.0,422.9,108274.0,21831.0,500.0,6706.0,14556.0,8983.0,5573.0,108010.0,25266.0,5615.7,14896.4,7988.0,21567.0,39.7,4.0,40.2,42.4,1751.0,151.0,360.0,796.0,444.0,1835.0,177.0,358.0,820.0,480.0,49.0,53.4,50.6,45.7,202918.0,194657.0,37870.0,487803.0,1172.78,1.385,1268.4,5959.9,645.7,56.67365,701069.0,40818.0,40762.0,685356.8,-191.2,1263995.0,22.22,935.9623,1067.929,1.75,33.94,1.26,1.2,1.07,1.08,1.18,2.52,3.57,5.217619,6.378095,-0.0599999,-0.1899999,-0.1799999,-0.08,1.26,2.31,3.957619,5.118095,90.54,1.311071,117.3681,162.2352,1.383957,141.9,143.5,132.4,129.9,249.9957,122.3,51.5,182.9,120.0,154.4,295.2,149.4,118.4,216.0,183.6,173.2,177.0,105.1618,92.72301,103.0768,109.0744,16.76,18.97,15.67,91.4
06/01/2003,8698.2,7424.0,72.84428,852580.0,296225.0,100.6173,100.5646,100.5389,100.6234,102.0167,100.0514,98.8397,100.6941,102.9963,98.7738,100.9792,96.2402,95.1683,54.1,73.7609,38.0,0.304,137790.0,135419.0,6.3,19.9,2906.0,2745.0,3552.0,1453.0,2100.0,421.8,108233.0,21788.0,501.3,6723.0,14493.0,8945.0,5548.0,108051.0,25237.0,5606.2,14888.6,7985.0,21606.0,39.8,4.1,40.3,45.6,1867.0,163.0,360.0,830.0,514.0,1875.0,171.0,387.0,859.0,458.0,49.0,53.6,49.8,42.0,206049.0,196998.0,37784.0,489427.0,1171.08,1.374,1280.8,5998.6,647.3,56.97953,703549.0,42175.0,42014.0,671160.3,-170.4,1266964.0,22.15,987.9962,1126.278,1.66,32.74,1.22,1.02,0.92,0.92,1.01,2.27,3.33,4.965714,6.190476,-0.2,-0.3,-0.3,-0.21,1.05,2.11,3.745714,4.970476,89.71,1.319576,118.329,166.0876,1.352509,142.7,144.6,133.1,135.5,251.8414,122.8,56.5,183.1,120.6,154.6,296.1,149.7,118.0,216.2,183.7,173.6,177.2,105.2764,92.40839,103.2994,109.2361,16.8,18.99,15.72,86.4
07/01/2003,8694.4,7430.1,73.19077,865407.0,300761.0,101.0612,101.1221,101.1756,101.443,104.162,100.3415,99.0146,100.9797,103.3389,98.5487,101.1629,100.4045,95.9609,53.9,73.9352,38.0,0.313,137474.0,135242.0,6.2,19.7,2720.0,2616.0,3633.0,1661.0,1972.0,403.5,108231.0,21707.0,502.2,6735.0,14401.0,8885.0,5516.0,108157.0,25218.0,5596.5,14883.9,8001.0,21633.0,39.6,4.0,40.0,46.3,1897.0,188.0,388.0,870.0,451.0,1885.0,184.0,376.0,845.0,480.0,51.0,56.8,51.5,46.3,210088.0,198208.0,38444.0,487683.0,1171.23,1.353,1287.6,6051.2,648.5,57.34496,705450.0,42954.0,42823.0,682551.6,136.7,1272363.0,22.14,992.5362,1129.866,1.71,32.76,1.01,1.03,0.9,0.95,1.12,2.87,3.98,5.492273,6.616364,0.02,-0.11,-0.06,0.11,1.86,2.97,4.482273,5.606363,91.43,1.361145,118.6959,162.21,1.382091,142.8,144.7,133.3,131.9,250.7432,122.7,53.0,183.7,121.1,155.7,297.4,150.3,117.6,216.8,184.3,174.1,177.7,105.5228,92.18895,103.6945,109.5235,16.81,18.95,15.74,83.7
08/01/2003,8690.8,7425.0,73.87983,860922.0,304610.0,100.9579,101.044,101.0514,101.0217,102.8097,100.2934,99.8256,100.8421,102.798,98.1295,100.8673,101.857,97.1564,61.8,73.7557,37.0,0.308,137549.0,135200.0,6.1,19.2,2801.0,2625.0,3557.0,1561.0,1995.0,399.8,108266.0,21708.0,501.1,6760.0,14378.0,8871.0,5507.0,108114.0,25238.0,5591.2,14904.5,8005.0,21556.0,39.8,4.1,40.2,47.1,1833.0,154.0,398.0,851.0,430.0,1966.0,204.0,388.0,885.0,489.0,53.2,61.1,53.0,43.1,204451.0,195654.0,37291.0,489919.0,1167.59,1.356,1294.6,6102.3,650.0,57.64495,709723.0,45692.0,45363.0,674813.8,-92.9,1279313.0,22.17,989.5324,1130.13,1.78,32.55,1.03,1.06,0.95,1.03,1.31,3.37,4.45,5.879524,7.011905,0.03,-0.08,0.0,0.28,2.34,3.42,4.849524,5.981905,92.64,1.3811,118.66,159.3862,1.396271,143.7,145.8,133.9,130.8,251.6176,123.5,53.0,184.5,120.8,158.2,298.3,151.4,117.2,217.2,185.1,175.1,178.5,105.8601,91.93728,104.4758,109.7826,16.86,18.98,15.78,82.5
09/01/2003,8699.5,7430.3,73.51412,865607.0,302029.0,101.4852,101.6515,101.929,102.0238,106.1335,100.3813,100.4849,101.2586,103.539,98.8606,101.5941,100.668,98.0703,57.8,74.3197,37.0,0.307,137609.0,135355.0,6.1,19.5,2704.0,2775.0,3486.0,1472.0,2014.0,395.4,108421.0,21700.0,501.5,6783.0,14347.0,8856.0,5491.0,108225.0,25272.0,5589.6,14932.2,8008.0,21504.0,39.9,4.2,40.5,46.5,1939.0,188.0,429.0,870.0,452.0,1961.0,181.0,393.0,892.0,495.0,52.4,60.8,53.4,43.4,211379.0,201959.0,38987.0,489858.0,1172.23,1.354,1296.3,6082.5,652.8,57.29985,710984.0,44092.0,43911.0,658187.9,-199.5,1289677.0,22.22,1019.442,1168.921,1.73,32.54,1.01,1.06,0.94,1.01,1.24,3.18,4.27,5.71619,6.79,0.05,-0.07,0.0,0.23,2.17,3.26,4.70619,5.78,91.0,1.3743,114.8,161.5476,1.363371,144.0,146.1,133.8,134.4,261.2905,124.3,56.0,185.1,120.9,159.9,299.8,152.1,116.2,217.8,185.8,175.8,179.1,106.1521,91.52263,105.0822,110.0934,16.89,19.02,15.82,80.8
10/01/2003,8741.3,7469.0,73.57928,867440.0,301747.0,101.5785,101.3464,101.3728,101.3454,104.4055,100.1191,100.1826,101.9067,104.5367,99.1221,101.6509,99.3805,100.9506,62.8,74.3897,36.0,0.306,137984.0,135571.0,6.0,19.3,2710.0,2593.0,3451.0,1492.0,1959.0,376.1,108570.0,21691.0,503.5,6784.0,14334.0,8856.0,5478.0,108437.0,25308.0,5592.8,14956.2,7995.0,21558.0,39.9,4.3,40.6,48.6,1967.0,153.0,382.0,914.0,518.0,2012.0,200.0,378.0,907.0,527.0,55.2,64.4,54.6,45.6,216249.0,208036.0,38728.0,495384.0,1175.28,1.355,1297.1,6070.2,657.2,57.17183,714978.0,43444.0,43337.0,651294.4,-82.7,1297952.0,22.23,1038.734,1182.466,1.71,29.95,1.01,1.06,0.92,1.0,1.25,3.19,4.29,5.697727,6.732727,0.05,-0.09,-0.01,0.24,2.18,3.28,4.687727,5.722727,87.4,1.3222,109.5,167.9164,1.322095,144.8,147.1,134.2,138.2,274.1052,125.9,58.5,184.9,121.1,157.5,300.4,151.1,115.5,218.4,185.5,175.3,178.9,106.1747,91.29373,104.6407,110.4134,16.88,18.98,15.83,83.0
11/01/2003,8812.1,7536.0,74.13497,869591.0,307192.0,102.401,102.3062,102.3167,102.0717,105.3821,100.7524,102.1027,102.5403,106.1434,99.4025,102.6515,100.0919,99.2926,66.6,75.146,38.0,0.337,138424.0,136003.0,5.8,19.9,2656.0,2509.0,3420.0,1414.0,2006.0,363.0,108611.0,21687.0,505.2,6796.0,14315.0,8860.0,5455.0,108459.0,25283.0,5593.5,14929.5,7990.0,21535.0,40.1,4.5,40.9,50.4,2083.0,190.0,435.0,904.0,554.0,1918.0,190.0,393.0,845.0,490.0,58.4,69.1,56.4,49.7,213584.0,205413.0,38670.0,498445.0,1176.39,1.353,1297.6,6066.0,659.9,57.15232,717759.0,42984.0,42916.0,648633.6,-31.9,1299605.0,22.07,1049.901,1196.683,1.69,29.66,1.0,1.08,0.93,1.02,1.34,3.29,4.3,5.648334,6.657778,0.08,-0.07,0.02,0.34,2.29,3.3,4.648334,5.657778,87.03,1.3318,109.18,168.9739,1.313044,144.6,146.8,134.2,137.9,278.6689,128.5,64.0,185.0,120.8,156.9,301.4,151.1,115.1,218.6,185.4,175.3,179.0,106.1374,91.07426,104.3138,110.567,16.94,19.03,15.9,88.1
12/01/2003,8824.2,7539.2,74.11311,869860.0,305706.0,102.3153,102.0924,102.166,102.0836,105.5574,100.7061,101.834,102.6325,106.3297,99.083,102.4066,102.8289,100.0953,70.0,74.9864,38.0,0.339,138411.0,136145.0,5.7,19.8,2554.0,2455.0,3366.0,1435.0,1931.0,358.5,108724.0,21703.0,506.9,6827.0,14300.0,8857.0,5443.0,108567.0,25279.0,5602.1,14931.7,7983.0,21546.0,39.9,4.5,40.7,54.1,2057.0,169.0,395.0,973.0,520.0,1987.0,200.0,370.0,926.0,491.0,60.1,71.3,59.3,45.9,211403.0,203827.0,39237.0,501545.0,1176.03,1.352,1306.1,6068.1,662.5,57.0337,720362.0,42672.0,42626.0,631582.1,-204.6,1307508.0,22.11,1080.636,1234.759,1.67,28.0,0.98,1.07,0.9,0.99,1.31,3.27,4.27,5.619545,6.596364,0.09,-0.08,0.01,0.3299999,2.29,3.29,4.639545,5.616364,84.82,1.2643,107.74,175.1605,1.312755,145.1,147.6,135.0,142.4,283.3762,131.1,66.0,185.5,120.2,157.4,303.0,151.6,114.9,219.0,185.8,175.8,179.4,106.395,90.83266,104.7013,110.881,16.96,19.03,15.92,89.8
01/01/2004,8833.6,7522.2,74.67868,867346.0,306873.0,102.5858,102.4735,102.6086,102.6545,107.0736,100.9187,102.3913,102.7522,106.2236,98.8839,102.4028,107.2025,100.8384,69.3,74.9988,38.0,0.337,138463.0,136219.0,5.7,19.9,2678.0,2377.0,3367.0,1446.0,1921.0,361.6,108879.0,21716.0,509.4,6846.0,14293.0,8865.0,5428.0,108696.0,25356.0,5624.5,14965.3,7980.0,21533.0,40.1,4.5,40.9,54.7,1911.0,148.0,340.0,910.0,513.0,1952.0,191.0,362.0,898.0,501.0,60.8,70.6,61.5,47.9,209966.0,194662.0,35932.0,499505.0,1174.76,1.354,1305.6,6070.2,663.8,56.83997,721898.0,43145.0,43038.0,632653.4,12.9,1319705.0,22.2,1132.517,1296.227,1.62,29.35,1.0,1.04,0.88,0.97,1.24,3.12,4.15,5.536,6.442,0.04,-0.12,-0.03,0.24,2.12,3.15,4.536,5.442,83.07,1.239135,106.2685,182.5465,1.295755,145.7,148.4,136.4,148.7,291.5247,134.5,75.5,186.2,120.1,159.7,303.8,152.5,114.8,219.7,186.7,176.7,180.2,106.7946,90.89159,105.3075,111.255,17.0,19.1,15.94,100.1
02/01/2004,8850.5,7534.0,74.6239,868590.0,307256.0,103.1195,103.1254,103.3108,103.1841,106.2897,101.9547,103.5561,103.125,107.2249,99.1862,103.0446,109.4497,100.6129,65.6,75.4796,40.0,0.363,138529.0,136341.0,5.6,20.2,2424.0,2436.0,3242.0,1391.0,1851.0,361.9,108898.0,21694.0,510.1,6840.0,14277.0,8866.0,5411.0,108745.0,25354.0,5619.5,14962.6,7988.0,21541.0,40.1,4.5,41.0,55.7,1846.0,172.0,335.0,866.0,473.0,1966.0,187.0,351.0,913.0,515.0,59.9,66.5,62.9,49.0,210051.0,200105.0,37159.0,500124.0,1179.9,1.358,1321.9,6114.0,665.4,57.04374,723812.0,43123.0,43081.0,634472.3,21.8,1321641.0,22.11,1143.357,1303.248,1.63,29.68,1.01,1.03,0.93,0.99,1.24,3.07,4.08,5.500526,6.265263,0.02,-0.08,-0.02,0.23,2.06,3.07,4.490526,5.255263,83.37,1.244811,106.7079,186.7295,1.329895,145.7,148.4,137.6,150.4,295.3763,139.2,81.5,186.7,120.1,160.8,305.2,153.1,114.9,220.1,187.2,177.4,180.6,107.1809,90.93338,105.9434,111.5989,17.05,19.19,15.97,88.5
03/01/2004,8862.4,7547.8,74.94974,891165.0,312251.0,102.5619,102.2233,102.2794,101.7897,104.9055,100.562,103.2593,103.0381,107.6398,99.007,102.8921,98.6137,104.4042,66.8,75.3741,39.0,0.341,138421.0,136291.0,5.8,19.8,2651.0,2438.0,3309.0,1346.0,1963.0,344.1,109189.0,21761.0,515.0,6891.0,14286.0,8874.0,5412.0,109012.0,25435.0,5629.9,15012.5,7997.0,21584.0,40.3,4.6,40.9,57.0,1998.0,169.0,379.0,917.0,533.0,2066.0,207.0,376.0,949.0,534.0,60.6,64.6,66.7,48.0,222323.0,212535.0,40207.0,503419.0,1183.69,1.328,1330.6,6154.7,667.1,57.2559,726540.0,45047.0,44995.0,622261.1,-146.5,1331332.0,22.17,1123.98,1274.17,1.68,22.89,1.0,1.03,0.94,0.99,1.19,2.79,3.83,5.325652,6.114348,0.03,-0.06,-0.01,0.1900001,1.79,2.83,4.325652,5.114348,84.98,1.277778,108.5157,182.61,1.328578,146.2,148.9,138.4,153.0,304.7483,142.5,86.0,187.1,120.4,160.4,306.5,153.1,114.8,220.8,187.6,177.5,180.9,107.4946,90.97505,106.4745,111.8675,17.09,19.18,16.02,88.8
04/01/2004,8888.6,7555.4,75.00545,882618.0,308492.0,103.0752,102.7806,102.8414,102.4396,105.1877,101.3547,103.6048,103.492,107.8695,99.8153,103.4034,99.9605,103.3214,66.6,75.75,38.0,0.345,138674.0,136481.0,5.6,19.6,2778.0,2401.0,2963.0,1169.0,1794.0,345.8,109433.0,21794.0,517.9,6893.0,14313.0,8899.0,5414.0,109249.0,25471.0,5649.0,15032.5,8011.0,21610.0,40.0,4.5,40.8,57.2,2003.0,180.0,394.0,965.0,464.0,2070.0,200.0,380.0,952.0,538.0,60.6,67.1,66.7,45.2,218000.0,203361.0,38220.0,501630.0,1186.16,1.344,1332.9,6197.8,669.8,57.5342,730268.0,45884.0,45798.0,622666.8,4.9,1337476.0,22.12,1133.079,1295.624,1.68,23.12,1.0,1.06,0.94,1.09,1.43,3.39,4.35,5.730952,6.459048,0.0599999,-0.06,0.09,0.4299999,2.39,3.35,4.730952,5.459048,85.88,1.296877,107.6564,180.3095,1.341973,147.3,150.4,140.2,156.0,305.5019,145.1,88.0,187.4,120.6,159.9,307.8,153.0,114.7,221.4,187.8,177.5,181.2,107.7237,91.02824,106.5067,112.2413,17.12,19.2,16.07,87.3
05/01/2004,8906.2,7579.3,75.57223,882446.0,312256.0,103.7896,103.4085,103.3947,102.9383,104.1715,102.4241,104.3333,104.3239,108.8645,100.5465,104.1066,101.4006,103.8552,65.3,76.2612,39.0,0.352,138848.0,136553.0,5.6,19.8,2724.0,2377.0,3096.0,1294.0,1802.0,338.9,109729.0,21867.0,522.2,6938.0,14338.0,8923.0,5415.0,109458.0,25504.0,5650.6,15055.8,8032.0,21596.0,40.2,4.6,41.1,60.1,1981.0,180.0,360.0,876.0,565.0,2150.0,202.0,370.0,1022.0,556.0,61.4,64.5,68.3,48.8,217358.0,200454.0,38776.0,500380.0,1190.06,1.349,1331.9,6268.0,673.1,57.9062,733437.0,45357.0,45245.0,630185.3,90.2,1344050.0,22.06,1102.781,1264.602,1.73,22.75,1.0,1.16,1.02,1.31,1.78,3.85,4.72,6.0375,6.747,0.16,0.02,0.3099999,0.78,2.85,3.72,5.0375,5.747,87.52,1.283905,112.196,178.5995,1.37886,148.6,152.0,141.9,160.7,301.398,143.3,86.0,188.2,120.8,161.5,308.6,154.2,114.7,221.9,188.6,178.5,182.0,108.244,90.98077,107.8083,112.5071,17.13,19.21,16.07,81.6
06/01/2004,8909.8,7585.4,75.03581,882407.0,306620.0,102.925,102.3972,102.2121,101.3768,101.9118,101.126,104.1655,103.6571,108.6089,100.3617,103.3323,101.3724,104.4348,63.7,75.6842,38.0,0.34,139174.0,136746.0,5.6,20.5,2675.0,2389.0,3115.0,1276.0,1839.0,341.2,109840.0,21878.0,522.0,6958.0,14331.0,8930.0,5401.0,109536.0,25546.0,5657.3,15078.5,8040.0,21574.0,39.9,4.6,40.7,59.4,1828.0,164.0,313.0,878.0,473.0,2020.0,207.0,350.0,931.0,532.0,60.5,60.9,67.1,51.3,219226.0,201743.0,38902.0,499791.0,1194.69,1.354,1342.9,6277.3,677.7,57.83144,738513.0,45786.0,45606.0,630620.4,5.2,1349262.0,22.06,1132.757,1298.751,1.7,21.81,1.03,1.39,1.27,1.6,2.12,3.93,4.73,6.014762,6.78381,0.36,0.24,0.5700001,1.09,2.9,3.7,4.984762,5.75381,86.05,1.250268,109.4336,182.7909,1.357841,148.5,151.6,142.5,161.9,295.6843,142.8,81.0,188.9,121.1,162.8,309.9,154.9,114.5,222.6,189.3,179.3,182.6,108.5448,90.96358,108.2412,112.8217,17.16,19.2,16.11,88.5
07/01/2004,8949.1,7632.6,75.61956,887745.0,312232.0,103.6237,103.1098,102.9361,101.6565,102.625,101.2475,106.0732,104.3365,109.4081,101.1913,104.2102,99.1616,105.7939,63.8,76.3112,38.0,0.337,139565.0,137365.0,5.5,18.7,2819.0,2385.0,2919.0,1247.0,1672.0,346.3,109890.0,21910.0,526.9,6974.0,14342.0,8939.0,5403.0,109616.0,25538.0,5665.6,15056.8,8023.0,21636.0,40.1,4.6,40.9,57.4,2002.0,184.0,351.0,904.0,563.0,2112.0,198.0,363.0,986.0,565.0,59.9,62.8,64.5,50.8,217171.0,203525.0,43672.0,503923.0,1201.84,1.354,1340.7,6285.4,685.3,57.87167,746249.0,45963.0,45719.0,643429.1,153.7,1352204.0,22.06,1105.846,1265.114,1.79,21.19,1.26,1.51,1.33,1.66,2.1,3.69,4.5,5.822857,6.622381,0.25,0.0700001,0.4,0.8399999,2.43,3.24,4.562857,5.362381,84.99,1.245176,109.4871,184.38,1.322505,148.3,151.4,143.1,161.5,293.9433,145.2,77.0,189.1,121.0,162.5,310.8,154.7,114.3,223.2,189.5,179.4,182.8,108.6093,90.69057,107.9603,113.1448,17.21,19.19,16.19,91.2
08/01/2004,9006.9,7658.6,75.69951,893189.0,312504.0,103.8891,103.484,103.4455,102.5031,104.0944,101.8665,105.5946,104.4551,110.3212,101.7858,104.8965,96.1937,106.671,59.3,76.791,37.0,0.343,139585.0,137240.0,5.4,18.8,2660.0,2558.0,2853.0,1215.0,1638.0,340.5,109973.0,21935.0,527.7,6996.0,14344.0,8962.0,5382.0,109674.0,25557.0,5671.0,15061.3,8036.0,21636.0,40.0,4.6,40.8,56.4,2024.0,202.0,366.0,917.0,539.0,2056.0,180.0,384.0,958.0,534.0,58.5,62.1,62.8,52.1,222362.0,200088.0,38581.0,501612.0,1207.97,1.352,1353.6,6307.8,686.8,58.04057,747890.0,45397.0,45146.0,638091.7,-64.0,1357955.0,21.97,1088.936,1236.611,1.81,20.64,1.43,1.65,1.48,1.72,2.02,3.47,4.28,5.648182,6.463182,0.22,0.0500001,0.2900001,0.59,2.04,2.85,4.218182,5.033182,85.34,1.262291,110.2336,182.0255,1.312677,148.6,151.7,144.6,161.5,291.8586,145.7,81.5,189.4,120.4,162.9,311.8,154.7,114.1,223.7,189.8,179.7,183.1,108.6791,90.26469,107.8572,113.4204,17.23,19.23,16.21,88.2
09/01/2004,9010.0,7651.8,76.24432,897286.0,317834.0,103.8183,103.3699,103.4167,102.3014,102.7088,102.0931,105.7307,104.4403,110.4101,101.8993,104.688,98.989,103.9593,59.8,76.6072,36.0,0.336,139500.0,137345.0,5.4,19.4,2759.0,2267.0,2920.0,1216.0,1704.0,340.8,110144.0,21957.0,528.8,7028.0,14332.0,8958.0,5374.0,109828.0,25615.0,5684.0,15094.6,8057.0,21641.0,40.0,4.6,40.8,58.0,1905.0,157.0,345.0,907.0,496.0,2041.0,200.0,383.0,931.0,527.0,57.4,57.7,59.8,51.6,221697.0,203683.0,40841.0,501330.0,1205.04,1.343,1360.9,6339.4,690.3,58.26721,752345.0,46385.0,46050.0,640794.7,32.4,1366434.0,22.08,1117.656,1268.258,1.78,19.84,1.61,1.81,1.65,1.87,2.12,3.36,4.13,5.459048,6.268571,0.1999999,0.04,0.26,0.5099999,1.75,2.52,3.849048,4.658571,84.85,1.262914,110.0914,179.3671,1.288095,148.7,151.7,144.8,153.9,296.8995,147.1,76.0,189.8,120.1,163.5,312.9,155.0,114.6,224.3,190.3,179.9,183.5,108.7988,90.29875,107.8551,113.6246,17.31,19.25,16.31,88.0
10/01/2004,9040.9,7724.1,76.39281,896867.0,317002.0,104.8276,104.3265,104.3589,103.3241,104.7563,102.7458,106.5731,105.5179,111.6499,103.1158,105.7448,100.5281,108.096,59.3,77.3403,37.0,0.34,139756.0,137613.0,5.5,19.5,2732.0,2300.0,3046.0,1297.0,1750.0,333.5,110466.0,22012.0,527.5,7085.0,14332.0,8970.0,5362.0,110132.0,25654.0,5691.0,15121.6,8053.0,21678.0,39.9,4.5,40.6,55.5,2072.0,177.0,392.0,960.0,543.0,2097.0,183.0,368.0,1020.0,526.0,56.3,58.4,59.2,49.3,221557.0,199589.0,38572.0,497973.0,1211.06,1.35,1360.6,6362.9,693.2,58.19007,754998.0,46358.0,46179.0,655943.0,181.8,1378449.0,22.02,1118.068,1272.881,1.79,19.97,1.76,1.97,1.76,2.0,2.23,3.35,4.1,5.468,6.205,0.21,0.0,0.24,0.47,1.59,2.34,3.708,4.445,82.96,1.232995,108.7835,180.769,1.246935,151.1,154.8,146.5,160.7,290.3581,150.0,78.5,190.8,120.3,167.0,314.0,156.9,115.0,224.5,191.4,181.3,184.5,109.3468,90.44763,109.29,113.8206,17.31,19.3,16.26,83.8
11/01/2004,9048.6,7727.7,76.54374,902996.0,318267.0,105.1782,104.4506,104.4367,103.3845,104.1189,103.0515,106.3927,106.1667,112.2378,103.1956,105.8447,101.7606,108.5978,57.3,77.364,36.0,0.336,140245.0,137987.0,5.4,19.7,2637.0,2336.0,2975.0,1260.0,1715.0,329.4,110506.0,22006.0,531.9,7098.0,14309.0,8959.0,5350.0,110201.0,25672.0,5695.8,15138.8,8059.0,21701.0,39.8,4.4,40.5,56.9,1782.0,164.0,310.0,841.0,467.0,2079.0,203.0,343.0,948.0,585.0,56.2,60.1,56.8,49.7,227854.0,207710.0,42116.0,501893.0,1217.11,1.348,1375.2,6400.0,697.8,58.39545,759211.0,46170.0,45987.0,648094.6,-94.2,1385530.0,22.03,1168.937,1332.22,1.74,20.65,1.93,2.2,2.07,2.27,2.5,3.53,4.19,5.5155,6.203,0.2700001,0.14,0.34,0.5700001,1.6,2.26,3.5855,4.273,79.83,1.17114,104.699,186.068,1.19677,152.0,155.9,147.5,172.5,298.4005,151.6,74.0,191.6,120.7,168.7,314.7,157.6,115.3,225.4,192.2,182.3,185.3,109.5976,90.44098,109.3324,114.2462,17.34,19.3,16.31,85.2
12/01/2004,9372.2,8045.9,76.99189,912752.0,322495.0,105.7785,105.03,104.9877,103.8528,104.2803,103.6241,107.0782,106.7922,112.2995,104.117,106.3611,103.0826,111.6583,57.9,77.6835,38.0,0.354,140138.0,137940.0,5.4,19.5,2777.0,2267.0,2943.0,1275.0,1668.0,327.4,110637.0,22014.0,534.5,7125.0,14287.0,8954.0,5333.0,110337.0,25687.0,5708.6,15125.4,8084.0,21714.0,40.1,4.5,40.6,53.8,2042.0,195.0,381.0,939.0,527.0,2082.0,190.0,392.0,946.0,554.0,57.2,66.3,55.3,52.8,230426.0,205183.0,41184.0,500142.0,1217.32,1.334,1376.3,6418.8,697.6,58.56989,759258.0,46600.0,46538.0,639526.6,-102.8,1391306.0,21.35,1199.211,1367.07,1.72,20.79,2.16,2.38,2.19,2.43,2.67,3.6,4.23,5.469545,6.153636,0.22,0.03,0.27,0.51,1.44,2.07,3.309545,3.993636,78.8,1.146691,103.8618,192.9214,1.219586,151.2,154.7,147.4,167.1,296.2805,154.4,72.0,191.7,119.8,168.1,315.8,157.2,115.5,225.8,192.2,182.2,185.3,109.5921,90.46272,108.7973,114.4987,17.38,19.27,16.35,90.9
01/01/2005,9141.0,7802.3,76.81888,916723.0,321500.0,106.2584,105.9142,105.9698,104.6291,103.6801,104.8755,108.663,106.7368,112.8807,104.0988,107.0892,103.5247,110.955,58.9,78.1492,42.0,0.401,140224.0,138099.0,5.2,19.5,2623.0,2314.0,2845.0,1196.0,1648.0,338.7,110732.0,21964.0,539.4,7096.0,14262.0,8946.0,5316.0,110512.0,25727.0,5702.6,15153.9,8094.0,21744.0,39.8,4.6,40.7,58.9,2144.0,163.0,334.0,1090.0,557.0,2139.0,197.0,334.0,1051.0,557.0,56.6,58.2,53.9,52.9,231204.0,205302.0,41192.0,497231.0,1226.48,1.34,1366.0,6422.3,699.0,58.43606,760614.0,47653.0,47591.0,662414.6,274.7,1393840.0,21.93,1181.407,1345.191,1.77,20.47,2.28,2.56,2.33,2.61,2.86,3.71,4.22,5.3575,6.0175,0.28,0.05,0.3299999,0.5799999,1.43,1.94,3.0775,3.7375,79.8,1.17908,103.341,187.9725,1.224835,151.9,155.5,148.3,164.1,291.193,155.7,69.0,191.7,120.2,167.0,317.0,157.0,115.7,226.2,192.3,182.1,185.3,109.903,90.67889,109.1872,114.795,17.36,19.22,16.38,85.7
02/01/2005,9151.3,7803.1,77.10744,912900.0,322681.0,106.8705,106.5072,106.7922,105.3044,106.4681,104.8172,109.5632,107.3713,113.5855,104.7349,107.8148,102.2301,113.0579,57.7,78.602,41.0,0.382,140354.0,138198.0,5.4,19.1,2749.0,2342.0,2873.0,1261.0,1612.0,314.1,110941.0,22039.0,544.6,7157.0,14271.0,8966.0,5305.0,110646.0,25770.0,5712.6,15181.4,8096.0,21744.0,39.9,4.6,40.6,55.8,2207.0,200.0,446.0,996.0,565.0,2114.0,197.0,368.0,995.0,554.0,54.4,55.5,54.2,48.7,232820.0,209029.0,41612.0,498936.0,1231.95,1.349,1373.0,6445.5,700.6,58.50993,763230.0,46101.0,46059.0,673357.4,131.3,1405898.0,21.94,1199.627,1368.201,1.76,20.44,2.5,2.71,2.54,2.77,3.03,3.77,4.17,5.199474,5.815789,0.21,0.04,0.27,0.53,1.27,1.67,2.699474,3.315789,80.47,1.191784,104.9442,188.7105,1.240053,152.7,156.7,149.4,162.9,290.11,157.6,65.5,192.3,120.1,168.4,318.5,157.5,115.6,227.0,193.0,182.7,185.9,110.1608,90.51649,109.5727,115.0935,17.45,19.31,16.44,84.4
03/01/2005,9152.7,7806.1,77.21303,914124.0,322069.0,106.8335,106.3451,106.5086,104.7722,104.4906,104.7753,109.6579,107.4958,113.265,105.0807,107.5293,105.168,112.655,57.6,78.3095,39.0,0.374,140563.0,138402.0,5.2,19.3,2511.0,2345.0,2790.0,1164.0,1626.0,337.2,111066.0,22062.0,548.6,7180.0,14266.0,8960.0,5306.0,110742.0,25800.0,5726.8,15185.8,8093.0,21738.0,39.8,4.5,40.4,53.4,1864.0,210.0,311.0,855.0,488.0,2062.0,183.0,340.0,993.0,546.0,54.8,56.6,52.9,53.3,232811.0,203649.0,39634.0,495337.0,1233.36,1.351,1373.3,6464.7,702.6,58.52176,765629.0,47039.0,46990.0,673890.1,6.4,1414784.0,21.93,1194.898,1371.0,1.79,19.87,2.63,2.91,2.74,3.0,3.3,4.17,4.5,5.401818,6.060909,0.28,0.1099999,0.3699999,0.6699998,1.54,1.87,2.771818,3.430909,79.67,1.175626,105.2543,190.4304,1.216026,153.6,157.8,150.7,170.6,298.1236,160.6,73.0,192.9,120.4,168.9,319.7,157.8,115.4,227.9,193.6,183.1,186.5,110.4666,90.45099,109.8502,115.5049,17.46,19.37,16.44,82.8
04/01/2005,9184.7,7830.4,77.68991,919563.0,325113.0,106.7592,106.4203,106.3492,104.2244,102.7861,104.6155,110.373,107.2238,113.4344,104.6386,107.5732,104.0638,112.9135,56.4,78.2517,39.0,0.377,141244.0,139037.0,5.1,19.6,2689.0,2292.0,2666.0,1069.0,1597.0,322.0,111372.0,22107.0,555.0,7240.0,14248.0,8954.0,5294.0,111029.0,25873.0,5735.5,15232.0,8099.0,21764.0,40.1,4.4,40.5,51.5,2061.0,192.0,330.0,1037.0,502.0,2150.0,202.0,371.0,1025.0,552.0,52.5,54.7,51.8,48.0,232695.0,205937.0,41101.0,494460.0,1234.13,1.341,1358.2,6472.9,703.4,58.3963,766426.0,46433.0,46302.0,692448.5,222.7,1421468.0,21.88,1164.423,1338.877,1.86,19.86,2.79,3.02,2.78,3.05,3.32,4.0,4.34,5.327143,6.049047,0.23,-0.01,0.26,0.53,1.21,1.55,2.537143,3.259048,81.04,1.195367,107.1938,189.6105,1.2359,154.3,158.5,151.5,175.3,299.2752,161.6,71.0,193.8,119.9,170.7,320.7,158.8,115.3,228.5,194.4,184.2,187.3,110.8443,90.37177,110.5819,115.8205,17.52,19.39,16.47,77.0
05/01/2005,9206.8,7850.9,77.5628,922453.0,324270.0,107.101,107.067,107.1927,105.109,103.4686,105.563,111.5179,107.1669,113.5977,104.3919,108.1777,102.5651,112.2022,55.1,78.5947,38.0,0.367,141597.0,139364.0,5.1,18.6,2757.0,2246.0,2679.0,1142.0,1537.0,327.9,111538.0,22147.0,557.0,7278.0,14248.0,8962.0,5286.0,111166.0,25916.0,5748.0,15257.7,8104.0,21775.0,39.9,4.4,40.4,48.4,2025.0,183.0,384.0,928.0,530.0,2085.0,206.0,351.0,979.0,549.0,51.0,52.5,51.1,48.1,233497.0,219605.0,48797.0,506443.0,1233.3,1.338,1364.5,6489.3,704.7,58.54539,766741.0,45350.0,45211.0,701776.3,111.9,1424035.0,21.81,1178.276,1350.075,1.86,20.01,3.0,3.15,2.84,3.08,3.33,3.85,4.14,5.152381,6.00619,0.1500001,-0.1600001,0.0799999,0.3299999,0.8499999,1.14,2.152381,3.00619,82.07,1.217162,106.5952,185.5862,1.255529,153.9,157.9,150.9,169.5,297.7205,161.1,58.0,193.5,119.7,168.1,321.8,157.8,115.5,228.8,194.0,183.8,186.9,110.8422,90.48637,109.8259,116.1709,17.55,19.35,16.54,75.3
06/01/2005,9259.1,7902.5,78.33079,928145.0,330547.0,107.5818,107.6564,107.9451,105.9682,104.2256,106.4518,111.7988,107.5053,113.9414,104.1189,108.41,105.8765,113.6315,56.2,78.661,39.0,0.384,141708.0,139236.0,5.0,17.9,2650.0,2374.0,2411.0,1030.0,1381.0,323.1,111816.0,22170.0,560.2,7325.0,14221.0,8949.0,5272.0,111404.0,25967.0,5757.6,15295.7,8125.0,21758.0,39.9,4.4,40.4,50.7,2068.0,194.0,339.0,1037.0,498.0,2178.0,215.0,355.0,1064.0,544.0,52.9,55.9,53.3,48.5,238235.0,224052.0,47543.0,521481.0,1234.7,1.328,1380.0,6520.2,708.4,58.77805,770614.0,45953.0,45704.0,686953.1,-177.9,1434402.0,21.82,1202.255,1378.655,1.83,19.94,3.04,3.3,2.97,3.13,3.36,3.77,4.0,4.96,5.858182,0.26,-0.0699999,0.0900002,0.3199999,0.73,0.96,1.92,2.818182,83.61,1.266514,108.7473,181.7736,1.240168,154.0,158.1,151.3,166.0,298.2291,162.6,50.5,193.6,119.3,168.6,322.7,157.8,115.4,229.2,194.1,183.9,187.0,110.9292,90.19194,109.8329,116.3919,17.56,19.39,16.53,85.0
07/01/2005,9288.3,7943.1,78.85602,931567.0,335274.0,107.5563,107.6397,107.8756,105.6533,103.217,106.3633,112.4877,107.4672,114.0168,104.8536,108.4413,106.9689,112.4386,59.2,78.5775,39.0,0.389,142055.0,139804.0,5.0,17.6,2561.0,2384.0,2460.0,1072.0,1387.0,322.1,112089.0,22183.0,560.4,7344.0,14214.0,8945.0,5269.0,111759.0,26038.0,5769.2,15341.0,8149.0,21853.0,39.8,4.4,40.4,53.7,2054.0,196.0,364.0,986.0,508.0,2203.0,205.0,371.0,1045.0,582.0,54.3,59.2,52.3,47.2,232801.0,211122.0,44168.0,526610.0,1232.02,1.325,1367.3,6545.3,710.5,58.73249,773451.0,46160.0,45736.0,692065.3,61.3,1443576.0,21.76,1222.237,1399.31,1.82,20.26,3.26,3.49,3.22,3.42,3.64,3.98,4.18,5.057,5.9525,0.23,-0.04,0.1600001,0.3800001,0.72,0.9199998,1.797,2.6925,84.64,1.294545,111.9535,175.0745,1.222855,155.1,159.5,152.8,174.5,292.8345,163.3,48.5,194.9,119.0,172.6,323.9,159.6,115.1,229.9,195.6,185.5,188.3,111.4426,89.80499,111.1513,116.7265,17.62,19.49,16.56,85.5
08/01/2005,9062.2,7594.7,78.52325,931692.0,328115.0,107.7421,107.965,108.2247,105.7929,105.3265,105.8521,113.4,107.4722,115.0508,103.7111,108.8059,104.9777,110.7289,54.4,78.7333,37.0,0.362,142457.0,140306.0,4.9,18.4,2568.0,2294.0,2593.0,1179.0,1415.0,316.7,112292.0,22216.0,563.7,7384.0,14203.0,8947.0,5256.0,111939.0,26066.0,5780.0,15355.2,8172.0,21863.0,39.9,4.5,40.5,52.8,2095.0,202.0,383.0,927.0,583.0,2219.0,207.0,350.0,1104.0,558.0,51.9,56.0,50.5,45.8,240016.0,218098.0,45739.0,534163.0,1233.9,1.326,1376.9,6576.7,713.3,58.74226,775653.0,45126.0,44764.0,692901.6,10.0,1451408.0,22.33,1224.271,1406.813,1.82,19.91,3.5,3.69,3.44,3.66,3.87,4.12,4.26,5.094783,5.962174,0.1900001,-0.0599999,0.1600001,0.3699999,0.6199999,0.7600002,1.594783,2.462174,83.13,1.262944,110.6065,179.4426,1.204283,156.3,161.2,153.7,181.1,290.6204,165.2,62.5,196.2,119.6,177.4,324.1,161.6,114.8,230.4,197.0,187.2,189.6,111.9586,89.48678,112.5737,116.9954,17.67,19.49,16.64,76.9
09/01/2005,9264.6,7904.5,78.28452,930331.0,324776.0,105.8028,107.5341,107.5624,106.0391,107.39,105.4981,110.1304,103.5827,116.5716,97.4403,107.7151,105.998,106.5529,60.5,77.836,37.0,0.361,142429.0,140337.0,5.1,18.0,2754.0,2294.0,2559.0,1105.0,1453.0,399.0,112418.0,22239.0,569.8,7424.0,14180.0,8935.0,5245.0,112026.0,26053.0,5786.4,15332.7,8185.0,21847.0,40.1,4.6,40.7,53.3,2151.0,196.0,375.0,1008.0,572.0,2263.0,213.0,356.0,1075.0,619.0,56.6,61.0,58.6,49.7,243870.0,218659.0,42262.0,538077.0,1236.98,1.333,1377.1,6612.4,716.7,58.4758,779204.0,46272.0,45940.0,693752.2,10.2,1453176.0,21.68,1225.915,1408.635,1.84,19.28,3.62,3.79,3.42,3.67,3.85,4.01,4.2,5.126191,6.029047,0.1700001,-0.1999998,0.0500002,0.23,0.3900003,0.5799999,1.506191,2.409048,82.74,1.267062,111.239,180.6424,1.177681,158.6,164.2,157.3,199.7,294.1229,167.7,78.0,198.8,119.3,187.2,325.3,165.9,115.1,231.4,200.0,190.9,192.2,113.0793,89.5887,115.3787,117.5096,17.66,19.52,16.6,63.3
10/01/2005,9284.3,7940.3,78.45818,932943.0,326586.0,107.0612,108.9401,109.1079,106.0966,107.9575,105.3869,116.3004,104.6507,117.9776,99.1827,109.3671,105.7843,104.9015,61.9,78.921,37.0,0.368,142613.0,140483.0,5.0,18.0,2714.0,2270.0,2511.0,1073.0,1438.0,343.5,112541.0,22319.0,575.4,7480.0,14199.0,8965.0,5234.0,112051.0,26060.0,5796.6,15325.0,8222.0,21829.0,40.3,4.6,41.0,54.9,2065.0,171.0,339.0,1036.0,519.0,2170.0,200.0,361.0,1056.0,553.0,57.3,60.4,61.3,48.1,244496.0,224897.0,45047.0,544987.0,1241.91,1.331,1374.3,6640.1,717.7,58.61724,781018.0,45540.0,45256.0,720363.9,319.3,1454397.0,21.57,1191.965,1361.137,1.9,18.79,3.78,4.05,3.71,3.99,4.18,4.33,4.46,5.345,6.298,0.2700002,-0.0699999,0.21,0.3999999,0.55,0.6800001,1.565,2.518,84.23,1.28797,114.8695,176.509,1.177415,160.0,166.1,162.3,211.8,298.2495,171.6,84.0,199.2,119.0,184.8,327.0,165.0,115.1,233.2,200.4,191.0,192.6,113.279,89.54414,114.9417,118.1009,17.74,19.57,16.69,63.2
11/01/2005,9355.1,8013.8,78.65828,942806.0,332988.0,108.1877,109.1633,109.2443,105.6148,105.5737,105.5344,118.3877,106.9443,118.0674,101.8969,110.2126,101.271,111.4147,60.6,79.4239,38.0,0.374,142564.0,140357.0,5.0,17.5,2816.0,2240.0,2498.0,1119.0,1379.0,315.9,112864.0,22393.0,582.1,7546.0,14200.0,8964.0,5236.0,112338.0,26121.0,5812.9,15358.3,8243.0,21867.0,40.4,4.6,40.9,56.1,2147.0,198.0,390.0,1003.0,556.0,2218.0,213.0,359.0,1071.0,575.0,56.3,59.3,57.0,48.4,247075.0,234611.0,53385.0,560223.0,1243.78,1.32,1376.3,6662.4,720.0,58.9673,783954.0,45264.0,45138.0,723487.4,37.5,1457119.0,21.56,1237.369,1402.829,1.85,19.11,4.0,4.23,3.88,4.15,4.33,4.45,4.54,5.415,6.39,0.23,-0.1199999,0.1500001,0.3299999,0.4499998,0.54,1.415,2.39,85.74,1.31104,118.454,173.491,1.181545,158.6,164.3,159.8,209.4,297.4845,176.6,74.0,198.3,119.3,177.4,328.8,162.0,115.0,234.2,199.2,189.5,191.6,112.9846,89.40763,113.1748,118.522,17.73,19.55,16.68,69.6
12/01/2005,9418.7,8078.2,78.98032,946915.0,333860.0,108.7646,109.457,109.6084,106.2127,104.1974,106.7856,118.3602,107.8877,118.2899,102.4571,110.1495,107.8302,110.6769,59.0,79.2746,38.0,0.388,142778.0,140643.0,4.8,17.5,2614.0,2218.0,2436.0,1073.0,1363.0,314.3,112996.0,22402.0,586.7,7545.0,14205.0,8973.0,5232.0,112481.0,26129.0,5821.2,15356.9,8250.0,21887.0,40.2,4.6,40.8,53.7,1994.0,167.0,292.0,1104.0,431.0,2120.0,208.0,325.0,1066.0,521.0,54.4,59.5,52.4,47.2,247832.0,232232.0,52663.0,568260.0,1250.12,1.32,1374.5,6689.1,723.9,59.20606,787313.0,45144.0,44976.0,705306.6,-218.2,1459913.0,21.46,1262.072,1432.066,1.84,18.92,4.16,4.37,3.89,4.18,4.35,4.39,4.47,5.369524,6.320952,0.21,-0.2699997,0.02,0.1900001,0.23,0.3099999,1.209524,2.160953,85.11,1.305324,118.4624,174.5805,1.161481,159.4,165.4,160.1,201.8,300.6328,182.8,63.0,198.2,118.5,176.6,329.4,161.7,114.9,234.5,199.2,189.1,191.5,112.98,89.31558,112.9688,118.6451,17.77,19.63,16.69,80.2
01/01/2006,9485.8,8084.9,79.25145,958889.0,343606.0,108.8216,109.0705,109.0748,105.231,105.5299,105.0389,119.5485,108.5183,119.1386,104.2188,110.9369,94.4204,113.3661,59.1,79.7408,38.0,0.401,143086.0,140901.0,4.7,16.9,2526.0,2219.0,2256.0,1087.0,1169.0,292.7,113263.0,22482.0,591.4,7612.0,14214.0,8985.0,5229.0,112633.0,26164.0,5841.6,15351.9,8272.0,21852.0,40.4,4.6,41.0,53.1,2273.0,224.0,370.0,1146.0,533.0,2212.0,211.0,350.0,1090.0,561.0,54.8,59.7,54.9,47.1,250544.0,214469.0,45433.0,562066.0,1254.3,1.312,1379.5,6732.0,729.2,59.31302,791767.0,44493.0,44383.0,722260.9,203.5,1468365.0,21.39,1278.724,1452.53,1.83,19.15,4.29,4.48,4.24,4.31,4.45,4.35,4.42,5.2945,6.237,0.1900001,-0.0500002,0.02,0.1599998,0.0599999,0.1300001,1.0045,1.947,83.71,1.277325,115.4765,176.859,1.157165,160.6,166.8,162.1,200.0,308.2875,187.5,65.0,199.4,118.9,179.4,329.8,163.0,115.0,235.4,200.4,190.6,192.7,113.4995,89.29733,114.0248,119.0238,17.78,19.61,16.7,78.9
02/01/2006,9511.9,8109.6,79.63418,953788.0,341328.0,108.7387,108.9389,109.0655,105.0422,104.5371,105.118,120.0255,108.4993,119.046,103.0059,110.4804,97.4565,113.083,58.2,79.3174,39.0,0.405,143362.0,141118.0,4.7,17.8,2576.0,2090.0,2506.0,1176.0,1330.0,295.4,113511.0,22544.0,596.5,7674.0,14209.0,8986.0,5223.0,112844.0,26180.0,5853.9,15348.9,8295.0,21877.0,40.5,4.6,41.1,53.5,2119.0,189.0,329.0,1033.0,568.0,2141.0,205.0,354.0,1030.0,552.0,55.0,61.1,52.4,50.0,251004.0,226667.0,46696.0,566301.0,1253.34,1.312,1380.9,6758.4,733.6,59.53368,796502.0,44273.0,44220.0,722375.4,1.4,1469976.0,21.34,1276.645,1449.225,1.86,18.9,4.49,4.63,4.43,4.52,4.68,4.57,4.57,5.347895,6.27,0.1400003,-0.0599999,0.0300002,0.1900001,0.0800004,0.0800004,0.8578949,1.78,84.52,1.305216,117.8605,174.7995,1.148895,158.8,164.2,161.5,183.2,311.5642,193.3,62.5,199.3,118.1,178.4,331.2,162.5,114.9,235.9,200.3,190.3,192.6,113.5223,89.23065,113.6282,119.2848,17.81,19.67,16.7,74.5
03/01/2006,9519.5,8112.6,79.75843,955653.0,341288.0,108.9974,109.5295,109.7718,105.7758,105.1255,105.9001,121.1538,108.3316,119.1106,102.4368,110.4999,103.309,109.8748,58.4,79.2404,37.0,0.388,143619.0,141451.0,4.7,16.8,2704.0,2012.0,2327.0,1049.0,1278.0,303.4,113748.0,22563.0,603.0,7686.0,14208.0,8999.0,5209.0,113084.0,26222.0,5871.2,15374.4,8313.0,21899.0,40.4,4.5,41.1,53.1,1969.0,169.0,296.0,1017.0,487.0,2118.0,211.0,323.0,1070.0,514.0,54.3,57.9,53.6,48.3,252138.0,234348.0,51497.0,577465.0,1260.32,1.315,1385.1,6773.6,736.3,59.57244,798972.0,44067.0,43898.0,728445.3,72.8,1470580.0,21.29,1293.741,1467.209,1.85,18.13,4.59,4.79,4.51,4.62,4.77,4.72,4.72,5.525218,6.411304,0.1999998,-0.0799999,0.0299997,0.1799998,0.1299996,0.1299996,0.9352174,1.821304,84.5,1.305017,117.2778,174.4187,1.157309,159.3,164.8,161.6,178.6,310.8413,195.8,66.5,199.6,118.9,177.6,332.6,162.4,114.8,236.5,200.5,190.2,192.8,113.7036,89.10192,113.6984,119.6014,17.83,19.67,16.73,76.0
04/01/2006,9516.3,8127.4,80.04008,952535.0,343149.0,109.4348,109.8517,110.2017,105.5693,104.9016,105.7004,123.6303,108.9186,119.8074,102.9854,111.0786,101.0548,106.5309,59.3,79.5684,34.0,0.354,143791.0,141557.0,4.7,16.7,2662.0,2133.0,2339.0,1014.0,1324.0,307.0,113882.0,22601.0,611.9,7707.0,14216.0,9015.0,5201.0,113193.0,26218.0,5881.6,15340.8,8335.0,21912.0,40.6,4.6,41.2,54.5,1821.0,180.0,341.0,873.0,427.0,1998.0,184.0,283.0,1017.0,514.0,55.9,57.4,57.4,51.0,249947.0,224426.0,48541.0,582469.0,1262.78,1.324,1380.3,6792.4,738.4,59.4868,801486.0,44819.0,44572.0,745006.4,198.7,1474871.0,21.2,1302.184,1477.38,1.85,18.54,4.79,4.94,4.6,4.72,4.9,4.9,4.99,5.842105,6.680526,0.1500001,-0.1900001,-0.0700002,0.1100001,0.1100001,0.1999998,1.052105,1.890526,83.33,1.283,117.07,176.8,1.1441,160.4,166.2,163.0,183.1,319.2337,210.6,71.5,200.6,119.6,181.0,333.9,163.8,114.8,237.0,201.7,191.3,193.7,114.1833,89.15459,114.6944,119.9284,17.87,19.71,16.75,73.4
05/01/2006,9493.1,8098.4,80.2635,955317.0,339286.0,109.3408,109.589,110.0084,105.3466,104.0624,105.6839,123.4916,109.0432,119.6289,102.9391,110.7949,100.2002,111.3339,56.5,79.281,33.0,0.348,144088.0,141859.0,4.7,17.1,2548.0,2199.0,2304.0,968.0,1336.0,332.6,113898.0,22566.0,614.0,7695.0,14190.0,9005.0,5185.0,113250.0,26206.0,5892.8,15308.2,8334.0,21918.0,40.3,4.5,41.1,52.3,1942.0,193.0,288.0,954.0,507.0,1905.0,167.0,288.0,953.0,497.0,53.8,54.3,57.6,48.4,253462.0,223086.0,47548.0,582206.0,1267.97,1.323,1384.2,6802.9,741.3,59.41134,805086.0,44717.0,44542.0,754240.9,110.8,1481300.0,21.3,1290.001,1455.83,1.9,18.12,4.94,5.05,4.72,4.82,5.0,5.0,5.11,5.951364,6.745454,0.1100001,-0.2200003,-0.1199999,0.0599999,0.0599999,0.1700001,1.011364,1.805454,80.02,1.219,111.73,186.87,1.11,160.5,166.2,164.7,186.0,330.7664,234.9,77.0,201.3,119.7,182.5,335.1,164.4,114.8,237.8,202.5,191.9,194.5,114.5051,89.10062,115.1725,120.2673,17.91,19.84,16.76,68.2
06/01/2006,9547.5,8147.6,80.33501,953756.0,340661.0,109.8664,110.118,110.7257,106.0515,104.6588,106.4246,124.37,109.5654,120.1245,103.1183,111.2172,103.1904,114.1205,54.8,79.5005,32.0,0.338,144369.0,142006.0,4.6,16.7,2678.0,2083.0,2135.0,979.0,1156.0,308.6,113996.0,22570.0,619.1,7686.0,14200.0,9017.0,5183.0,113340.0,26236.0,5897.6,15325.3,8320.0,21914.0,40.6,4.5,41.2,49.2,1802.0,166.0,288.0,902.0,446.0,1867.0,172.0,286.0,929.0,480.0,52.7,56.1,55.3,48.2,254139.0,228439.0,48642.0,587734.0,1272.3,1.333,1375.4,6831.9,740.9,59.51544,805165.0,45243.0,44990.0,760688.6,77.4,1484770.0,21.23,1253.123,1411.255,1.96,17.16,4.99,5.25,4.79,4.97,5.16,5.07,5.11,5.891364,6.779545,0.2600002,-0.1999998,-0.02,0.1700001,0.0800004,0.1200004,0.9013638,1.789546,81.0,1.2321,114.63,184.35,1.1137,161.4,167.3,165.6,180.6,332.2509,231.0,76.5,201.9,120.0,183.3,336.0,165.0,114.6,238.4,203.1,192.4,195.0,114.7921,88.83635,115.5837,120.6306,17.99,20.01,16.78,72.0
07/01/2006,9526.7,8121.9,80.79203,955740.0,343423.0,110.1428,110.1798,110.7025,105.5427,102.1893,106.5698,125.9662,110.1186,120.5643,103.4404,111.3144,104.8613,112.2804,56.1,79.4887,31.0,0.32,144295.0,142116.0,4.7,17.1,2711.0,2142.0,2310.0,994.0,1316.0,316.2,114180.0,22566.0,623.9,7700.0,14177.0,9000.0,5177.0,113606.0,26269.0,5907.8,15333.5,8328.0,21992.0,40.7,4.5,41.4,51.2,1737.0,150.0,291.0,876.0,420.0,1763.0,172.0,277.0,898.0,416.0,53.4,55.1,55.2,49.5,249327.0,219991.0,49037.0,592245.0,1274.89,1.335,1370.7,6857.4,740.7,59.52156,804246.0,44196.0,43845.0,757638.3,-36.6,1492296.0,21.32,1260.239,1416.967,1.94,17.41,5.24,5.37,4.95,5.06,5.22,5.04,5.09,5.85,6.762,0.1300001,-0.29,-0.1799998,-0.02,-0.1999998,-0.1499996,0.6100001,1.522,81.39,1.2376,115.77,184.43,1.1294,161.0,167.1,166.0,185.3,337.812,234.1,78.5,202.9,119.0,186.8,336.9,166.3,114.8,239.2,204.2,193.6,196.1,115.2087,88.87319,116.4442,120.9153,18.01,20.06,16.78,72.5
08/01/2006,9538.2,8124.7,80.53452,959978.0,343165.0,110.2365,110.4176,111.1852,106.085,103.7534,106.7709,126.3064,110.0271,120.7136,103.7357,111.6624,103.3157,113.3792,54.5,79.6551,29.0,0.302,144671.0,142492.0,4.7,17.1,2595.0,2273.0,2326.0,1017.0,1309.0,316.6,114353.0,22573.0,627.1,7722.0,14160.0,8993.0,5167.0,113790.0,26290.0,5918.2,15342.3,8333.0,22010.0,40.5,4.4,41.2,53.7,1650.0,160.0,248.0,842.0,400.0,1722.0,166.0,272.0,871.0,413.0,53.5,54.2,55.1,49.9,250841.0,216314.0,46110.0,589989.0,1279.46,1.336,1370.1,6878.1,741.7,59.50365,804572.0,42870.0,42501.0,762366.9,56.7,1498911.0,21.35,1287.151,1450.795,1.92,17.52,5.25,5.29,4.96,4.97,5.08,4.82,4.88,5.683043,6.588261,0.04,-0.29,-0.2800002,-0.1700001,-0.4299998,-0.3699999,0.4330435,1.338261,80.69,1.2318,115.92,189.41,1.1182,162.3,168.7,167.1,190.4,341.1087,232.1,73.0,203.8,119.9,188.2,338.0,167.2,114.7,240.0,205.1,194.4,196.9,115.5912,88.88739,117.0886,121.2556,18.07,20.12,16.83,68.0
09/01/2006,9610.2,8189.6,80.63681,952791.0,344010.0,109.8273,110.1117,111.0046,105.8783,102.7835,106.8168,126.1988,109.4849,120.3106,103.2449,111.4521,99.1092,115.5073,54.5,79.4203,29.0,0.312,144846.0,142742.0,4.5,17.3,2584.0,2066.0,2258.0,1003.0,1254.0,319.4,114472.0,22564.0,630.8,7732.0,14138.0,8984.0,5154.0,113964.0,26316.0,5930.5,15346.4,8355.0,22056.0,40.2,4.3,41.1,49.5,1720.0,142.0,268.0,931.0,379.0,1655.0,164.0,248.0,837.0,406.0,51.9,54.3,53.8,47.2,247136.0,238137.0,56977.0,611239.0,1283.17,1.349,1361.0,6901.5,741.6,59.8395,804822.0,43139.0,42736.0,757943.0,-53.1,1502116.0,21.31,1317.805,1485.317,1.87,17.67,5.25,5.25,4.81,4.89,4.97,4.67,4.72,5.509,6.43,0.0,-0.4400001,-0.3600001,-0.2800002,-0.5799999,-0.5300002,0.2589998,1.18,81.1,1.2455,117.21,188.39,1.1161,160.0,165.3,164.7,183.2,341.85,230.7,61.0,202.9,120.4,181.5,339.1,164.7,114.3,240.8,204.0,193.0,196.0,115.3335,88.42269,115.6918,121.6411,18.1,20.19,16.84,78.2
10/01/2006,9688.0,8310.5,81.13406,959465.0,346983.0,109.7437,110.1682,111.1061,106.0459,100.6422,107.7473,125.9925,109.2203,119.5195,102.6665,110.8858,105.619,111.302,53.0,78.9283,29.0,0.319,145395.0,143256.0,4.4,16.4,2603.0,2066.0,2094.0,1005.0,1088.0,316.1,114539.0,22502.0,636.7,7713.0,14090.0,8959.0,5131.0,114099.0,26352.0,5931.5,15372.3,8351.0,22062.0,40.6,4.2,41.2,50.5,1491.0,144.0,228.0,735.0,384.0,1570.0,152.0,238.0,808.0,372.0,51.1,52.4,50.7,48.8,245320.0,218188.0,49790.0,616329.0,1283.02,1.338,1367.9,6954.0,742.7,60.46364,805193.0,42853.0,42624.0,746520.8,-137.1,1499557.0,21.12,1363.385,1534.678,1.83,18.26,5.25,5.24,4.92,4.92,5.01,4.69,4.73,5.51,6.424286,-0.0100002,-0.3299999,-0.3299999,-0.2399998,-0.5599999,-0.52,0.2600002,1.174286,81.95,1.2602,118.61,187.65,1.1285,158.1,162.9,162.8,167.2,347.1832,229.1,47.0,201.9,119.8,175.7,340.0,162.4,114.0,241.0,202.7,191.1,194.9,115.0113,88.41647,114.2092,121.8385,18.19,20.28,16.9,84.8
11/01/2006,9726.3,8344.2,81.27142,954648.0,349583.0,109.5274,110.1074,111.2673,106.1597,101.6873,107.552,126.4536,108.8029,119.0272,102.0858,110.7557,105.0663,110.7805,48.8,78.742,29.0,0.315,145583.0,143384.0,4.5,16.2,2501.0,2148.0,2176.0,1038.0,1137.0,328.1,114710.0,22442.0,638.6,7686.0,14055.0,8931.0,5124.0,114341.0,26427.0,5947.7,15413.5,8352.0,22073.0,40.5,4.1,41.0,49.3,1570.0,151.0,228.0,833.0,358.0,1535.0,147.0,234.0,801.0,353.0,49.7,49.5,52.6,48.5,247613.0,223764.0,48922.0,625288.0,1285.74,1.347,1371.0,6989.9,745.6,60.72031,808269.0,43100.0,42940.0,765359.8,226.1,1508906.0,21.2,1388.633,1566.694,1.8,18.28,5.25,5.24,4.94,4.95,5.01,4.58,4.6,5.330952,6.20381,-0.0100002,-0.3099999,-0.3000002,-0.2399998,-0.6700001,-0.6500001,0.0809522,0.9538097,81.0,1.2356,117.32,191.25,1.1359,160.1,165.2,163.4,187.4,354.578,229.7,53.5,202.1,119.6,175.4,340.7,162.2,113.6,241.8,203.0,191.2,195.1,115.1163,88.13621,114.1923,122.1067,18.23,20.39,16.9,83.2
12/01/2006,9767.1,8363.9,81.62843,962482.0,351744.0,110.1754,110.6709,111.774,106.2992,103.0293,107.2937,128.0041,109.5598,119.8859,103.5752,111.8233,98.0256,111.5915,53.5,79.4011,33.0,0.362,145949.0,143670.0,4.4,16.1,2650.0,2013.0,2094.0,994.0,1099.0,320.7,114899.0,22436.0,643.3,7697.0,14033.0,8925.0,5108.0,114546.0,26456.0,5969.2,15412.8,8356.0,22083.0,40.8,4.2,41.1,50.1,1649.0,176.0,234.0,802.0,437.0,1638.0,172.0,246.0,831.0,389.0,51.5,52.9,52.7,48.4,251698.0,224997.0,52394.0,631099.0,1284.84,1.334,1366.5,7031.9,748.9,60.84259,811824.0,43317.0,43126.0,800802.4,425.3,1512064.0,21.09,1416.42,1596.949,1.79,18.06,5.24,5.24,4.85,4.88,4.94,4.53,4.56,5.3225,6.2185,0.0,-0.3899999,-0.3599997,-0.2999997,-0.7099996,-0.6799998,0.0825005,0.9785004,80.22,1.2099,117.32,196.29,1.1532,161.1,166.5,164.6,192.3,359.346,230.6,47.5,203.3,119.6,179.2,341.3,163.8,113.3,242.4,204.3,192.5,196.3,115.5753,87.84263,115.3189,122.4178,18.33,20.46,16.99,81.2
01/01/2007,9828.5,8362.8,81.97046,958935.0,352467.0,109.7791,110.1973,111.1982,106.1834,100.1554,108.0822,125.2223,109.2632,119.5999,102.8056,111.1324,101.7574,114.7837,51.5,78.8056,31.0,0.326,145915.0,143691.0,4.6,16.5,2596.0,2298.0,2133.0,995.0,1138.0,314.9,115005.0,22447.0,644.2,7726.0,14015.0,8897.0,5118.0,114661.0,26493.0,5967.7,15447.4,8349.0,22103.0,40.3,4.1,40.9,50.1,1382.0,173.0,190.0,693.0,326.0,1585.0,186.0,261.0,760.0,378.0,49.3,52.4,52.3,40.4,247382.0,213433.0,43712.0,633597.0,1282.2,1.342,1372.2,7081.8,750.5,61.12137,813438.0,42155.0,41944.0,792818.1,-95.8,1518351.0,21.06,1424.163,1604.654,1.81,18.18,5.25,5.24,4.98,4.95,5.06,4.75,4.76,5.401905,6.342857,-0.0100002,-0.27,-0.3000002,-0.1900001,-0.5,-0.4899998,0.1519046,1.092857,81.77,1.2431,120.45,195.87,1.1763,160.9,166.1,164.2,181.3,358.844,225.2,53.0,203.552,119.987,177.89,343.845,163.635,112.98,243.155,204.452,192.583,196.452,115.8645,87.68212,115.5102,122.8745,18.37,20.57,17.02,87.6
02/01/2007,9880.3,8406.7,82.22816,955086.0,354174.0,110.5181,111.2489,112.6039,108.009,101.657,110.011,125.5434,109.5965,119.8322,102.7408,111.2524,117.5601,111.6273,54.6,78.7782,30.0,0.325,145888.0,143535.0,4.5,16.6,2567.0,2181.0,2151.0,935.0,1216.0,324.8,115006.0,22322.0,649.0,7623.0,13988.0,8883.0,5105.0,114811.0,26516.0,5980.6,15460.0,8347.0,22127.0,40.2,4.1,40.9,50.9,1486.0,138.0,163.0,798.0,387.0,1580.0,142.0,207.0,817.0,414.0,51.5,55.4,51.1,45.3,247194.0,218483.0,46236.0,640125.0,1283.32,1.34,1367.1,7109.0,751.0,61.2051,813346.0,42352.0,42323.0,802742.3,119.1,1521539.0,20.94,1444.795,1626.609,1.82,17.75,5.26,5.23,5.03,4.96,5.05,4.71,4.72,5.386842,6.275789,-0.0300002,-0.23,-0.3000002,-0.21,-0.5500002,-0.5400004,0.126842,1.015789,81.49,1.2393,120.5,195.89,1.171,162.9,168.6,165.5,197.6,366.471,224.2,59.0,204.158,120.563,177.528,345.477,163.971,112.869,244.05,204.931,193.178,197.014,116.1504,87.79585,115.8038,123.2001,18.39,20.59,17.06,81.5
03/01/2007,9919.8,8439.9,82.11804,962892.0,355267.0,110.4036,110.7965,111.9167,106.9484,102.2,108.4252,126.5134,109.9197,120.9211,103.7292,112.0039,104.2609,113.6523,54.0,79.1903,29.0,0.319,146145.0,143966.0,4.4,17.2,2338.0,2156.0,2183.0,976.0,1207.0,311.3,115167.0,22362.0,653.2,7694.0,13953.0,8863.0,5090.0,114948.0,26584.0,5984.0,15519.9,8333.0,22143.0,40.6,4.3,41.2,49.2,1492.0,132.0,232.0,754.0,374.0,1578.0,163.0,238.0,768.0,409.0,50.7,51.5,51.4,47.3,247663.0,223271.0,52636.0,649155.0,1279.6,1.33,1369.3,7159.4,752.5,61.4137,814905.0,42235.0,42181.0,817225.7,173.8,1528520.0,20.89,1406.951,1590.752,1.89,17.12,5.26,5.22,4.94,4.89,4.92,4.48,4.56,5.303637,6.267727,-0.0400004,-0.3200002,-0.3700004,-0.3400002,-0.7800002,-0.7000003,0.0436363,1.007727,80.53,1.2178,117.26,194.74,1.1682,164.4,170.7,167.1,202.6,381.3641,230.1,65.5,205.098,119.423,180.76,345.873,165.349,112.901,244.551,205.914,194.435,197.967,116.5766,87.67807,116.7393,123.5066,18.49,20.7,17.11,78.7
04/01/2007,9861.5,8419.1,82.40166,965251.0,353106.0,110.953,111.265,112.4442,107.5076,103.9943,108.5796,126.8703,110.5737,121.9722,104.1372,112.4392,107.2855,109.6246,56.7,79.3719,29.0,0.315,145713.0,143678.0,4.5,17.0,2442.0,2147.0,2259.0,1066.0,1193.0,321.3,115195.0,22300.0,656.3,7660.0,13922.0,8847.0,5075.0,115056.0,26571.0,5999.8,15487.0,8315.0,22161.0,40.5,4.2,41.1,52.3,1487.0,163.0,207.0,732.0,385.0,1489.0,162.0,226.0,735.0,366.0,52.8,58.1,50.4,46.4,251081.0,227432.0,52400.0,660184.0,1279.99,1.326,1377.2,7206.8,754.4,61.65525,817149.0,42659.0,42580.0,817431.1,2.5,1531351.0,20.93,1463.648,1660.723,1.84,17.93,5.25,5.23,4.87,4.86,4.93,4.59,4.69,5.467143,6.393333,-0.02,-0.3800001,-0.3899999,-0.3200002,-0.6599998,-0.5599999,0.2171431,1.143333,79.31,1.2124,118.9324,198.79,1.135,165.5,172.2,168.9,204.7,388.9045,243.6,73.0,205.751,119.098,181.895,347.289,165.941,112.732,245.27,206.565,195.019,198.585,116.8887,87.47335,117.1933,123.8793,18.56,20.76,17.2,75.9
05/01/2007,9853.8,8411.2,82.57298,970266.0,357497.0,110.9686,111.1676,112.3997,107.2929,103.6063,108.42,127.2332,110.7354,122.4496,103.953,112.6156,105.4064,111.5299,57.2,79.3642,27.0,0.292,145913.0,143799.0,4.5,16.6,2467.0,2187.0,2236.0,1099.0,1137.0,308.5,115332.0,22272.0,658.4,7643.0,13910.0,8832.0,5078.0,115246.0,26593.0,6011.7,15500.3,8322.0,22186.0,40.5,4.1,41.1,51.4,1436.0,165.0,246.0,699.0,326.0,1522.0,148.0,230.0,775.0,369.0,52.8,58.6,50.7,46.1,251535.0,221569.0,48786.0,664459.0,1279.11,1.316,1374.8,7227.0,755.4,61.6196,818712.0,43114.0,43010.0,828817.8,136.6,1540803.0,21.02,1511.137,1716.515,1.81,18.25,5.25,5.23,4.73,4.78,4.91,4.67,4.75,5.474545,6.385455,-0.02,-0.52,-0.4699998,-0.3400002,-0.5799999,-0.5,0.2245455,1.135455,78.88,1.2211,120.7732,198.42,1.0951,166.5,173.4,170.6,206.8,396.7932,249.3,71.0,206.7,118.712,184.518,348.502,167.175,112.5,245.915,207.557,196.126,199.516,117.2841,87.28732,118.0523,124.1919,18.63,20.91,17.23,77.6
06/01/2007,9882.8,8441.7,82.56653,964686.0,354315.0,111.3551,111.643,112.9309,107.5793,105.0321,108.3352,128.2822,111.0058,123.5146,103.8873,113.206,103.2922,111.3451,62.0,79.642,26.0,0.275,146087.0,144066.0,4.6,16.8,2505.0,2140.0,2296.0,1136.0,1159.0,318.5,115423.0,22267.0,659.6,7656.0,13890.0,8816.0,5074.0,115358.0,26600.0,6030.0,15483.9,8317.0,22202.0,40.7,4.3,41.4,50.8,1458.0,155.0,234.0,719.0,350.0,1433.0,155.0,223.0,718.0,337.0,53.4,58.5,50.0,45.8,250292.0,221799.0,51765.0,671157.0,1278.77,1.325,1365.4,7243.6,756.0,61.62226,820080.0,43607.0,43420.0,853568.3,297.0,1547398.0,21.02,1514.49,1734.002,1.81,18.14,5.25,5.25,4.61,4.76,4.96,5.03,5.1,5.794762,6.697143,0.0,-0.6399999,-0.4899998,-0.29,-0.2199998,-0.1500001,0.5447617,1.447143,78.78,1.233,122.69,198.67,1.0651,166.6,173.5,171.3,208.5,405.0833,247.8,68.0,207.246,118.286,184.829,349.516,167.492,112.401,246.69,208.017,196.555,200.039,117.5484,87.33965,118.2193,124.5647,18.68,20.94,17.28,74.7
07/01/2007,9920.3,8469.9,82.73382,973244.0,356671.0,112.0024,112.1663,113.6521,108.1865,105.7729,108.898,129.6301,111.814,125.3515,103.8839,114.0596,102.7968,111.7408,54.9,80.1004,25.0,0.26,146045.0,144096.0,4.7,17.3,2496.0,2220.0,2402.0,1091.0,1311.0,308.6,115512.0,22242.0,666.3,7632.0,13884.0,8817.0,5067.0,115440.0,26617.0,6040.7,15489.1,8331.0,22170.0,40.6,4.2,41.4,50.3,1371.0,154.0,239.0,644.0,334.0,1386.0,155.0,208.0,686.0,337.0,52.3,56.9,51.7,47.7,255901.0,233158.0,54188.0,685142.0,1281.51,1.319,1368.0,7267.5,758.0,61.71893,821336.0,41783.0,41521.0,862114.2,102.6,1556200.0,21.06,1520.705,1761.608,1.8,18.35,5.26,5.25,4.82,4.83,4.96,4.88,5.0,5.732857,6.652381,-0.0100002,-0.4400001,-0.4300003,-0.3000002,-0.3800001,-0.2600002,0.472857,1.392381,77.42,1.2069,121.41,203.55,1.0502,167.5,174.6,172.5,209.2,410.7124,250.0,65.0,207.708,118.711,185.336,351.547,167.852,112.329,247.227,208.452,196.986,200.437,117.7516,87.18854,118.5767,124.7764,18.69,20.94,17.3,81.5
08/01/2007,9966.4,8504.4,83.01067,977926.0,358468.0,111.9712,111.9919,113.3751,107.9205,104.6247,108.9153,129.3593,111.9684,125.0907,103.1673,113.5755,106.0678,112.7839,54.8,79.6174,23.0,0.239,145753.0,143928.0,4.7,16.9,2610.0,2201.0,2375.0,1124.0,1252.0,325.3,115544.0,22176.0,667.2,7605.0,13844.0,8792.0,5052.0,115580.0,26640.0,6047.1,15502.3,8312.0,22212.0,40.6,4.2,41.3,50.9,1337.0,98.0,240.0,696.0,303.0,1343.0,147.0,197.0,640.0,359.0,51.2,54.5,50.3,45.4,253711.0,222117.0,47707.0,692398.0,1281.58,1.316,1369.5,7319.2,758.1,62.10403,824451.0,44870.0,43895.0,869817.9,92.4,1569696.0,21.15,1454.616,1689.835,1.92,17.39,5.02,5.3,4.2,4.38,4.47,4.43,4.67,5.787391,6.652174,0.2800002,-0.8200002,-0.6399999,-0.5500002,-0.5900002,-0.3499999,0.7673912,1.632174,77.25,1.2027,116.73,201.1,1.0579,166.1,172.8,170.9,201.8,405.9722,247.5,63.0,207.749,118.141,184.306,353.207,167.539,112.401,247.602,208.35,196.869,200.416,117.8539,86.9105,118.393,125.1297,18.73,21.01,17.33,73.7
09/01/2007,9980.4,8522.0,83.11861,977810.0,361581.0,112.2598,112.4532,113.9595,108.3854,103.5232,109.8804,130.5185,112.0331,125.2808,103.7513,113.9732,107.4215,113.2242,54.1,79.7527,24.0,0.246,146260.0,144259.0,4.7,16.6,2537.0,2330.0,2392.0,1112.0,1280.0,318.4,115610.0,22138.0,667.4,7589.0,13822.0,8778.0,5044.0,115699.0,26649.0,6055.6,15487.3,8294.0,22227.0,40.6,4.2,41.4,51.5,1185.0,143.0,170.0,597.0,275.0,1277.0,138.0,205.0,636.0,298.0,50.5,53.6,51.7,41.7,248543.0,219095.0,50057.0,700497.0,1284.38,1.32,1366.1,7346.5,759.2,62.10654,821885.0,42698.0,41132.0,889091.4,231.3,1577940.0,21.16,1497.116,1750.663,1.88,17.62,4.94,5.19,3.89,4.05,4.14,4.2,4.52,5.737369,6.592105,0.25,-1.05,-0.8899999,-0.8000002,-0.7400002,-0.4200001,0.7973685,1.652105,75.63,1.1852,115.04,201.84,1.0267,167.0,173.9,170.9,203.7,410.959,244.1,59.0,208.509,118.336,185.564,354.536,168.303,112.189,248.351,209.072,197.638,201.148,118.2887,86.72363,119.0535,125.6131,18.78,21.12,17.34,74.1
10/01/2007,9991.7,8544.2,83.16691,986580.0,360885.0,111.8262,111.5695,112.9503,107.2997,102.4462,108.7924,129.9031,112.1801,125.4667,102.9435,113.4996,103.6501,112.9992,50.1,79.2445,22.0,0.224,146016.0,143933.0,4.8,17.0,2508.0,2454.0,2367.0,1052.0,1315.0,330.0,115715.0,22101.0,667.8,7577.0,13797.0,8761.0,5036.0,115876.0,26644.0,6069.8,15469.1,8283.0,22262.0,40.6,4.1,41.2,51.8,1275.0,161.0,204.0,629.0,281.0,1182.0,145.0,185.0,554.0,298.0,50.4,52.8,50.7,46.5,251854.0,219694.0,48746.0,708693.0,1283.59,1.31,1369.2,7369.7,761.5,62.12446,824742.0,42537.0,42283.0,907314.1,218.7,1575515.0,21.1,1539.659,1807.053,1.84,18.15,4.76,4.91,3.9,4.01,4.1,4.2,4.53,5.660909,6.479546,0.1499996,-0.8600001,-0.75,-0.6600003,-0.5600004,-0.23,0.9009089,1.719545,73.89,1.1741,115.87,204.49,0.9754,167.9,175.1,171.9,211.9,414.1074,248.1,63.0,209.055,118.43,186.134,356.384,168.707,112.084,249.062,209.644,198.248,201.639,118.628,86.78728,119.4545,125.9913,18.77,21.07,17.34,70.1
11/01/2007,9966.4,8534.7,83.46251,974572.0,361523.0,112.2962,111.8021,113.2562,107.4331,102.9189,108.8187,130.213,112.9556,126.4257,103.4551,113.7682,106.7272,113.0654,51.3,79.2903,21.0,0.217,146647.0,144503.0,4.7,17.2,2633.0,2157.0,2398.0,1014.0,1384.0,340.1,115759.0,22049.0,675.0,7520.0,13794.0,8763.0,5031.0,115988.0,26693.0,6075.0,15513.1,8260.0,22278.0,40.7,4.1,41.3,48.4,1179.0,128.0,209.0,587.0,255.0,1187.0,126.0,192.0,594.0,275.0,50.0,52.5,51.5,46.4,250271.0,219067.0,51170.0,715836.0,1281.71,1.316,1365.7,7398.0,761.1,61.98903,825673.0,42679.0,42313.0,916784.1,113.6,1582967.0,21.17,1463.385,1743.862,1.95,17.84,4.49,4.75,3.27,3.46,3.5,3.67,4.15,5.4355,6.395,0.2600002,-1.22,-1.03,-0.9899998,-0.8199997,-0.3399997,0.9455004,1.905,72.08,1.1233,111.07,207.01,0.9672,172.3,180.8,176.9,226.3,412.7852,244.0,67.5,210.93,119.125,192.718,357.745,171.679,112.158,249.821,211.701,200.627,203.518,119.3437,86.61317,121.5728,126.2196,18.84,21.2,17.4,66.2
12/01/2007,9989.0,8541.5,83.42146,967797.0,357817.0,112.4424,111.9022,113.4504,107.4154,102.8635,108.8128,131.0678,113.1609,125.9809,103.724,113.8305,104.9489,112.8456,48.6,79.236,22.0,0.213,146211.0,143933.0,5.0,16.6,2793.0,2330.0,2520.0,1182.0,1338.0,344.6,115745.0,21976.0,677.9,7465.0,13772.0,8739.0,5033.0,116102.0,26658.0,6072.9,15487.8,8252.0,22333.0,40.5,4.0,41.1,48.7,1000.0,101.0,137.0,549.0,213.0,1111.0,134.0,166.0,560.0,251.0,48.4,46.9,52.6,45.4,250773.0,228013.0,53977.0,732043.0,1281.12,1.33,1366.3,7428.0,758.7,62.06968,823387.0,42599.0,27169.0,925570.2,105.4,1583030.0,21.08,1479.228,1771.944,1.93,18.8,4.24,4.76,3.0,3.23,3.26,3.49,4.1,5.492631,6.646842,0.5200005,-1.24,-1.01,-0.9799998,-0.7499998,-0.1399999,1.252632,2.406842,73.35,1.1402,112.45,201.61,1.0021,171.4,179.7,177.2,230.3,413.878,239.7,68.0,211.68,119.24,194.653,358.861,172.46,112.098,250.537,212.548,201.415,204.248,119.672,86.40244,122.2205,126.5282,18.9,21.3,17.41,65.6
